date,state_canonical,age_0_5,age_5_17,age_18_greater,total_enrolments,demo_age_5_17,demo_age_17_,demo_total,bio_age_5_17,bio_age_17_,bio_total,total_system_load,state_population,enrol_per_1000,update_velocity,lifecycle_stage,year,month,month_name,day_of_week,is_weekend
2025-03-01,Andaman & Nicobar,0.0,0.0,0.0,0.0,126.0,1212.0,1338.0,1612.0,1091.0,2703.0,4041.0,397000,0.0,4041.0,Maintenance,2025,3,March,Saturday,1
2025-04-01,Andaman & Nicobar,0.0,0.0,0.0,0.0,0.0,0.0,0.0,1630.0,1114.0,2744.0,2744.0,397000,0.0,2744.0,Maintenance,2025,4,April,Tuesday,0
2025-05-01,Andaman & Nicobar,0.0,0.0,0.0,0.0,0.0,0.0,0.0,982.0,913.0,1895.0,1895.0,397000,0.0,1895.0,Maintenance,2025,5,May,Thursday,0
2025-06-01,Andaman & Nicobar,0.0,0.0,0.0,0.0,0.0,0.0,0.0,845.0,1099.0,1944.0,1944.0,397000,0.0,1944.0,Maintenance,2025,6,June,Sunday,1
2025-07-01,Andaman & Nicobar,0.0,0.0,0.0,0.0,40.0,398.0,438.0,1095.0,1733.0,2828.0,3266.0,397000,0.0,3266.0,Maintenance,2025,7,July,Tuesday,0
2025-09-01,Andaman & Nicobar,24.0,3.0,0.0,27.0,2.0,104.0,106.0,106.0,69.0,175.0,308.0,397000,0.068,10.04,Maintenance,2025,9,September,Monday,0
2025-09-02,Andaman & Nicobar,9.0,1.0,0.0,10.0,8.0,79.0,87.0,92.0,92.0,184.0,281.0,397000,0.0252,24.64,Maintenance,2025,9,September,Tuesday,0
2025-09-03,Andaman & Nicobar,11.0,1.0,0.0,12.0,4.0,103.0,107.0,87.0,87.0,174.0,293.0,397000,0.0302,21.62,Maintenance,2025,9,September,Wednesday,0
2025-09-04,Andaman & Nicobar,16.0,1.0,0.0,17.0,4.0,53.0,57.0,80.0,55.0,135.0,209.0,397000,0.0428,10.67,Maintenance,2025,9,September,Thursday,0
2025-09-05,Andaman & Nicobar,5.0,0.0,0.0,5.0,7.0,50.0,57.0,73.0,38.0,111.0,173.0,397000,0.0126,28.0,Maintenance,2025,9,September,Friday,0
2025-09-06,Andaman & Nicobar,0.0,0.0,0.0,0.0,0.0,22.0,22.0,5.0,3.0,8.0,30.0,397000,0.0,30.0,Maintenance,2025,9,September,Saturday,1
2025-09-07,Andaman & Nicobar,0.0,0.0,0.0,0.0,0.0,4.0,4.0,0.0,0.0,0.0,4.0,397000,0.0,4.0,Growth,2025,9,September,Sunday,1
2025-09-08,Andaman & Nicobar,13.0,0.0,0.0,13.0,2.0,88.0,90.0,106.0,76.0,182.0,285.0,397000,0.0327,19.43,Maintenance,2025,9,September,Monday,0
2025-09-09,Andaman & Nicobar,9.0,4.0,0.0,13.0,11.0,72.0,83.0,168.0,64.0,232.0,328.0,397000,0.0327,22.5,Maintenance,2025,9,September,Tuesday,0
2025-09-10,Andaman & Nicobar,11.0,1.0,0.0,12.0,0.0,19.0,19.0,173.0,76.0,249.0,280.0,397000,0.0302,20.62,Maintenance,2025,9,September,Wednesday,0
2025-09-11,Andaman & Nicobar,6.0,0.0,0.0,6.0,3.0,66.0,69.0,101.0,65.0,166.0,241.0,397000,0.0151,33.57,Maintenance,2025,9,September,Thursday,0
2025-09-12,Andaman & Nicobar,5.0,0.0,0.0,5.0,6.0,50.0,56.0,120.0,57.0,177.0,238.0,397000,0.0126,38.83,Maintenance,2025,9,September,Friday,0
2025-09-13,Andaman & Nicobar,1.0,0.0,0.0,1.0,2.0,16.0,18.0,14.0,9.0,23.0,42.0,397000,0.0025,20.5,Maintenance,2025,9,September,Saturday,1
2025-09-14,Andaman & Nicobar,0.0,0.0,0.0,0.0,0.0,4.0,4.0,0.0,0.0,0.0,4.0,397000,0.0,4.0,Growth,2025,9,September,Sunday,1
2025-09-15,Andaman & Nicobar,4.0,2.0,0.0,6.0,5.0,65.0,70.0,96.0,55.0,151.0,227.0,397000,0.0151,31.57,Maintenance,2025,9,September,Monday,0
2025-09-16,Andaman & Nicobar,4.0,0.0,0.0,4.0,6.0,34.0,40.0,117.0,32.0,149.0,193.0,397000,0.0101,37.8,Maintenance,2025,9,September,Tuesday,0
2025-09-17,Andaman & Nicobar,4.0,1.0,0.0,5.0,3.0,18.0,21.0,141.0,25.0,166.0,192.0,397000,0.0126,31.17,Maintenance,2025,9,September,Wednesday,0
2025-09-18,Andaman & Nicobar,9.0,0.0,0.0,9.0,9.0,48.0,57.0,171.0,61.0,232.0,298.0,397000,0.0227,28.9,Maintenance,2025,9,September,Thursday,0
2025-09-19,Andaman & Nicobar,7.0,0.0,0.0,7.0,4.0,53.0,57.0,94.0,69.0,163.0,227.0,397000,0.0176,27.5,Maintenance,2025,9,September,Friday,0
2025-09-20,Andaman & Nicobar,1.0,0.0,0.0,1.0,1.0,13.0,14.0,54.0,22.0,76.0,91.0,397000,0.0025,45.0,Maintenance,2025,9,September,Saturday,1
2025-09-22,Andaman & Nicobar,6.0,0.0,0.0,6.0,0.0,0.0,0.0,0.0,0.0,0.0,6.0,397000,0.0151,0.0,Growth,2025,9,September,Monday,0
2025-09-23,Andaman & Nicobar,8.0,0.0,0.0,8.0,0.0,0.0,0.0,0.0,0.0,0.0,8.0,397000,0.0202,0.0,Growth,2025,9,September,Tuesday,0
2025-09-24,Andaman & Nicobar,4.0,2.0,0.0,6.0,0.0,0.0,0.0,0.0,0.0,0.0,6.0,397000,0.0151,0.0,Growth,2025,9,September,Wednesday,0
2025-09-25,Andaman & Nicobar,8.0,0.0,0.0,8.0,0.0,0.0,0.0,0.0,0.0,0.0,8.0,397000,0.0202,0.0,Growth,2025,9,September,Thursday,0
2025-09-26,Andaman & Nicobar,6.0,0.0,0.0,6.0,0.0,0.0,0.0,0.0,0.0,0.0,6.0,397000,0.0151,0.0,Growth,2025,9,September,Friday,0
2025-09-29,Andaman & Nicobar,1.0,0.0,0.0,1.0,0.0,0.0,0.0,0.0,0.0,0.0,1.0,397000,0.0025,0.0,Growth,2025,9,September,Monday,0
2025-10-13,Andaman & Nicobar,10.0,0.0,0.0,10.0,2.0,40.0,42.0,0.0,0.0,0.0,52.0,397000,0.0252,3.82,Growth,2025,10,October,Monday,0
2025-10-15,Andaman & Nicobar,7.0,0.0,0.0,7.0,13.0,83.0,96.0,77.0,42.0,119.0,222.0,397000,0.0176,26.88,Maintenance,2025,10,October,Wednesday,0
2025-10-16,Andaman & Nicobar,3.0,1.0,0.0,4.0,0.0,47.0,47.0,72.0,48.0,120.0,171.0,397000,0.0101,33.4,Maintenance,2025,10,October,Thursday,0
2025-10-17,Andaman & Nicobar,10.0,1.0,0.0,11.0,4.0,29.0,33.0,83.0,31.0,114.0,158.0,397000,0.0277,12.25,Maintenance,2025,10,October,Friday,0
2025-10-18,Andaman & Nicobar,7.0,1.0,0.0,8.0,2.0,18.0,20.0,100.0,58.0,158.0,186.0,397000,0.0202,19.78,Maintenance,2025,10,October,Saturday,1
2025-10-19,Andaman & Nicobar,3.0,1.0,0.0,4.0,11.0,43.0,54.0,31.0,26.0,57.0,115.0,397000,0.0101,22.2,Maintenance,2025,10,October,Sunday,1
2025-10-20,Andaman & Nicobar,1.0,0.0,0.0,1.0,2.0,3.0,5.0,0.0,0.0,0.0,6.0,397000,0.0025,2.5,Growth,2025,10,October,Monday,0
2025-10-21,Andaman & Nicobar,0.0,0.0,0.0,0.0,6.0,22.0,28.0,4.0,7.0,11.0,39.0,397000,0.0,39.0,Maintenance,2025,10,October,Tuesday,0
2025-10-22,Andaman & Nicobar,0.0,0.0,0.0,0.0,0.0,1.0,1.0,0.0,0.0,0.0,1.0,397000,0.0,1.0,Growth,2025,10,October,Wednesday,0
2025-10-23,Andaman & Nicobar,0.0,0.0,0.0,0.0,0.0,3.0,3.0,7.0,6.0,13.0,16.0,397000,0.0,16.0,Maintenance,2025,10,October,Thursday,0
2025-10-24,Andaman & Nicobar,5.0,3.0,0.0,8.0,12.0,71.0,83.0,75.0,48.0,123.0,214.0,397000,0.0202,22.89,Maintenance,2025,10,October,Friday,0
2025-10-25,Andaman & Nicobar,4.0,0.0,0.0,4.0,2.0,18.0,20.0,91.0,49.0,140.0,164.0,397000,0.0101,32.0,Maintenance,2025,10,October,Saturday,1
2025-10-26,Andaman & Nicobar,5.0,0.0,0.0,5.0,0.0,27.0,27.0,119.0,50.0,169.0,201.0,397000,0.0126,32.67,Maintenance,2025,10,October,Sunday,1
2025-10-27,Andaman & Nicobar,3.0,0.0,0.0,3.0,3.0,35.0,38.0,75.0,45.0,120.0,161.0,397000,0.0076,39.5,Maintenance,2025,10,October,Monday,0
2025-10-28,Andaman & Nicobar,5.0,0.0,0.0,5.0,3.0,39.0,42.0,52.0,35.0,87.0,134.0,397000,0.0126,21.5,Maintenance,2025,10,October,Tuesday,0
2025-10-29,Andaman & Nicobar,3.0,0.0,0.0,3.0,6.0,34.0,40.0,88.0,64.0,152.0,195.0,397000,0.0076,48.0,Maintenance,2025,10,October,Wednesday,0
2025-10-30,Andaman & Nicobar,5.0,1.0,0.0,6.0,2.0,26.0,28.0,18.0,12.0,30.0,64.0,397000,0.0151,8.29,Maintenance,2025,10,October,Thursday,0
2025-10-31,Andaman & Nicobar,3.0,0.0,0.0,3.0,7.0,67.0,74.0,48.0,33.0,81.0,158.0,397000,0.0076,38.75,Maintenance,2025,10,October,Friday,0
2025-11-01,Andaman & Nicobar,3.0,0.0,0.0,3.0,6.0,48.0,54.0,31.0,23.0,54.0,111.0,397000,0.0076,27.0,Maintenance,2025,11,November,Saturday,1
2025-11-02,Andaman & Nicobar,2.0,0.0,0.0,2.0,9.0,32.0,41.0,93.0,33.0,126.0,169.0,397000,0.005,55.67,Maintenance,2025,11,November,Sunday,1
2025-11-03,Andaman & Nicobar,3.0,0.0,0.0,3.0,13.0,105.0,118.0,48.0,29.0,77.0,198.0,397000,0.0076,48.75,Maintenance,2025,11,November,Monday,0
2025-11-04,Andaman & Nicobar,0.0,0.0,0.0,0.0,3.0,44.0,47.0,1.0,6.0,7.0,54.0,397000,0.0,54.0,Maintenance,2025,11,November,Tuesday,0
2025-11-05,Andaman & Nicobar,4.0,0.0,0.0,4.0,5.0,39.0,44.0,67.0,39.0,106.0,154.0,397000,0.0101,30.0,Maintenance,2025,11,November,Wednesday,0
2025-11-06,Andaman & Nicobar,3.0,0.0,0.0,3.0,8.0,66.0,74.0,113.0,42.0,155.0,232.0,397000,0.0076,57.25,Maintenance,2025,11,November,Thursday,0
2025-11-07,Andaman & Nicobar,4.0,0.0,0.0,4.0,10.0,85.0,95.0,41.0,21.0,62.0,161.0,397000,0.0101,31.4,Maintenance,2025,11,November,Friday,0
2025-11-08,Andaman & Nicobar,7.0,0.0,0.0,7.0,3.0,27.0,30.0,42.0,41.0,83.0,120.0,397000,0.0176,14.12,Maintenance,2025,11,November,Saturday,1
2025-11-09,Andaman & Nicobar,4.0,0.0,0.0,4.0,6.0,16.0,22.0,24.0,17.0,41.0,67.0,397000,0.0101,12.6,Maintenance,2025,11,November,Sunday,1
2025-11-10,Andaman & Nicobar,5.0,1.0,0.0,6.0,4.0,106.0,110.0,49.0,36.0,85.0,201.0,397000,0.0151,27.86,Maintenance,2025,11,November,Monday,0
2025-11-11,Andaman & Nicobar,12.0,0.0,0.0,12.0,10.0,71.0,81.0,51.0,39.0,90.0,183.0,397000,0.0302,13.15,Maintenance,2025,11,November,Tuesday,0
2025-11-12,Andaman & Nicobar,5.0,0.0,0.0,5.0,2.0,73.0,75.0,59.0,32.0,91.0,171.0,397000,0.0126,27.67,Maintenance,2025,11,November,Wednesday,0
2025-11-13,Andaman & Nicobar,3.0,1.0,0.0,4.0,1.0,71.0,72.0,44.0,57.0,101.0,177.0,397000,0.0101,34.6,Maintenance,2025,11,November,Thursday,0
2025-11-14,Andaman & Nicobar,6.0,0.0,0.0,6.0,2.0,64.0,66.0,25.0,16.0,41.0,113.0,397000,0.0151,15.29,Maintenance,2025,11,November,Friday,0
2025-11-15,Andaman & Nicobar,14.0,0.0,0.0,14.0,5.0,33.0,38.0,14.0,29.0,43.0,95.0,397000,0.0353,5.4,Maintenance,2025,11,November,Saturday,1
2025-11-16,Andaman & Nicobar,5.0,0.0,0.0,5.0,2.0,11.0,13.0,35.0,29.0,64.0,82.0,397000,0.0126,12.83,Maintenance,2025,11,November,Sunday,1
2025-11-17,Andaman & Nicobar,1.0,0.0,0.0,1.0,2.0,36.0,38.0,119.0,53.0,172.0,211.0,397000,0.0025,105.0,Maintenance,2025,11,November,Monday,0
2025-11-18,Andaman & Nicobar,9.0,0.0,0.0,9.0,7.0,89.0,96.0,72.0,49.0,121.0,226.0,397000,0.0227,21.7,Maintenance,2025,11,November,Tuesday,0
2025-11-19,Andaman & Nicobar,15.0,1.0,0.0,16.0,8.0,95.0,103.0,11.0,9.0,20.0,139.0,397000,0.0403,7.24,Maintenance,2025,11,November,Wednesday,0
2025-11-25,Andaman & Nicobar,4.0,0.0,0.0,4.0,5.0,11.0,16.0,250.0,33.0,283.0,303.0,397000,0.0101,59.8,Maintenance,2025,11,November,Tuesday,0
2025-11-26,Andaman & Nicobar,0.0,0.0,0.0,0.0,6.0,55.0,61.0,0.0,0.0,0.0,61.0,397000,0.0,61.0,Maintenance,2025,11,November,Wednesday,0
2025-11-27,Andaman & Nicobar,0.0,0.0,0.0,0.0,12.0,179.0,191.0,0.0,0.0,0.0,191.0,397000,0.0,191.0,Maintenance,2025,11,November,Thursday,0
2025-11-28,Andaman & Nicobar,0.0,0.0,0.0,0.0,7.0,53.0,60.0,0.0,0.0,0.0,60.0,397000,0.0,60.0,Maintenance,2025,11,November,Friday,0
2025-11-29,Andaman & Nicobar,0.0,0.0,0.0,0.0,4.0,20.0,24.0,0.0,0.0,0.0,24.0,397000,0.0,24.0,Maintenance,2025,11,November,Saturday,1
2025-12-01,Andaman & Nicobar,0.0,0.0,0.0,0.0,6.0,77.0,83.0,166.0,41.0,207.0,290.0,397000,0.0,290.0,Maintenance,2025,12,December,Monday,0
2025-12-02,Andaman & Nicobar,0.0,0.0,0.0,0.0,9.0,105.0,114.0,164.0,42.0,206.0,320.0,397000,0.0,320.0,Maintenance,2025,12,December,Tuesday,0
2025-12-03,Andaman & Nicobar,0.0,0.0,0.0,0.0,6.0,154.0,160.0,104.0,13.0,117.0,277.0,397000,0.0,277.0,Maintenance,2025,12,December,Wednesday,0
2025-12-04,Andaman & Nicobar,0.0,0.0,0.0,0.0,6.0,128.0,134.0,148.0,47.0,195.0,329.0,397000,0.0,329.0,Maintenance,2025,12,December,Thursday,0
2025-12-05,Andaman & Nicobar,0.0,0.0,0.0,0.0,7.0,68.0,75.0,107.0,28.0,135.0,210.0,397000,0.0,210.0,Maintenance,2025,12,December,Friday,0
2025-12-06,Andaman & Nicobar,0.0,0.0,0.0,0.0,2.0,23.0,25.0,82.0,24.0,106.0,131.0,397000,0.0,131.0,Maintenance,2025,12,December,Saturday,1
2025-12-07,Andaman & Nicobar,0.0,0.0,0.0,0.0,11.0,51.0,62.0,50.0,19.0,69.0,131.0,397000,0.0,131.0,Maintenance,2025,12,December,Sunday,1
2025-12-08,Andaman & Nicobar,0.0,0.0,0.0,0.0,6.0,43.0,49.0,72.0,24.0,96.0,145.0,397000,0.0,145.0,Maintenance,2025,12,December,Monday,0
2025-12-09,Andaman & Nicobar,0.0,0.0,0.0,0.0,6.0,89.0,95.0,110.0,36.0,146.0,241.0,397000,0.0,241.0,Maintenance,2025,12,December,Tuesday,0
2025-12-10,Andaman & Nicobar,0.0,0.0,0.0,0.0,5.0,72.0,77.0,41.0,12.0,53.0,130.0,397000,0.0,130.0,Maintenance,2025,12,December,Wednesday,0
2025-12-11,Andaman & Nicobar,0.0,0.0,0.0,0.0,10.0,149.0,159.0,95.0,49.0,144.0,303.0,397000,0.0,303.0,Maintenance,2025,12,December,Thursday,0
2025-12-12,Andaman & Nicobar,0.0,0.0,0.0,0.0,12.0,120.0,132.0,78.0,45.0,123.0,255.0,397000,0.0,255.0,Maintenance,2025,12,December,Friday,0
2025-12-13,Andaman & Nicobar,0.0,0.0,0.0,0.0,2.0,66.0,68.0,58.0,32.0,90.0,158.0,397000,0.0,158.0,Maintenance,2025,12,December,Saturday,1
2025-12-14,Andaman & Nicobar,0.0,0.0,0.0,0.0,0.0,18.0,18.0,3.0,1.0,4.0,22.0,397000,0.0,22.0,Maintenance,2025,12,December,Sunday,1
2025-12-15,Andaman & Nicobar,15.0,1.0,0.0,16.0,4.0,84.0,88.0,61.0,43.0,104.0,208.0,397000,0.0403,11.29,Maintenance,2025,12,December,Monday,0
2025-12-16,Andaman & Nicobar,0.0,0.0,0.0,0.0,8.0,75.0,83.0,80.0,38.0,118.0,201.0,397000,0.0,201.0,Maintenance,2025,12,December,Tuesday,0
2025-12-18,Andaman & Nicobar,0.0,0.0,0.0,0.0,1.0,13.0,14.0,0.0,3.0,3.0,17.0,397000,0.0,17.0,Maintenance,2025,12,December,Thursday,0
2025-12-19,Andaman & Nicobar,0.0,0.0,0.0,0.0,2.0,51.0,53.0,23.0,32.0,55.0,108.0,397000,0.0,108.0,Maintenance,2025,12,December,Friday,0
2025-12-20,Andaman & Nicobar,0.0,0.0,0.0,0.0,8.0,74.0,82.0,12.0,20.0,32.0,114.0,397000,0.0,114.0,Maintenance,2025,12,December,Saturday,1
2025-12-21,Andaman & Nicobar,4.0,0.0,0.0,4.0,10.0,64.0,74.0,0.0,0.0,0.0,78.0,397000,0.0101,14.8,Maintenance,2025,12,December,Sunday,1
2025-12-22,Andaman & Nicobar,13.0,0.0,0.0,13.0,8.0,119.0,127.0,0.0,0.0,0.0,140.0,397000,0.0327,9.07,Maintenance,2025,12,December,Monday,0
2025-12-23,Andaman & Nicobar,13.0,0.0,0.0,13.0,5.0,51.0,56.0,0.0,0.0,0.0,69.0,397000,0.0327,4.0,Growth,2025,12,December,Tuesday,0
2025-12-24,Andaman & Nicobar,6.0,1.0,0.0,7.0,2.0,61.0,63.0,0.0,0.0,0.0,70.0,397000,0.0176,7.88,Maintenance,2025,12,December,Wednesday,0
2025-12-25,Andaman & Nicobar,4.0,0.0,0.0,4.0,2.0,25.0,27.0,95.0,107.0,202.0,233.0,397000,0.0101,45.8,Maintenance,2025,12,December,Thursday,0
2025-12-26,Andaman & Nicobar,8.0,0.0,0.0,8.0,4.0,57.0,61.0,38.0,52.0,90.0,159.0,397000,0.0202,16.78,Maintenance,2025,12,December,Friday,0
2025-12-27,Andaman & Nicobar,19.0,0.0,0.0,19.0,1.0,45.0,46.0,50.0,23.0,73.0,138.0,397000,0.0479,5.95,Maintenance,2025,12,December,Saturday,1
2025-12-28,Andaman & Nicobar,23.0,2.0,0.0,25.0,5.0,39.0,44.0,5.0,2.0,7.0,76.0,397000,0.063,1.96,Growth,2025,12,December,Sunday,1
2025-12-29,Andaman & Nicobar,8.0,0.0,0.0,8.0,11.0,102.0,113.0,73.0,67.0,140.0,261.0,397000,0.0202,28.11,Maintenance,2025,12,December,Monday,0
2025-12-31,Andaman & Nicobar,11.0,1.0,0.0,12.0,0.0,0.0,0.0,0.0,0.0,0.0,12.0,397000,0.0302,0.0,Growth,2025,12,December,Wednesday,0
2025-03-01,Andhra Pradesh,0.0,0.0,0.0,0.0,48600.0,464440.0,513040.0,243777.0,159519.0,403296.0,916336.0,49577103,0.0,916336.0,Maintenance,2025,3,March,Saturday,1
2025-03-20,Andhra Pradesh,43.0,44.0,29.0,116.0,0.0,0.0,0.0,0.0,0.0,0.0,116.0,49577103,0.0023,0.0,Growth,2025,3,March,Thursday,0
2025-04-01,Andhra Pradesh,0.0,0.0,0.0,0.0,6699.0,42182.0,48881.0,453882.0,154707.0,608589.0,657470.0,49577103,0.0,657470.0,Maintenance,2025,4,April,Tuesday,0
2025-05-01,Andhra Pradesh,0.0,0.0,0.0,0.0,24392.0,131412.0,155804.0,340643.0,160017.0,500660.0,656464.0,49577103,0.0,656464.0,Maintenance,2025,5,May,Thursday,0
2025-06-01,Andhra Pradesh,928.0,433.0,213.0,1574.0,22824.0,109494.0,132318.0,327497.0,180975.0,508472.0,642364.0,49577103,0.0317,406.85,Maintenance,2025,6,June,Sunday,1
2025-07-01,Andhra Pradesh,473.0,372.0,111.0,956.0,12952.0,74539.0,87491.0,140116.0,194110.0,334226.0,422673.0,49577103,0.0193,440.67,Maintenance,2025,7,July,Tuesday,0
2025-09-01,Andhra Pradesh,1940.0,301.0,13.0,2254.0,1614.0,17241.0,18855.0,4184.0,6897.0,11081.0,32190.0,49577103,0.0455,13.28,Maintenance,2025,9,September,Monday,0
2025-09-02,Andhra Pradesh,1967.0,279.0,29.0,2275.0,1640.0,17779.0,19419.0,5189.0,8888.0,14077.0,35771.0,49577103,0.0459,14.72,Maintenance,2025,9,September,Tuesday,0
2025-09-03,Andhra Pradesh,1884.0,264.0,18.0,2166.0,1572.0,15988.0,17560.0,6690.0,11155.0,17845.0,37571.0,49577103,0.0437,16.34,Maintenance,2025,9,September,Wednesday,0
2025-09-04,Andhra Pradesh,1616.0,225.0,21.0,1862.0,1302.0,11544.0,12846.0,4395.0,7226.0,11621.0,26329.0,49577103,0.0376,13.13,Maintenance,2025,9,September,Thursday,0
2025-09-05,Andhra Pradesh,710.0,67.0,1.0,778.0,846.0,6624.0,7470.0,1763.0,1897.0,3660.0,11908.0,49577103,0.0157,14.29,Maintenance,2025,9,September,Friday,0
2025-09-06,Andhra Pradesh,1738.0,229.0,20.0,1987.0,2310.0,19234.0,21544.0,5818.0,7273.0,13091.0,36622.0,49577103,0.0401,17.42,Maintenance,2025,9,September,Saturday,1
2025-09-07,Andhra Pradesh,157.0,13.0,1.0,171.0,141.0,886.0,1027.0,247.0,247.0,494.0,1692.0,49577103,0.0034,8.84,Maintenance,2025,9,September,Sunday,1
2025-09-08,Andhra Pradesh,2127.0,318.0,16.0,2461.0,891.0,8464.0,9355.0,4685.0,7489.0,12174.0,23990.0,49577103,0.0496,8.74,Maintenance,2025,9,September,Monday,0
2025-09-09,Andhra Pradesh,1981.0,287.0,22.0,2290.0,1671.0,15813.0,17484.0,4908.0,8591.0,13499.0,33273.0,49577103,0.0462,13.52,Maintenance,2025,9,September,Tuesday,0
2025-09-10,Andhra Pradesh,1786.0,231.0,21.0,2038.0,1085.0,9135.0,10220.0,6775.0,11289.0,18064.0,30322.0,49577103,0.0411,13.87,Maintenance,2025,9,September,Wednesday,0
2025-09-11,Andhra Pradesh,1520.0,257.0,21.0,1798.0,1453.0,12998.0,14451.0,4632.0,8082.0,12714.0,28963.0,49577103,0.0363,15.1,Maintenance,2025,9,September,Thursday,0
2025-09-12,Andhra Pradesh,1740.0,273.0,18.0,2031.0,1340.0,12805.0,14145.0,4776.0,8324.0,13100.0,29276.0,49577103,0.041,13.41,Maintenance,2025,9,September,Friday,0
2025-09-13,Andhra Pradesh,960.0,135.0,3.0,1098.0,973.0,6682.0,7655.0,2855.0,3648.0,6503.0,15256.0,49577103,0.0221,12.88,Maintenance,2025,9,September,Saturday,1
2025-09-14,Andhra Pradesh,142.0,9.0,1.0,152.0,230.0,1285.0,1515.0,387.0,323.0,710.0,2377.0,49577103,0.0031,14.54,Maintenance,2025,9,September,Sunday,1
2025-09-15,Andhra Pradesh,1483.0,207.0,23.0,1713.0,1634.0,16924.0,18558.0,4912.0,9663.0,14575.0,34846.0,49577103,0.0346,19.33,Maintenance,2025,9,September,Monday,0
2025-09-16,Andhra Pradesh,1594.0,277.0,26.0,1897.0,1605.0,15321.0,16926.0,4388.0,8646.0,13034.0,31857.0,49577103,0.0383,15.79,Maintenance,2025,9,September,Tuesday,0
2025-09-17,Andhra Pradesh,1539.0,197.0,13.0,1749.0,1099.0,10676.0,11775.0,4500.0,8651.0,13151.0,26675.0,49577103,0.0353,14.24,Maintenance,2025,9,September,Wednesday,0
2025-09-18,Andhra Pradesh,1406.0,201.0,14.0,1621.0,1636.0,18265.0,19901.0,4381.0,8384.0,12765.0,34287.0,49577103,0.0327,20.14,Maintenance,2025,9,September,Thursday,0
2025-09-19,Andhra Pradesh,1278.0,151.0,13.0,1442.0,1301.0,14654.0,15955.0,3944.0,8384.0,12328.0,29725.0,49577103,0.0291,19.6,Maintenance,2025,9,September,Friday,0
2025-09-20,Andhra Pradesh,1177.0,137.0,9.0,1323.0,1065.0,11549.0,12614.0,3608.0,7410.0,11018.0,24955.0,49577103,0.0267,17.85,Maintenance,2025,9,September,Saturday,1
2025-09-21,Andhra Pradesh,19.0,2.0,2.0,23.0,0.0,0.0,0.0,0.0,0.0,0.0,23.0,49577103,0.0005,0.0,Growth,2025,9,September,Sunday,1
2025-09-22,Andhra Pradesh,1043.0,176.0,13.0,1232.0,0.0,0.0,0.0,0.0,0.0,0.0,1232.0,49577103,0.0249,0.0,Growth,2025,9,September,Monday,0
2025-09-23,Andhra Pradesh,1127.0,205.0,24.0,1356.0,0.0,0.0,0.0,0.0,0.0,0.0,1356.0,49577103,0.0274,0.0,Growth,2025,9,September,Tuesday,0
2025-09-24,Andhra Pradesh,1415.0,167.0,9.0,1591.0,0.0,0.0,0.0,0.0,0.0,0.0,1591.0,49577103,0.0321,0.0,Growth,2025,9,September,Wednesday,0
2025-09-25,Andhra Pradesh,1257.0,176.0,16.0,1449.0,0.0,0.0,0.0,0.0,0.0,0.0,1449.0,49577103,0.0292,0.0,Growth,2025,9,September,Thursday,0
2025-09-26,Andhra Pradesh,857.0,134.0,7.0,998.0,0.0,0.0,0.0,0.0,0.0,0.0,998.0,49577103,0.0201,0.0,Growth,2025,9,September,Friday,0
2025-09-27,Andhra Pradesh,280.0,73.0,4.0,357.0,0.0,0.0,0.0,0.0,0.0,0.0,357.0,49577103,0.0072,0.0,Growth,2025,9,September,Saturday,1
2025-09-28,Andhra Pradesh,20.0,3.0,0.0,23.0,0.0,0.0,0.0,0.0,0.0,0.0,23.0,49577103,0.0005,0.0,Growth,2025,9,September,Sunday,1
2025-09-29,Andhra Pradesh,159.0,29.0,0.0,188.0,0.0,0.0,0.0,0.0,0.0,0.0,188.0,49577103,0.0038,0.0,Growth,2025,9,September,Monday,0
2025-09-30,Andhra Pradesh,17.0,14.0,1.0,32.0,0.0,0.0,0.0,0.0,0.0,0.0,32.0,49577103,0.0006,0.0,Growth,2025,9,September,Tuesday,0
2025-10-13,Andhra Pradesh,1696.0,198.0,7.0,1901.0,407.0,6876.0,7283.0,62.0,140.0,202.0,9386.0,49577103,0.0383,3.94,Growth,2025,10,October,Monday,0
2025-10-15,Andhra Pradesh,1459.0,164.0,20.0,1643.0,2391.0,17031.0,19422.0,3782.0,7184.0,10966.0,32031.0,49577103,0.0331,18.48,Maintenance,2025,10,October,Wednesday,0
2025-10-16,Andhra Pradesh,871.0,103.0,5.0,979.0,2044.0,14283.0,16327.0,3129.0,5886.0,9015.0,26321.0,49577103,0.0197,25.86,Maintenance,2025,10,October,Thursday,0
2025-10-17,Andhra Pradesh,2990.0,373.0,4.0,3367.0,2263.0,13455.0,15718.0,6672.0,10885.0,17557.0,36642.0,49577103,0.0679,9.88,Maintenance,2025,10,October,Friday,0
2025-10-18,Andhra Pradesh,1747.0,176.0,1.0,1924.0,1554.0,7909.0,9463.0,6678.0,10030.0,16708.0,28095.0,49577103,0.0388,13.6,Maintenance,2025,10,October,Saturday,1
2025-10-19,Andhra Pradesh,1521.0,173.0,0.0,1694.0,2672.0,9337.0,12009.0,8320.0,11447.0,19767.0,33470.0,49577103,0.0342,18.75,Maintenance,2025,10,October,Sunday,1
2025-10-20,Andhra Pradesh,293.0,37.0,0.0,330.0,1463.0,3998.0,5461.0,399.0,447.0,846.0,6637.0,49577103,0.0067,19.05,Maintenance,2025,10,October,Monday,0
2025-10-21,Andhra Pradesh,169.0,17.0,40.0,226.0,254.0,2254.0,2508.0,1248.0,1397.0,2645.0,5379.0,49577103,0.0046,22.7,Maintenance,2025,10,October,Tuesday,0
2025-10-22,Andhra Pradesh,2.0,0.0,1.0,3.0,90.0,320.0,410.0,32.0,39.0,71.0,484.0,49577103,0.0001,120.25,Maintenance,2025,10,October,Wednesday,0
2025-10-23,Andhra Pradesh,3.0,0.0,8.0,11.0,176.0,581.0,757.0,100.0,87.0,187.0,955.0,49577103,0.0002,78.67,Maintenance,2025,10,October,Thursday,0
2025-10-24,Andhra Pradesh,1632.0,197.0,16.0,1845.0,5468.0,25944.0,31412.0,11561.0,12083.0,23644.0,56901.0,49577103,0.0372,29.82,Maintenance,2025,10,October,Friday,0
2025-10-25,Andhra Pradesh,2534.0,315.0,1.0,2850.0,3323.0,16191.0,19514.0,19880.0,20927.0,40807.0,63171.0,49577103,0.0575,21.16,Maintenance,2025,10,October,Saturday,1
2025-10-26,Andhra Pradesh,676.0,141.0,1.0,818.0,3693.0,16882.0,20575.0,27716.0,12418.0,40134.0,61527.0,49577103,0.0165,74.13,Maintenance,2025,10,October,Sunday,1
2025-10-27,Andhra Pradesh,973.0,151.0,0.0,1124.0,2718.0,9911.0,12629.0,45335.0,14668.0,60003.0,73756.0,49577103,0.0227,64.56,Maintenance,2025,10,October,Monday,0
2025-10-28,Andhra Pradesh,937.0,141.0,0.0,1078.0,2551.0,9757.0,12308.0,12608.0,5644.0,18252.0,31638.0,49577103,0.0217,28.32,Maintenance,2025,10,October,Tuesday,0
2025-10-29,Andhra Pradesh,976.0,186.0,2.0,1164.0,1169.0,8367.0,9536.0,13293.0,5434.0,18727.0,29427.0,49577103,0.0235,24.26,Maintenance,2025,10,October,Wednesday,0
2025-10-30,Andhra Pradesh,3121.0,449.0,13.0,3583.0,3533.0,7309.0,10842.0,20215.0,8626.0,28841.0,43266.0,49577103,0.0723,11.07,Maintenance,2025,10,October,Thursday,0
2025-10-31,Andhra Pradesh,1550.0,264.0,21.0,1835.0,8457.0,24552.0,33009.0,35433.0,12432.0,47865.0,82709.0,49577103,0.037,44.05,Maintenance,2025,10,October,Friday,0
2025-11-01,Andhra Pradesh,551.0,73.0,0.0,624.0,5334.0,20425.0,25759.0,21745.0,12397.0,34142.0,60525.0,49577103,0.0126,95.84,Maintenance,2025,11,November,Saturday,1
2025-11-02,Andhra Pradesh,2765.0,360.0,0.0,3125.0,4870.0,7567.0,12437.0,7827.0,5743.0,13570.0,29132.0,49577103,0.063,8.32,Maintenance,2025,11,November,Sunday,1
2025-11-03,Andhra Pradesh,1098.0,132.0,19.0,1249.0,4562.0,17279.0,21841.0,10950.0,7681.0,18631.0,41721.0,49577103,0.0252,32.38,Maintenance,2025,11,November,Monday,0
2025-11-04,Andhra Pradesh,24.0,0.0,0.0,24.0,3637.0,16468.0,20105.0,19833.0,13003.0,32836.0,52965.0,49577103,0.0005,2117.64,Maintenance,2025,11,November,Tuesday,0
2025-11-05,Andhra Pradesh,2494.0,265.0,27.0,2786.0,4389.0,11897.0,16286.0,11284.0,5735.0,17019.0,36091.0,49577103,0.0562,11.95,Maintenance,2025,11,November,Wednesday,0
2025-11-06,Andhra Pradesh,1213.0,182.0,27.0,1422.0,2571.0,9844.0,12415.0,9955.0,5503.0,15458.0,29295.0,49577103,0.0287,19.59,Maintenance,2025,11,November,Thursday,0
2025-11-07,Andhra Pradesh,1248.0,152.0,52.0,1452.0,3907.0,16595.0,20502.0,13884.0,8592.0,22476.0,44430.0,49577103,0.0293,29.58,Maintenance,2025,11,November,Friday,0
2025-11-08,Andhra Pradesh,1233.0,136.0,0.0,1369.0,3462.0,11307.0,14769.0,11044.0,7005.0,18049.0,34187.0,49577103,0.0276,23.95,Maintenance,2025,11,November,Saturday,1
2025-11-09,Andhra Pradesh,1014.0,72.0,0.0,1086.0,2788.0,6086.0,8874.0,1248.0,981.0,2229.0,12189.0,49577103,0.0219,10.21,Maintenance,2025,11,November,Sunday,1
2025-11-10,Andhra Pradesh,1478.0,155.0,54.0,1687.0,2034.0,14201.0,16235.0,9364.0,7346.0,16710.0,34632.0,49577103,0.034,19.52,Maintenance,2025,11,November,Monday,0
2025-11-11,Andhra Pradesh,1242.0,133.0,25.0,1400.0,2868.0,14009.0,16877.0,9614.0,7394.0,17008.0,35285.0,49577103,0.0282,24.19,Maintenance,2025,11,November,Tuesday,0
2025-11-12,Andhra Pradesh,956.0,124.0,3.0,1083.0,1751.0,10610.0,12361.0,12399.0,12467.0,24866.0,38310.0,49577103,0.0218,34.34,Maintenance,2025,11,November,Wednesday,0
2025-11-13,Andhra Pradesh,1048.0,120.0,30.0,1198.0,2622.0,15781.0,18403.0,6242.0,6137.0,12379.0,31980.0,49577103,0.0242,25.67,Maintenance,2025,11,November,Thursday,0
2025-11-14,Andhra Pradesh,1617.0,164.0,52.0,1833.0,3021.0,20162.0,23183.0,8896.0,7982.0,16878.0,41894.0,49577103,0.037,21.84,Maintenance,2025,11,November,Friday,0
2025-11-15,Andhra Pradesh,3482.0,346.0,8.0,3836.0,2837.0,15376.0,18213.0,7239.0,6190.0,13429.0,35478.0,49577103,0.0774,8.25,Maintenance,2025,11,November,Saturday,1
2025-11-16,Andhra Pradesh,1283.0,135.0,1.0,1419.0,2158.0,5505.0,7663.0,2084.0,1724.0,3808.0,12890.0,49577103,0.0286,8.08,Maintenance,2025,11,November,Sunday,1
2025-11-17,Andhra Pradesh,598.0,134.0,59.0,791.0,1787.0,12357.0,14144.0,8002.0,5571.0,13573.0,28508.0,49577103,0.016,35.0,Maintenance,2025,11,November,Monday,0
2025-11-18,Andhra Pradesh,2027.0,186.0,11.0,2224.0,1836.0,13899.0,15735.0,20311.0,10045.0,30356.0,48315.0,49577103,0.0449,20.72,Maintenance,2025,11,November,Tuesday,0
2025-11-19,Andhra Pradesh,3108.0,325.0,15.0,3448.0,2385.0,16247.0,18632.0,14547.0,5843.0,20390.0,42470.0,49577103,0.0695,11.31,Maintenance,2025,11,November,Wednesday,0
2025-11-25,Andhra Pradesh,2405.0,179.0,2.0,2586.0,1651.0,5558.0,7209.0,36241.0,14667.0,50908.0,60703.0,49577103,0.0522,22.47,Maintenance,2025,11,November,Tuesday,0
2025-11-26,Andhra Pradesh,0.0,0.0,0.0,0.0,2199.0,12068.0,14267.0,0.0,0.0,0.0,14267.0,49577103,0.0,14267.0,Maintenance,2025,11,November,Wednesday,0
2025-11-27,Andhra Pradesh,0.0,0.0,0.0,0.0,5418.0,27133.0,32551.0,0.0,0.0,0.0,32551.0,49577103,0.0,32551.0,Maintenance,2025,11,November,Thursday,0
2025-11-28,Andhra Pradesh,0.0,0.0,0.0,0.0,2302.0,12750.0,15052.0,0.0,0.0,0.0,15052.0,49577103,0.0,15052.0,Maintenance,2025,11,November,Friday,0
2025-11-29,Andhra Pradesh,0.0,0.0,0.0,0.0,3525.0,15089.0,18614.0,0.0,0.0,0.0,18614.0,49577103,0.0,18614.0,Maintenance,2025,11,November,Saturday,1
2025-12-01,Andhra Pradesh,0.0,0.0,0.0,0.0,3455.0,15776.0,19231.0,8582.0,6564.0,15146.0,34377.0,49577103,0.0,34377.0,Maintenance,2025,12,December,Monday,0
2025-12-02,Andhra Pradesh,0.0,0.0,0.0,0.0,5630.0,29010.0,34640.0,13342.0,10706.0,24048.0,58688.0,49577103,0.0,58688.0,Maintenance,2025,12,December,Tuesday,0
2025-12-03,Andhra Pradesh,0.0,0.0,0.0,0.0,3122.0,20916.0,24038.0,5966.0,7950.0,13916.0,37954.0,49577103,0.0,37954.0,Maintenance,2025,12,December,Wednesday,0
2025-12-04,Andhra Pradesh,0.0,0.0,0.0,0.0,3413.0,26265.0,29678.0,10408.0,14539.0,24947.0,54625.0,49577103,0.0,54625.0,Maintenance,2025,12,December,Thursday,0
2025-12-05,Andhra Pradesh,0.0,0.0,0.0,0.0,1716.0,10705.0,12421.0,8066.0,10736.0,18802.0,31223.0,49577103,0.0,31223.0,Maintenance,2025,12,December,Friday,0
2025-12-06,Andhra Pradesh,0.0,0.0,0.0,0.0,1584.0,9176.0,10760.0,9506.0,11068.0,20574.0,31334.0,49577103,0.0,31334.0,Maintenance,2025,12,December,Saturday,1
2025-12-07,Andhra Pradesh,0.0,0.0,0.0,0.0,4867.0,17055.0,21922.0,2545.0,2366.0,4911.0,26833.0,49577103,0.0,26833.0,Maintenance,2025,12,December,Sunday,1
2025-12-08,Andhra Pradesh,0.0,0.0,0.0,0.0,2215.0,16478.0,18693.0,6447.0,7834.0,14281.0,32974.0,49577103,0.0,32974.0,Maintenance,2025,12,December,Monday,0
2025-12-09,Andhra Pradesh,0.0,0.0,0.0,0.0,1428.0,11972.0,13400.0,10677.0,13206.0,23883.0,37283.0,49577103,0.0,37283.0,Maintenance,2025,12,December,Tuesday,0
2025-12-10,Andhra Pradesh,0.0,0.0,0.0,0.0,1487.0,13012.0,14499.0,4880.0,5635.0,10515.0,25014.0,49577103,0.0,25014.0,Maintenance,2025,12,December,Wednesday,0
2025-12-11,Andhra Pradesh,0.0,0.0,0.0,0.0,2819.0,20691.0,23510.0,9025.0,9931.0,18956.0,42466.0,49577103,0.0,42466.0,Maintenance,2025,12,December,Thursday,0
2025-12-12,Andhra Pradesh,0.0,0.0,0.0,0.0,3415.0,23521.0,26936.0,7544.0,8847.0,16391.0,43327.0,49577103,0.0,43327.0,Maintenance,2025,12,December,Friday,0
2025-12-13,Andhra Pradesh,0.0,0.0,0.0,0.0,2524.0,13064.0,15588.0,7193.0,6809.0,14002.0,29590.0,49577103,0.0,29590.0,Maintenance,2025,12,December,Saturday,1
2025-12-14,Andhra Pradesh,0.0,0.0,0.0,0.0,2040.0,9655.0,11695.0,823.0,883.0,1706.0,13401.0,49577103,0.0,13401.0,Maintenance,2025,12,December,Sunday,1
2025-12-15,Andhra Pradesh,3207.0,325.0,105.0,3637.0,1671.0,12680.0,14351.0,3684.0,3824.0,7508.0,25496.0,49577103,0.0734,6.01,Maintenance,2025,12,December,Monday,0
2025-12-16,Andhra Pradesh,0.0,0.0,0.0,0.0,2027.0,14063.0,16090.0,10085.0,8893.0,18978.0,35068.0,49577103,0.0,35068.0,Maintenance,2025,12,December,Tuesday,0
2025-12-18,Andhra Pradesh,0.0,0.0,0.0,0.0,130.0,1545.0,1675.0,2688.0,1462.0,4150.0,5825.0,49577103,0.0,5825.0,Maintenance,2025,12,December,Thursday,0
2025-12-19,Andhra Pradesh,0.0,0.0,0.0,0.0,2094.0,13607.0,15701.0,13074.0,7708.0,20782.0,36483.0,49577103,0.0,36483.0,Maintenance,2025,12,December,Friday,0
2025-12-20,Andhra Pradesh,0.0,0.0,0.0,0.0,1711.0,11508.0,13219.0,9011.0,5553.0,14564.0,27783.0,49577103,0.0,27783.0,Maintenance,2025,12,December,Saturday,1
2025-12-21,Andhra Pradesh,999.0,3.0,0.0,1002.0,1309.0,5399.0,6708.0,0.0,0.0,0.0,7710.0,49577103,0.0202,6.69,Maintenance,2025,12,December,Sunday,1
2025-12-22,Andhra Pradesh,4426.0,5.0,0.0,4431.0,1517.0,10482.0,11999.0,0.0,0.0,0.0,16430.0,49577103,0.0894,2.71,Growth,2025,12,December,Monday,0
2025-12-23,Andhra Pradesh,1996.0,1.0,0.0,1997.0,2990.0,17251.0,20241.0,13.0,10.0,23.0,22261.0,49577103,0.0403,10.14,Maintenance,2025,12,December,Tuesday,0
2025-12-24,Andhra Pradesh,1196.0,109.0,42.0,1347.0,1613.0,9927.0,11540.0,0.0,0.0,0.0,12887.0,49577103,0.0272,8.56,Maintenance,2025,12,December,Wednesday,0
2025-12-25,Andhra Pradesh,843.0,207.0,16.0,1066.0,1309.0,6330.0,7639.0,24450.0,16790.0,41240.0,49945.0,49577103,0.0215,45.81,Maintenance,2025,12,December,Thursday,0
2025-12-26,Andhra Pradesh,1746.0,106.0,32.0,1884.0,1962.0,13295.0,15257.0,8545.0,9089.0,17634.0,34775.0,49577103,0.038,17.45,Maintenance,2025,12,December,Friday,0
2025-12-27,Andhra Pradesh,1664.0,127.0,21.0,1812.0,1958.0,15224.0,17182.0,8496.0,9144.0,17640.0,36634.0,49577103,0.0365,19.21,Maintenance,2025,12,December,Saturday,1
2025-12-28,Andhra Pradesh,1100.0,57.0,2.0,1159.0,1245.0,6132.0,7377.0,1437.0,1593.0,3030.0,11566.0,49577103,0.0234,8.97,Maintenance,2025,12,December,Sunday,1
2025-12-29,Andhra Pradesh,3108.0,73.0,16.0,3197.0,882.0,10591.0,11473.0,6856.0,8451.0,15307.0,29977.0,49577103,0.0645,8.37,Maintenance,2025,12,December,Monday,0
2025-12-31,Andhra Pradesh,1743.0,389.0,4.0,2136.0,0.0,0.0,0.0,0.0,0.0,0.0,2136.0,49577103,0.0431,0.0,Growth,2025,12,December,Wednesday,0
2025-03-01,Arunachal Pradesh,0.0,0.0,0.0,0.0,852.0,6957.0,7809.0,2953.0,4447.0,7400.0,15209.0,1570458,0.0,15209.0,Maintenance,2025,3,March,Saturday,1
2025-04-01,Arunachal Pradesh,0.0,0.0,0.0,0.0,0.0,0.0,0.0,4258.0,4117.0,8375.0,8375.0,1570458,0.0,8375.0,Maintenance,2025,4,April,Tuesday,0
2025-05-01,Arunachal Pradesh,0.0,0.0,0.0,0.0,0.0,0.0,0.0,4121.0,4184.0,8305.0,8305.0,1570458,0.0,8305.0,Maintenance,2025,5,May,Thursday,0
2025-06-01,Arunachal Pradesh,0.0,0.0,0.0,0.0,0.0,0.0,0.0,3399.0,3739.0,7138.0,7138.0,1570458,0.0,7138.0,Maintenance,2025,6,June,Sunday,1
2025-07-01,Arunachal Pradesh,89.0,352.0,43.0,484.0,0.0,0.0,0.0,4119.0,4323.0,8442.0,8926.0,1570458,0.3082,17.41,Maintenance,2025,7,July,Tuesday,0
2025-09-01,Arunachal Pradesh,65.0,53.0,0.0,118.0,144.0,606.0,750.0,132.0,109.0,241.0,1109.0,1570458,0.0751,8.33,Maintenance,2025,9,September,Monday,0
2025-09-02,Arunachal Pradesh,80.0,42.0,0.0,122.0,127.0,707.0,834.0,208.0,169.0,377.0,1333.0,1570458,0.0777,9.85,Maintenance,2025,9,September,Tuesday,0
2025-09-03,Arunachal Pradesh,59.0,35.0,0.0,94.0,133.0,632.0,765.0,373.0,254.0,627.0,1486.0,1570458,0.0599,14.65,Maintenance,2025,9,September,Wednesday,0
2025-09-04,Arunachal Pradesh,56.0,53.0,0.0,109.0,99.0,480.0,579.0,371.0,212.0,583.0,1271.0,1570458,0.0694,10.56,Maintenance,2025,9,September,Thursday,0
2025-09-05,Arunachal Pradesh,47.0,22.0,0.0,69.0,122.0,638.0,760.0,279.0,142.0,421.0,1250.0,1570458,0.0439,16.87,Maintenance,2025,9,September,Friday,0
2025-09-06,Arunachal Pradesh,30.0,28.0,0.0,58.0,82.0,330.0,412.0,113.0,49.0,162.0,632.0,1570458,0.0369,9.73,Maintenance,2025,9,September,Saturday,1
2025-09-07,Arunachal Pradesh,24.0,33.0,1.0,58.0,47.0,231.0,278.0,65.0,23.0,88.0,424.0,1570458,0.0369,6.2,Maintenance,2025,9,September,Sunday,1
2025-09-08,Arunachal Pradesh,58.0,50.0,0.0,108.0,128.0,534.0,662.0,247.0,199.0,446.0,1216.0,1570458,0.0688,10.17,Maintenance,2025,9,September,Monday,0
2025-09-09,Arunachal Pradesh,65.0,52.0,0.0,117.0,157.0,641.0,798.0,289.0,197.0,486.0,1401.0,1570458,0.0745,10.88,Maintenance,2025,9,September,Tuesday,0
2025-09-10,Arunachal Pradesh,27.0,45.0,1.0,73.0,86.0,384.0,470.0,372.0,262.0,634.0,1177.0,1570458,0.0465,14.92,Maintenance,2025,9,September,Wednesday,0
2025-09-11,Arunachal Pradesh,37.0,40.0,0.0,77.0,89.0,479.0,568.0,214.0,186.0,400.0,1045.0,1570458,0.049,12.41,Maintenance,2025,9,September,Thursday,0
2025-09-12,Arunachal Pradesh,32.0,33.0,0.0,65.0,137.0,428.0,565.0,245.0,146.0,391.0,1021.0,1570458,0.0414,14.48,Maintenance,2025,9,September,Friday,0
2025-09-13,Arunachal Pradesh,17.0,47.0,3.0,67.0,28.0,155.0,183.0,53.0,59.0,112.0,362.0,1570458,0.0427,4.34,Growth,2025,9,September,Saturday,1
2025-09-14,Arunachal Pradesh,2.0,23.0,0.0,25.0,9.0,98.0,107.0,26.0,16.0,42.0,174.0,1570458,0.0159,5.73,Maintenance,2025,9,September,Sunday,1
2025-09-15,Arunachal Pradesh,34.0,47.0,0.0,81.0,98.0,694.0,792.0,261.0,210.0,471.0,1344.0,1570458,0.0516,15.4,Maintenance,2025,9,September,Monday,0
2025-09-16,Arunachal Pradesh,55.0,50.0,0.0,105.0,97.0,577.0,674.0,354.0,163.0,517.0,1296.0,1570458,0.0669,11.24,Maintenance,2025,9,September,Tuesday,0
2025-09-17,Arunachal Pradesh,6.0,12.0,0.0,18.0,39.0,186.0,225.0,184.0,94.0,278.0,521.0,1570458,0.0115,26.47,Maintenance,2025,9,September,Wednesday,0
2025-09-18,Arunachal Pradesh,22.0,11.0,0.0,33.0,127.0,692.0,819.0,279.0,173.0,452.0,1304.0,1570458,0.021,37.38,Maintenance,2025,9,September,Thursday,0
2025-09-19,Arunachal Pradesh,20.0,33.0,0.0,53.0,110.0,473.0,583.0,453.0,173.0,626.0,1262.0,1570458,0.0337,22.39,Maintenance,2025,9,September,Friday,0
2025-09-20,Arunachal Pradesh,19.0,14.0,0.0,33.0,43.0,168.0,211.0,337.0,49.0,386.0,630.0,1570458,0.021,17.56,Maintenance,2025,9,September,Saturday,1
2025-09-21,Arunachal Pradesh,1.0,1.0,0.0,2.0,0.0,0.0,0.0,0.0,0.0,0.0,2.0,1570458,0.0013,0.0,Growth,2025,9,September,Sunday,1
2025-09-22,Arunachal Pradesh,14.0,11.0,0.0,25.0,0.0,0.0,0.0,0.0,0.0,0.0,25.0,1570458,0.0159,0.0,Growth,2025,9,September,Monday,0
2025-09-23,Arunachal Pradesh,16.0,11.0,0.0,27.0,0.0,0.0,0.0,0.0,0.0,0.0,27.0,1570458,0.0172,0.0,Growth,2025,9,September,Tuesday,0
2025-09-24,Arunachal Pradesh,20.0,18.0,0.0,38.0,0.0,0.0,0.0,0.0,0.0,0.0,38.0,1570458,0.0242,0.0,Growth,2025,9,September,Wednesday,0
2025-09-25,Arunachal Pradesh,17.0,12.0,0.0,29.0,0.0,0.0,0.0,0.0,0.0,0.0,29.0,1570458,0.0185,0.0,Growth,2025,9,September,Thursday,0
2025-09-26,Arunachal Pradesh,23.0,23.0,0.0,46.0,0.0,0.0,0.0,0.0,0.0,0.0,46.0,1570458,0.0293,0.0,Growth,2025,9,September,Friday,0
2025-09-27,Arunachal Pradesh,7.0,12.0,1.0,20.0,0.0,0.0,0.0,0.0,0.0,0.0,20.0,1570458,0.0127,0.0,Growth,2025,9,September,Saturday,1
2025-09-29,Arunachal Pradesh,19.0,33.0,0.0,52.0,0.0,0.0,0.0,0.0,0.0,0.0,52.0,1570458,0.0331,0.0,Growth,2025,9,September,Monday,0
2025-09-30,Arunachal Pradesh,14.0,38.0,0.0,52.0,0.0,0.0,0.0,0.0,0.0,0.0,52.0,1570458,0.0331,0.0,Growth,2025,9,September,Tuesday,0
2025-10-13,Arunachal Pradesh,17.0,37.0,0.0,54.0,48.0,302.0,350.0,2.0,1.0,3.0,407.0,1570458,0.0344,6.42,Maintenance,2025,10,October,Monday,0
2025-10-15,Arunachal Pradesh,32.0,42.0,0.0,74.0,103.0,383.0,486.0,124.0,55.0,179.0,739.0,1570458,0.0471,8.87,Maintenance,2025,10,October,Wednesday,0
2025-10-16,Arunachal Pradesh,18.0,44.0,0.0,62.0,91.0,371.0,462.0,208.0,82.0,290.0,814.0,1570458,0.0395,11.94,Maintenance,2025,10,October,Thursday,0
2025-10-17,Arunachal Pradesh,41.0,53.0,0.0,94.0,94.0,336.0,430.0,426.0,145.0,571.0,1095.0,1570458,0.0599,10.54,Maintenance,2025,10,October,Friday,0
2025-10-18,Arunachal Pradesh,31.0,19.0,0.0,50.0,27.0,104.0,131.0,299.0,97.0,396.0,577.0,1570458,0.0318,10.33,Maintenance,2025,10,October,Saturday,1
2025-10-19,Arunachal Pradesh,13.0,18.0,1.0,32.0,24.0,75.0,99.0,331.0,129.0,460.0,591.0,1570458,0.0204,16.94,Maintenance,2025,10,October,Sunday,1
2025-10-20,Arunachal Pradesh,10.0,6.0,0.0,16.0,12.0,56.0,68.0,14.0,2.0,16.0,100.0,1570458,0.0102,4.94,Growth,2025,10,October,Monday,0
2025-10-21,Arunachal Pradesh,8.0,6.0,0.0,14.0,26.0,84.0,110.0,44.0,18.0,62.0,186.0,1570458,0.0089,11.47,Maintenance,2025,10,October,Tuesday,0
2025-10-22,Arunachal Pradesh,1.0,0.0,0.0,1.0,5.0,17.0,22.0,3.0,1.0,4.0,27.0,1570458,0.0006,13.0,Maintenance,2025,10,October,Wednesday,0
2025-10-23,Arunachal Pradesh,1.0,0.0,0.0,1.0,5.0,18.0,23.0,12.0,3.0,15.0,39.0,1570458,0.0006,19.0,Maintenance,2025,10,October,Thursday,0
2025-10-24,Arunachal Pradesh,43.0,43.0,0.0,86.0,127.0,462.0,589.0,326.0,150.0,476.0,1151.0,1570458,0.0548,12.24,Maintenance,2025,10,October,Friday,0
2025-10-25,Arunachal Pradesh,45.0,41.0,0.0,86.0,66.0,395.0,461.0,679.0,304.0,983.0,1530.0,1570458,0.0548,16.6,Maintenance,2025,10,October,Saturday,1
2025-10-26,Arunachal Pradesh,25.0,39.0,0.0,64.0,79.0,295.0,374.0,260.0,134.0,394.0,832.0,1570458,0.0408,11.82,Maintenance,2025,10,October,Sunday,1
2025-10-27,Arunachal Pradesh,21.0,18.0,1.0,40.0,57.0,167.0,224.0,259.0,166.0,425.0,689.0,1570458,0.0255,15.83,Maintenance,2025,10,October,Monday,0
2025-10-28,Arunachal Pradesh,15.0,22.0,0.0,37.0,39.0,204.0,243.0,131.0,92.0,223.0,503.0,1570458,0.0236,12.26,Maintenance,2025,10,October,Tuesday,0
2025-10-29,Arunachal Pradesh,10.0,10.0,2.0,22.0,57.0,250.0,307.0,212.0,97.0,309.0,638.0,1570458,0.014,26.78,Maintenance,2025,10,October,Wednesday,0
2025-10-30,Arunachal Pradesh,38.0,50.0,0.0,88.0,8.0,46.0,54.0,402.0,136.0,538.0,680.0,1570458,0.056,6.65,Maintenance,2025,10,October,Thursday,0
2025-10-31,Arunachal Pradesh,18.0,25.0,1.0,44.0,84.0,318.0,402.0,767.0,181.0,948.0,1394.0,1570458,0.028,30.0,Maintenance,2025,10,October,Friday,0
2025-11-01,Arunachal Pradesh,15.0,11.0,0.0,26.0,99.0,232.0,331.0,363.0,75.0,438.0,795.0,1570458,0.0166,28.48,Maintenance,2025,11,November,Saturday,1
2025-11-02,Arunachal Pradesh,24.0,12.0,0.0,36.0,29.0,52.0,81.0,98.0,54.0,152.0,269.0,1570458,0.0229,6.3,Maintenance,2025,11,November,Sunday,1
2025-11-03,Arunachal Pradesh,15.0,25.0,2.0,42.0,101.0,465.0,566.0,309.0,95.0,404.0,1012.0,1570458,0.0267,22.56,Maintenance,2025,11,November,Monday,0
2025-11-04,Arunachal Pradesh,0.0,0.0,0.0,0.0,49.0,336.0,385.0,651.0,131.0,782.0,1167.0,1570458,0.0,1167.0,Maintenance,2025,11,November,Tuesday,0
2025-11-05,Arunachal Pradesh,29.0,31.0,0.0,60.0,52.0,140.0,192.0,357.0,74.0,431.0,683.0,1570458,0.0382,10.21,Maintenance,2025,11,November,Wednesday,0
2025-11-06,Arunachal Pradesh,23.0,47.0,3.0,73.0,54.0,237.0,291.0,382.0,106.0,488.0,852.0,1570458,0.0465,10.53,Maintenance,2025,11,November,Thursday,0
2025-11-07,Arunachal Pradesh,18.0,29.0,0.0,47.0,51.0,256.0,307.0,954.0,221.0,1175.0,1529.0,1570458,0.0299,30.88,Maintenance,2025,11,November,Friday,0
2025-11-08,Arunachal Pradesh,23.0,40.0,0.0,63.0,47.0,167.0,214.0,393.0,64.0,457.0,734.0,1570458,0.0401,10.48,Maintenance,2025,11,November,Saturday,1
2025-11-09,Arunachal Pradesh,11.0,15.0,0.0,26.0,27.0,116.0,143.0,132.0,25.0,157.0,326.0,1570458,0.0166,11.11,Maintenance,2025,11,November,Sunday,1
2025-11-10,Arunachal Pradesh,14.0,7.0,1.0,22.0,71.0,278.0,349.0,467.0,121.0,588.0,959.0,1570458,0.014,40.74,Maintenance,2025,11,November,Monday,0
2025-11-11,Arunachal Pradesh,17.0,15.0,1.0,33.0,24.0,216.0,240.0,565.0,139.0,704.0,977.0,1570458,0.021,27.76,Maintenance,2025,11,November,Tuesday,0
2025-11-12,Arunachal Pradesh,10.0,34.0,3.0,47.0,45.0,246.0,291.0,749.0,129.0,878.0,1216.0,1570458,0.0299,24.35,Maintenance,2025,11,November,Wednesday,0
2025-11-13,Arunachal Pradesh,15.0,16.0,3.0,34.0,50.0,318.0,368.0,325.0,90.0,415.0,817.0,1570458,0.0216,22.37,Maintenance,2025,11,November,Thursday,0
2025-11-14,Arunachal Pradesh,18.0,11.0,1.0,30.0,37.0,412.0,449.0,341.0,103.0,444.0,923.0,1570458,0.0191,28.81,Maintenance,2025,11,November,Friday,0
2025-11-15,Arunachal Pradesh,37.0,41.0,0.0,78.0,55.0,223.0,278.0,211.0,62.0,273.0,629.0,1570458,0.0497,6.97,Maintenance,2025,11,November,Saturday,1
2025-11-16,Arunachal Pradesh,9.0,11.0,0.0,20.0,17.0,90.0,107.0,78.0,54.0,132.0,259.0,1570458,0.0127,11.38,Maintenance,2025,11,November,Sunday,1
2025-11-17,Arunachal Pradesh,6.0,7.0,0.0,13.0,49.0,356.0,405.0,233.0,71.0,304.0,722.0,1570458,0.0083,50.64,Maintenance,2025,11,November,Monday,0
2025-11-18,Arunachal Pradesh,22.0,18.0,0.0,40.0,17.0,149.0,166.0,409.0,115.0,524.0,730.0,1570458,0.0255,16.83,Maintenance,2025,11,November,Tuesday,0
2025-11-19,Arunachal Pradesh,25.0,17.0,83.0,125.0,42.0,266.0,308.0,385.0,103.0,488.0,921.0,1570458,0.0796,6.32,Maintenance,2025,11,November,Wednesday,0
2025-11-25,Arunachal Pradesh,10.0,8.0,0.0,18.0,17.0,41.0,58.0,1156.0,244.0,1400.0,1476.0,1570458,0.0115,76.74,Maintenance,2025,11,November,Tuesday,0
2025-11-26,Arunachal Pradesh,0.0,0.0,0.0,0.0,27.0,124.0,151.0,0.0,0.0,0.0,151.0,1570458,0.0,151.0,Maintenance,2025,11,November,Wednesday,0
2025-11-27,Arunachal Pradesh,0.0,0.0,0.0,0.0,99.0,487.0,586.0,0.0,0.0,0.0,586.0,1570458,0.0,586.0,Maintenance,2025,11,November,Thursday,0
2025-11-28,Arunachal Pradesh,0.0,0.0,0.0,0.0,62.0,234.0,296.0,0.0,0.0,0.0,296.0,1570458,0.0,296.0,Maintenance,2025,11,November,Friday,0
2025-11-29,Arunachal Pradesh,0.0,0.0,0.0,0.0,14.0,98.0,112.0,0.0,0.0,0.0,112.0,1570458,0.0,112.0,Maintenance,2025,11,November,Saturday,1
2025-12-01,Arunachal Pradesh,0.0,0.0,0.0,0.0,14.0,86.0,100.0,168.0,13.0,181.0,281.0,1570458,0.0,281.0,Maintenance,2025,12,December,Monday,0
2025-12-02,Arunachal Pradesh,0.0,0.0,0.0,0.0,99.0,522.0,621.0,693.0,102.0,795.0,1416.0,1570458,0.0,1416.0,Maintenance,2025,12,December,Tuesday,0
2025-12-03,Arunachal Pradesh,0.0,0.0,0.0,0.0,38.0,173.0,211.0,623.0,101.0,724.0,935.0,1570458,0.0,935.0,Maintenance,2025,12,December,Wednesday,0
2025-12-04,Arunachal Pradesh,0.0,0.0,0.0,0.0,64.0,303.0,367.0,551.0,131.0,682.0,1049.0,1570458,0.0,1049.0,Maintenance,2025,12,December,Thursday,0
2025-12-05,Arunachal Pradesh,0.0,0.0,0.0,0.0,20.0,134.0,154.0,300.0,93.0,393.0,547.0,1570458,0.0,547.0,Maintenance,2025,12,December,Friday,0
2025-12-06,Arunachal Pradesh,0.0,0.0,0.0,0.0,12.0,54.0,66.0,354.0,81.0,435.0,501.0,1570458,0.0,501.0,Maintenance,2025,12,December,Saturday,1
2025-12-07,Arunachal Pradesh,0.0,0.0,0.0,0.0,22.0,82.0,104.0,141.0,44.0,185.0,289.0,1570458,0.0,289.0,Maintenance,2025,12,December,Sunday,1
2025-12-08,Arunachal Pradesh,0.0,0.0,0.0,0.0,48.0,327.0,375.0,377.0,118.0,495.0,870.0,1570458,0.0,870.0,Maintenance,2025,12,December,Monday,0
2025-12-09,Arunachal Pradesh,0.0,0.0,0.0,0.0,40.0,200.0,240.0,407.0,137.0,544.0,784.0,1570458,0.0,784.0,Maintenance,2025,12,December,Tuesday,0
2025-12-10,Arunachal Pradesh,0.0,0.0,0.0,0.0,63.0,279.0,342.0,269.0,40.0,309.0,651.0,1570458,0.0,651.0,Maintenance,2025,12,December,Wednesday,0
2025-12-11,Arunachal Pradesh,0.0,0.0,0.0,0.0,58.0,315.0,373.0,374.0,81.0,455.0,828.0,1570458,0.0,828.0,Maintenance,2025,12,December,Thursday,0
2025-12-12,Arunachal Pradesh,0.0,0.0,0.0,0.0,38.0,305.0,343.0,344.0,107.0,451.0,794.0,1570458,0.0,794.0,Maintenance,2025,12,December,Friday,0
2025-12-13,Arunachal Pradesh,0.0,0.0,0.0,0.0,29.0,123.0,152.0,86.0,40.0,126.0,278.0,1570458,0.0,278.0,Maintenance,2025,12,December,Saturday,1
2025-12-14,Arunachal Pradesh,0.0,0.0,0.0,0.0,28.0,111.0,139.0,25.0,11.0,36.0,175.0,1570458,0.0,175.0,Maintenance,2025,12,December,Sunday,1
2025-12-15,Arunachal Pradesh,11.0,11.0,0.0,22.0,15.0,73.0,88.0,20.0,7.0,27.0,137.0,1570458,0.014,5.0,Growth,2025,12,December,Monday,0
2025-12-16,Arunachal Pradesh,0.0,0.0,0.0,0.0,36.0,171.0,207.0,153.0,91.0,244.0,451.0,1570458,0.0,451.0,Maintenance,2025,12,December,Tuesday,0
2025-12-18,Arunachal Pradesh,0.0,0.0,0.0,0.0,3.0,22.0,25.0,7.0,3.0,10.0,35.0,1570458,0.0,35.0,Maintenance,2025,12,December,Thursday,0
2025-12-19,Arunachal Pradesh,0.0,0.0,0.0,0.0,24.0,184.0,208.0,219.0,96.0,315.0,523.0,1570458,0.0,523.0,Maintenance,2025,12,December,Friday,0
2025-12-20,Arunachal Pradesh,0.0,0.0,0.0,0.0,7.0,64.0,71.0,37.0,28.0,65.0,136.0,1570458,0.0,136.0,Maintenance,2025,12,December,Saturday,1
2025-12-21,Arunachal Pradesh,15.0,0.0,0.0,15.0,7.0,33.0,40.0,0.0,0.0,0.0,55.0,1570458,0.0096,2.5,Growth,2025,12,December,Sunday,1
2025-12-22,Arunachal Pradesh,25.0,0.0,0.0,25.0,34.0,194.0,228.0,0.0,0.0,0.0,253.0,1570458,0.0159,8.77,Maintenance,2025,12,December,Monday,0
2025-12-23,Arunachal Pradesh,18.0,0.0,0.0,18.0,62.0,401.0,463.0,0.0,0.0,0.0,481.0,1570458,0.0115,24.37,Maintenance,2025,12,December,Tuesday,0
2025-12-24,Arunachal Pradesh,29.0,9.0,0.0,38.0,26.0,158.0,184.0,0.0,0.0,0.0,222.0,1570458,0.0242,4.72,Growth,2025,12,December,Wednesday,0
2025-12-25,Arunachal Pradesh,9.0,16.0,0.0,25.0,13.0,77.0,90.0,327.0,229.0,556.0,671.0,1570458,0.0159,24.85,Maintenance,2025,12,December,Thursday,0
2025-12-26,Arunachal Pradesh,14.0,11.0,0.0,25.0,56.0,370.0,426.0,227.0,147.0,374.0,825.0,1570458,0.0159,30.77,Maintenance,2025,12,December,Friday,0
2025-12-27,Arunachal Pradesh,38.0,28.0,0.0,66.0,29.0,126.0,155.0,74.0,53.0,127.0,348.0,1570458,0.042,4.21,Growth,2025,12,December,Saturday,1
2025-12-28,Arunachal Pradesh,39.0,19.0,0.0,58.0,10.0,39.0,49.0,44.0,23.0,67.0,174.0,1570458,0.0369,1.97,Growth,2025,12,December,Sunday,1
2025-12-29,Arunachal Pradesh,43.0,13.0,0.0,56.0,47.0,222.0,269.0,312.0,160.0,472.0,797.0,1570458,0.0357,13.0,Maintenance,2025,12,December,Monday,0
2025-12-31,Arunachal Pradesh,13.0,27.0,0.0,40.0,0.0,0.0,0.0,0.0,0.0,0.0,40.0,1570458,0.0255,0.0,Growth,2025,12,December,Wednesday,0
2025-03-01,Assam,0.0,0.0,0.0,0.0,16692.0,185345.0,202037.0,59101.0,33830.0,92931.0,294968.0,34293000,0.0,294968.0,Maintenance,2025,3,March,Saturday,1
2025-03-15,Assam,102.0,97.0,256.0,455.0,0.0,0.0,0.0,0.0,0.0,0.0,455.0,34293000,0.0133,0.0,Growth,2025,3,March,Saturday,1
2025-03-20,Assam,485.0,1008.0,544.0,2037.0,0.0,0.0,0.0,0.0,0.0,0.0,2037.0,34293000,0.0594,0.0,Growth,2025,3,March,Thursday,0
2025-04-01,Assam,11931.0,9203.0,4520.0,25654.0,348.0,4007.0,4355.0,105295.0,34364.0,139659.0,169668.0,34293000,0.7481,5.61,Maintenance,2025,4,April,Tuesday,0
2025-05-01,Assam,5170.0,5609.0,2418.0,13197.0,176.0,1252.0,1428.0,52863.0,30978.0,83841.0,98466.0,34293000,0.3848,6.46,Maintenance,2025,5,May,Thursday,0
2025-06-01,Assam,4878.0,3401.0,1455.0,9734.0,195.0,2250.0,2445.0,39419.0,32157.0,71576.0,83755.0,34293000,0.2838,7.6,Maintenance,2025,6,June,Sunday,1
2025-07-01,Assam,30769.0,11877.0,5227.0,47873.0,4737.0,39711.0,44448.0,51489.0,43683.0,95172.0,187493.0,34293000,1.396,2.92,Growth,2025,7,July,Tuesday,0
2025-09-01,Assam,2605.0,955.0,69.0,3629.0,1479.0,13018.0,14497.0,2979.0,1497.0,4476.0,22602.0,34293000,0.1058,5.23,Maintenance,2025,9,September,Monday,0
2025-09-02,Assam,2616.0,944.0,59.0,3619.0,1332.0,11844.0,13176.0,3225.0,1716.0,4941.0,21736.0,34293000,0.1055,5.0,Growth,2025,9,September,Tuesday,0
2025-09-03,Assam,1931.0,677.0,46.0,2654.0,1130.0,7913.0,9043.0,3386.0,1440.0,4826.0,16523.0,34293000,0.0774,5.22,Maintenance,2025,9,September,Wednesday,0
2025-09-04,Assam,2048.0,790.0,41.0,2879.0,1116.0,9390.0,10506.0,4504.0,2302.0,6806.0,20191.0,34293000,0.084,6.01,Maintenance,2025,9,September,Thursday,0
2025-09-05,Assam,1739.0,561.0,42.0,2342.0,1140.0,11060.0,12200.0,2950.0,1659.0,4609.0,19151.0,34293000,0.0683,7.17,Maintenance,2025,9,September,Friday,0
2025-09-06,Assam,1932.0,755.0,50.0,2737.0,1535.0,11516.0,13051.0,4078.0,1621.0,5699.0,21487.0,34293000,0.0798,6.85,Maintenance,2025,9,September,Saturday,1
2025-09-07,Assam,452.0,185.0,13.0,650.0,226.0,2022.0,2248.0,603.0,238.0,841.0,3739.0,34293000,0.019,4.75,Growth,2025,9,September,Sunday,1
2025-09-08,Assam,2453.0,947.0,53.0,3453.0,1270.0,10300.0,11570.0,3923.0,1613.0,5536.0,20559.0,34293000,0.1007,4.95,Growth,2025,9,September,Monday,0
2025-09-09,Assam,2139.0,853.0,47.0,3039.0,1142.0,9352.0,10494.0,5098.0,2025.0,7123.0,20656.0,34293000,0.0886,5.8,Maintenance,2025,9,September,Tuesday,0
2025-09-10,Assam,2020.0,855.0,56.0,2931.0,1158.0,9908.0,11066.0,6401.0,2630.0,9031.0,23028.0,34293000,0.0855,6.85,Maintenance,2025,9,September,Wednesday,0
2025-09-11,Assam,1671.0,708.0,42.0,2421.0,714.0,6444.0,7158.0,4568.0,1880.0,6448.0,16027.0,34293000,0.0706,5.62,Maintenance,2025,9,September,Thursday,0
2025-09-12,Assam,1307.0,525.0,43.0,1875.0,587.0,4110.0,4697.0,3154.0,1340.0,4494.0,11066.0,34293000,0.0547,4.9,Growth,2025,9,September,Friday,0
2025-09-13,Assam,1130.0,558.0,32.0,1720.0,702.0,5469.0,6171.0,2878.0,1136.0,4014.0,11905.0,34293000,0.0502,5.92,Maintenance,2025,9,September,Saturday,1
2025-09-14,Assam,344.0,128.0,1.0,473.0,292.0,2369.0,2661.0,650.0,304.0,954.0,4088.0,34293000,0.0138,7.63,Maintenance,2025,9,September,Sunday,1
2025-09-15,Assam,1200.0,563.0,18.0,1781.0,1294.0,11742.0,13036.0,3973.0,2062.0,6035.0,20852.0,34293000,0.0519,10.7,Maintenance,2025,9,September,Monday,0
2025-09-16,Assam,1319.0,546.0,27.0,1892.0,786.0,8675.0,9461.0,3448.0,1920.0,5368.0,16721.0,34293000,0.0552,7.83,Maintenance,2025,9,September,Tuesday,0
2025-09-17,Assam,797.0,343.0,13.0,1153.0,404.0,4808.0,5212.0,1982.0,1212.0,3194.0,9559.0,34293000,0.0336,7.28,Maintenance,2025,9,September,Wednesday,0
2025-09-18,Assam,1223.0,520.0,20.0,1763.0,1243.0,19351.0,20594.0,3460.0,1943.0,5403.0,27760.0,34293000,0.0514,14.74,Maintenance,2025,9,September,Thursday,0
2025-09-19,Assam,1318.0,516.0,29.0,1863.0,967.0,17400.0,18367.0,3819.0,2006.0,5825.0,26055.0,34293000,0.0543,12.98,Maintenance,2025,9,September,Friday,0
2025-09-20,Assam,634.0,260.0,4.0,898.0,472.0,7831.0,8303.0,1944.0,992.0,2936.0,12137.0,34293000,0.0262,12.5,Maintenance,2025,9,September,Saturday,1
2025-09-21,Assam,65.0,22.0,1.0,88.0,0.0,0.0,0.0,0.0,0.0,0.0,88.0,34293000,0.0026,0.0,Growth,2025,9,September,Sunday,1
2025-09-22,Assam,452.0,193.0,0.0,645.0,0.0,0.0,0.0,0.0,0.0,0.0,645.0,34293000,0.0188,0.0,Growth,2025,9,September,Monday,0
2025-09-23,Assam,371.0,174.0,6.0,551.0,0.0,0.0,0.0,0.0,0.0,0.0,551.0,34293000,0.0161,0.0,Growth,2025,9,September,Tuesday,0
2025-09-24,Assam,1226.0,402.0,10.0,1638.0,0.0,0.0,0.0,0.0,0.0,0.0,1638.0,34293000,0.0478,0.0,Growth,2025,9,September,Wednesday,0
2025-09-25,Assam,1306.0,494.0,9.0,1809.0,0.0,0.0,0.0,0.0,0.0,0.0,1809.0,34293000,0.0528,0.0,Growth,2025,9,September,Thursday,0
2025-09-26,Assam,888.0,347.0,3.0,1238.0,0.0,0.0,0.0,0.0,0.0,0.0,1238.0,34293000,0.0361,0.0,Growth,2025,9,September,Friday,0
2025-09-27,Assam,314.0,158.0,6.0,478.0,0.0,0.0,0.0,0.0,0.0,0.0,478.0,34293000,0.0139,0.0,Growth,2025,9,September,Saturday,1
2025-09-28,Assam,56.0,50.0,1.0,107.0,0.0,0.0,0.0,0.0,0.0,0.0,107.0,34293000,0.0031,0.0,Growth,2025,9,September,Sunday,1
2025-09-29,Assam,92.0,113.0,4.0,209.0,0.0,0.0,0.0,0.0,0.0,0.0,209.0,34293000,0.0061,0.0,Growth,2025,9,September,Monday,0
2025-09-30,Assam,51.0,53.0,0.0,104.0,0.0,0.0,0.0,0.0,0.0,0.0,104.0,34293000,0.003,0.0,Growth,2025,9,September,Tuesday,0
2025-10-13,Assam,1446.0,531.0,490.0,2467.0,450.0,9143.0,9593.0,77.0,294.0,371.0,12431.0,34293000,0.0719,4.04,Growth,2025,10,October,Monday,0
2025-10-15,Assam,1230.0,501.0,293.0,2024.0,927.0,14632.0,15559.0,1552.0,2517.0,4069.0,21652.0,34293000,0.059,9.69,Maintenance,2025,10,October,Wednesday,0
2025-10-16,Assam,809.0,382.0,186.0,1377.0,902.0,13023.0,13925.0,2383.0,3882.0,6265.0,21567.0,34293000,0.0402,14.65,Maintenance,2025,10,October,Thursday,0
2025-10-17,Assam,2336.0,963.0,153.0,3452.0,707.0,10262.0,10969.0,5319.0,10620.0,15939.0,30360.0,34293000,0.1007,7.79,Maintenance,2025,10,October,Friday,0
2025-10-18,Assam,1170.0,462.0,30.0,1662.0,388.0,5514.0,5902.0,4211.0,8727.0,12938.0,20502.0,34293000,0.0485,11.33,Maintenance,2025,10,October,Saturday,1
2025-10-19,Assam,878.0,307.0,21.0,1206.0,282.0,4078.0,4360.0,4055.0,8834.0,12889.0,18455.0,34293000,0.0352,14.29,Maintenance,2025,10,October,Sunday,1
2025-10-20,Assam,430.0,124.0,90.0,644.0,317.0,3235.0,3552.0,337.0,1003.0,1340.0,5536.0,34293000,0.0188,7.58,Maintenance,2025,10,October,Monday,0
2025-10-21,Assam,232.0,85.0,58.0,375.0,140.0,1682.0,1822.0,364.0,1030.0,1394.0,3591.0,34293000,0.0109,8.55,Maintenance,2025,10,October,Tuesday,0
2025-10-22,Assam,7.0,1.0,7.0,15.0,46.0,427.0,473.0,36.0,73.0,109.0,597.0,34293000,0.0004,36.38,Maintenance,2025,10,October,Wednesday,0
2025-10-23,Assam,4.0,4.0,344.0,352.0,43.0,614.0,657.0,76.0,128.0,204.0,1213.0,34293000,0.0103,2.44,Growth,2025,10,October,Thursday,0
2025-10-24,Assam,1131.0,447.0,249.0,1827.0,966.0,12075.0,13041.0,3716.0,6110.0,9826.0,24694.0,34293000,0.0533,12.51,Maintenance,2025,10,October,Friday,0
2025-10-25,Assam,1090.0,485.0,50.0,1625.0,738.0,9457.0,10195.0,8458.0,12910.0,21368.0,33188.0,34293000,0.0474,19.41,Maintenance,2025,10,October,Saturday,1
2025-10-26,Assam,528.0,430.0,43.0,1001.0,989.0,11539.0,12528.0,6138.0,5722.0,11860.0,25389.0,34293000,0.0292,24.34,Maintenance,2025,10,October,Sunday,1
2025-10-27,Assam,643.0,337.0,206.0,1186.0,459.0,5563.0,6022.0,5061.0,3839.0,8900.0,16108.0,34293000,0.0346,12.57,Maintenance,2025,10,October,Monday,0
2025-10-28,Assam,768.0,297.0,81.0,1146.0,344.0,4387.0,4731.0,1889.0,1445.0,3334.0,9211.0,34293000,0.0334,7.03,Maintenance,2025,10,October,Tuesday,0
2025-10-29,Assam,650.0,266.0,274.0,1190.0,434.0,5327.0,5761.0,2621.0,1627.0,4248.0,11199.0,34293000,0.0347,8.4,Maintenance,2025,10,October,Wednesday,0
2025-10-30,Assam,2911.0,1049.0,135.0,4095.0,267.0,3630.0,3897.0,3483.0,1706.0,5189.0,13181.0,34293000,0.1194,2.22,Growth,2025,10,October,Thursday,0
2025-10-31,Assam,1334.0,493.0,152.0,1979.0,853.0,9342.0,10195.0,8844.0,4989.0,13833.0,26007.0,34293000,0.0577,12.14,Maintenance,2025,10,October,Friday,0
2025-11-01,Assam,274.0,180.0,100.0,554.0,865.0,8577.0,9442.0,5095.0,2711.0,7806.0,17802.0,34293000,0.0162,31.08,Maintenance,2025,11,November,Saturday,1
2025-11-02,Assam,1752.0,699.0,42.0,2493.0,379.0,2933.0,3312.0,3094.0,1566.0,4660.0,10465.0,34293000,0.0727,3.2,Growth,2025,11,November,Sunday,1
2025-11-03,Assam,579.0,257.0,186.0,1022.0,1060.0,10685.0,11745.0,3051.0,2049.0,5100.0,17867.0,34293000,0.0298,16.47,Maintenance,2025,11,November,Monday,0
2025-11-04,Assam,11.0,4.0,0.0,15.0,802.0,8806.0,9608.0,6196.0,3360.0,9556.0,19179.0,34293000,0.0004,1197.75,Maintenance,2025,11,November,Tuesday,0
2025-11-05,Assam,1808.0,703.0,23.0,2534.0,606.0,5706.0,6312.0,3617.0,2136.0,5753.0,14599.0,34293000,0.0739,4.76,Growth,2025,11,November,Wednesday,0
2025-11-06,Assam,1010.0,361.0,317.0,1688.0,676.0,7277.0,7953.0,3463.0,2166.0,5629.0,15270.0,34293000,0.0492,8.04,Maintenance,2025,11,November,Thursday,0
2025-11-07,Assam,629.0,258.0,256.0,1143.0,579.0,7002.0,7581.0,6559.0,3575.0,10134.0,18858.0,34293000,0.0333,15.49,Maintenance,2025,11,November,Friday,0
2025-11-08,Assam,1003.0,498.0,59.0,1560.0,884.0,8313.0,9197.0,5657.0,2673.0,8330.0,19087.0,34293000,0.0455,11.23,Maintenance,2025,11,November,Saturday,1
2025-11-09,Assam,687.0,228.0,5.0,920.0,297.0,2731.0,3028.0,1552.0,705.0,2257.0,6205.0,34293000,0.0268,5.74,Maintenance,2025,11,November,Sunday,1
2025-11-10,Assam,926.0,316.0,154.0,1396.0,542.0,6518.0,7060.0,3624.0,2010.0,5634.0,14090.0,34293000,0.0407,9.09,Maintenance,2025,11,November,Monday,0
2025-11-11,Assam,796.0,395.0,164.0,1355.0,437.0,5436.0,5873.0,3868.0,2731.0,6599.0,13827.0,34293000,0.0395,9.2,Maintenance,2025,11,November,Tuesday,0
2025-11-12,Assam,740.0,452.0,480.0,1672.0,401.0,4353.0,4754.0,3298.0,1725.0,5023.0,11449.0,34293000,0.0488,5.84,Maintenance,2025,11,November,Wednesday,0
2025-11-13,Assam,556.0,253.0,261.0,1070.0,417.0,5706.0,6123.0,1951.0,1916.0,3867.0,11060.0,34293000,0.0312,9.33,Maintenance,2025,11,November,Thursday,0
2025-11-14,Assam,633.0,430.0,152.0,1215.0,862.0,9734.0,10596.0,2796.0,1596.0,4392.0,16203.0,34293000,0.0354,12.33,Maintenance,2025,11,November,Friday,0
2025-11-15,Assam,2595.0,1259.0,100.0,3954.0,644.0,6907.0,7551.0,1983.0,871.0,2854.0,14359.0,34293000,0.1153,2.63,Growth,2025,11,November,Saturday,1
2025-11-16,Assam,917.0,487.0,125.0,1529.0,317.0,2879.0,3196.0,1216.0,571.0,1787.0,6512.0,34293000,0.0446,3.26,Growth,2025,11,November,Sunday,1
2025-11-17,Assam,423.0,147.0,134.0,704.0,597.0,7011.0,7608.0,1711.0,766.0,2477.0,10789.0,34293000,0.0205,14.3,Maintenance,2025,11,November,Monday,0
2025-11-18,Assam,1430.0,692.0,186.0,2308.0,136.0,1917.0,2053.0,1970.0,963.0,2933.0,7294.0,34293000,0.0673,2.16,Growth,2025,11,November,Tuesday,0
2025-11-19,Assam,2370.0,742.0,421.0,3533.0,449.0,6083.0,6532.0,1507.0,697.0,2204.0,12269.0,34293000,0.103,2.47,Growth,2025,11,November,Wednesday,0
2025-11-25,Assam,847.0,337.0,149.0,1333.0,142.0,1767.0,1909.0,11560.0,5661.0,17221.0,20463.0,34293000,0.0389,14.34,Maintenance,2025,11,November,Tuesday,0
2025-11-26,Assam,0.0,0.0,0.0,0.0,458.0,5360.0,5818.0,0.0,0.0,0.0,5818.0,34293000,0.0,5818.0,Maintenance,2025,11,November,Wednesday,0
2025-11-27,Assam,0.0,0.0,0.0,0.0,1356.0,16069.0,17425.0,0.0,0.0,0.0,17425.0,34293000,0.0,17425.0,Maintenance,2025,11,November,Thursday,0
2025-11-28,Assam,0.0,0.0,0.0,0.0,800.0,9444.0,10244.0,0.0,0.0,0.0,10244.0,34293000,0.0,10244.0,Maintenance,2025,11,November,Friday,0
2025-11-29,Assam,0.0,0.0,0.0,0.0,580.0,6073.0,6653.0,0.0,0.0,0.0,6653.0,34293000,0.0,6653.0,Maintenance,2025,11,November,Saturday,1
2025-12-01,Assam,0.0,0.0,0.0,0.0,617.0,7284.0,7901.0,2993.0,1363.0,4356.0,12257.0,34293000,0.0,12257.0,Maintenance,2025,12,December,Monday,0
2025-12-02,Assam,0.0,0.0,0.0,0.0,1105.0,12034.0,13139.0,5487.0,2418.0,7905.0,21044.0,34293000,0.0,21044.0,Maintenance,2025,12,December,Tuesday,0
2025-12-03,Assam,0.0,0.0,0.0,0.0,665.0,7328.0,7993.0,4960.0,3221.0,8181.0,16174.0,34293000,0.0,16174.0,Maintenance,2025,12,December,Wednesday,0
2025-12-04,Assam,0.0,0.0,0.0,0.0,1033.0,12449.0,13482.0,4590.0,2948.0,7538.0,21020.0,34293000,0.0,21020.0,Maintenance,2025,12,December,Thursday,0
2025-12-05,Assam,0.0,0.0,0.0,0.0,670.0,7825.0,8495.0,3832.0,2524.0,6356.0,14851.0,34293000,0.0,14851.0,Maintenance,2025,12,December,Friday,0
2025-12-06,Assam,0.0,0.0,0.0,0.0,310.0,3413.0,3723.0,4272.0,2683.0,6955.0,10678.0,34293000,0.0,10678.0,Maintenance,2025,12,December,Saturday,1
2025-12-07,Assam,0.0,0.0,0.0,0.0,404.0,4614.0,5018.0,2334.0,1636.0,3970.0,8988.0,34293000,0.0,8988.0,Maintenance,2025,12,December,Sunday,1
2025-12-08,Assam,0.0,0.0,0.0,0.0,1207.0,15660.0,16867.0,3813.0,2941.0,6754.0,23621.0,34293000,0.0,23621.0,Maintenance,2025,12,December,Monday,0
2025-12-09,Assam,0.0,0.0,0.0,0.0,691.0,7987.0,8678.0,6115.0,4359.0,10474.0,19152.0,34293000,0.0,19152.0,Maintenance,2025,12,December,Tuesday,0
2025-12-10,Assam,0.0,0.0,0.0,0.0,924.0,12327.0,13251.0,3046.0,2189.0,5235.0,18486.0,34293000,0.0,18486.0,Maintenance,2025,12,December,Wednesday,0
2025-12-11,Assam,0.0,0.0,0.0,0.0,805.0,9646.0,10451.0,4069.0,2866.0,6935.0,17386.0,34293000,0.0,17386.0,Maintenance,2025,12,December,Thursday,0
2025-12-12,Assam,0.0,0.0,0.0,0.0,1017.0,12737.0,13754.0,4595.0,3381.0,7976.0,21730.0,34293000,0.0,21730.0,Maintenance,2025,12,December,Friday,0
2025-12-13,Assam,0.0,0.0,0.0,0.0,855.0,9612.0,10467.0,3336.0,2216.0,5552.0,16019.0,34293000,0.0,16019.0,Maintenance,2025,12,December,Saturday,1
2025-12-14,Assam,0.0,0.0,0.0,0.0,541.0,7016.0,7557.0,1814.0,1376.0,3190.0,10747.0,34293000,0.0,10747.0,Maintenance,2025,12,December,Sunday,1
2025-12-15,Assam,2074.0,814.0,489.0,3377.0,744.0,9279.0,10023.0,1602.0,1148.0,2750.0,16150.0,34293000,0.0985,3.78,Growth,2025,12,December,Monday,0
2025-12-16,Assam,0.0,0.0,0.0,0.0,628.0,7119.0,7747.0,5566.0,3835.0,9401.0,17148.0,34293000,0.0,17148.0,Maintenance,2025,12,December,Tuesday,0
2025-12-18,Assam,0.0,0.0,0.0,0.0,77.0,1038.0,1115.0,612.0,355.0,967.0,2082.0,34293000,0.0,2082.0,Maintenance,2025,12,December,Thursday,0
2025-12-19,Assam,0.0,0.0,0.0,0.0,767.0,8648.0,9415.0,4777.0,3188.0,7965.0,17380.0,34293000,0.0,17380.0,Maintenance,2025,12,December,Friday,0
2025-12-20,Assam,0.0,0.0,0.0,0.0,603.0,6298.0,6901.0,1927.0,1342.0,3269.0,10170.0,34293000,0.0,10170.0,Maintenance,2025,12,December,Saturday,1
2025-12-21,Assam,996.0,4.0,0.0,1000.0,277.0,3273.0,3550.0,0.0,0.0,0.0,4550.0,34293000,0.0292,3.55,Growth,2025,12,December,Sunday,1
2025-12-22,Assam,2010.0,10.0,0.0,2020.0,482.0,6753.0,7235.0,0.0,0.0,0.0,9255.0,34293000,0.0589,3.58,Growth,2025,12,December,Monday,0
2025-12-23,Assam,939.0,2.0,6.0,947.0,1549.0,15215.0,16764.0,2.0,2.0,4.0,17715.0,34293000,0.0276,17.69,Maintenance,2025,12,December,Tuesday,0
2025-12-24,Assam,658.0,288.0,204.0,1150.0,429.0,4662.0,5091.0,0.0,0.0,0.0,6241.0,34293000,0.0335,4.42,Growth,2025,12,December,Wednesday,0
2025-12-25,Assam,466.0,633.0,78.0,1177.0,530.0,5136.0,5666.0,5637.0,4649.0,10286.0,17129.0,34293000,0.0343,13.54,Maintenance,2025,12,December,Thursday,0
2025-12-26,Assam,973.0,323.0,52.0,1348.0,990.0,9130.0,10120.0,4719.0,4786.0,9505.0,20973.0,34293000,0.0393,14.55,Maintenance,2025,12,December,Friday,0
2025-12-27,Assam,1451.0,616.0,94.0,2161.0,731.0,7831.0,8562.0,3932.0,3551.0,7483.0,18206.0,34293000,0.063,7.42,Maintenance,2025,12,December,Saturday,1
2025-12-28,Assam,1694.0,622.0,42.0,2358.0,384.0,5415.0,5799.0,1316.0,1290.0,2606.0,10763.0,34293000,0.0688,3.56,Growth,2025,12,December,Sunday,1
2025-12-29,Assam,2522.0,283.0,492.0,3297.0,770.0,10065.0,10835.0,3700.0,3379.0,7079.0,21211.0,34293000,0.0961,5.43,Maintenance,2025,12,December,Monday,0
2025-12-31,Assam,835.0,1238.0,79.0,2152.0,0.0,0.0,0.0,0.0,0.0,0.0,2152.0,34293000,0.0628,0.0,Growth,2025,12,December,Wednesday,0
2025-12-13,Balanagar,0.0,0.0,0.0,0.0,0.0,2.0,2.0,0.0,0.0,0.0,2.0,24435828,0.0,2.0,Growth,2025,12,December,Saturday,1
2025-03-01,Bihar,0.0,0.0,0.0,0.0,95221.0,991478.0,1086699.0,324179.0,439330.0,763509.0,1850208.0,121243000,0.0,1850208.0,Maintenance,2025,3,March,Saturday,1
2025-03-09,Bihar,206.0,633.0,166.0,1005.0,0.0,0.0,0.0,0.0,0.0,0.0,1005.0,121243000,0.0083,0.0,Growth,2025,3,March,Sunday,1
2025-03-15,Bihar,69.0,292.0,87.0,448.0,0.0,0.0,0.0,0.0,0.0,0.0,448.0,121243000,0.0037,0.0,Growth,2025,3,March,Saturday,1
2025-03-20,Bihar,63.0,119.0,65.0,247.0,0.0,0.0,0.0,0.0,0.0,0.0,247.0,121243000,0.002,0.0,Growth,2025,3,March,Thursday,0
2025-03-23,Bihar,34.0,41.0,10.0,85.0,0.0,0.0,0.0,0.0,0.0,0.0,85.0,121243000,0.0007,0.0,Growth,2025,3,March,Sunday,1
2025-03-27,Bihar,144.0,307.0,116.0,567.0,0.0,0.0,0.0,0.0,0.0,0.0,567.0,121243000,0.0047,0.0,Growth,2025,3,March,Thursday,0
2025-04-01,Bihar,12551.0,15361.0,1530.0,29442.0,2204.0,13096.0,15300.0,419994.0,375725.0,795719.0,840461.0,121243000,0.2428,27.55,Maintenance,2025,4,April,Tuesday,0
2025-05-01,Bihar,13251.0,17159.0,1241.0,31651.0,768.0,9424.0,10192.0,283915.0,268284.0,552199.0,594042.0,121243000,0.2611,17.77,Maintenance,2025,5,May,Thursday,0
2025-06-01,Bihar,16160.0,28223.0,2003.0,46386.0,0.0,0.0,0.0,239119.0,255338.0,494457.0,540843.0,121243000,0.3826,10.66,Maintenance,2025,6,June,Sunday,1
2025-07-01,Bihar,19008.0,38019.0,2247.0,59274.0,628.0,7889.0,8517.0,253037.0,351024.0,604061.0,671852.0,121243000,0.4889,10.33,Maintenance,2025,7,July,Tuesday,0
2025-09-01,Bihar,3063.0,4839.0,46.0,7948.0,4736.0,55501.0,60237.0,9785.0,14805.0,24590.0,92775.0,121243000,0.0656,10.67,Maintenance,2025,9,September,Monday,0
2025-09-02,Bihar,3354.0,5013.0,58.0,8425.0,5219.0,65863.0,71082.0,6630.0,9412.0,16042.0,95549.0,121243000,0.0695,10.34,Maintenance,2025,9,September,Tuesday,0
2025-09-03,Bihar,3128.0,4337.0,73.0,7538.0,4305.0,58335.0,62640.0,8996.0,12677.0,21673.0,91851.0,121243000,0.0622,11.18,Maintenance,2025,9,September,Wednesday,0
2025-09-04,Bihar,2526.0,3548.0,43.0,6117.0,3954.0,62407.0,66361.0,8717.0,13429.0,22146.0,94624.0,121243000,0.0505,14.47,Maintenance,2025,9,September,Thursday,0
2025-09-05,Bihar,1011.0,1430.0,33.0,2474.0,2977.0,61326.0,64303.0,2219.0,3367.0,5586.0,72363.0,121243000,0.0204,28.24,Maintenance,2025,9,September,Friday,0
2025-09-06,Bihar,2948.0,3926.0,49.0,6923.0,5182.0,83128.0,88310.0,7987.0,11467.0,19454.0,114687.0,121243000,0.0571,15.56,Maintenance,2025,9,September,Saturday,1
2025-09-07,Bihar,711.0,813.0,17.0,1541.0,924.0,19461.0,20385.0,691.0,970.0,1661.0,23587.0,121243000,0.0127,14.3,Maintenance,2025,9,September,Sunday,1
2025-09-08,Bihar,3659.0,4159.0,51.0,7869.0,4784.0,86790.0,91574.0,8233.0,11678.0,19911.0,119354.0,121243000,0.0649,14.17,Maintenance,2025,9,September,Monday,0
2025-09-09,Bihar,3710.0,4513.0,36.0,8259.0,4645.0,86133.0,90778.0,10368.0,14989.0,25357.0,124394.0,121243000,0.0681,14.06,Maintenance,2025,9,September,Tuesday,0
2025-09-10,Bihar,3617.0,4029.0,59.0,7705.0,4632.0,87814.0,92446.0,11538.0,20294.0,31832.0,131983.0,121243000,0.0636,16.13,Maintenance,2025,9,September,Wednesday,0
2025-09-11,Bihar,2870.0,3774.0,41.0,6685.0,3072.0,56129.0,59201.0,7990.0,13896.0,21886.0,87772.0,121243000,0.0551,12.13,Maintenance,2025,9,September,Thursday,0
2025-09-12,Bihar,3169.0,4101.0,36.0,7306.0,2525.0,44406.0,46931.0,9124.0,14660.0,23784.0,78021.0,121243000,0.0603,9.68,Maintenance,2025,9,September,Friday,0
2025-09-13,Bihar,1953.0,2446.0,36.0,4435.0,2646.0,43812.0,46458.0,6148.0,9377.0,15525.0,66418.0,121243000,0.0366,13.97,Maintenance,2025,9,September,Saturday,1
2025-09-14,Bihar,617.0,571.0,15.0,1203.0,1212.0,23282.0,24494.0,817.0,1225.0,2042.0,27739.0,121243000,0.0099,22.04,Maintenance,2025,9,September,Sunday,1
2025-09-15,Bihar,1992.0,2442.0,25.0,4459.0,4024.0,60778.0,64802.0,8238.0,12699.0,20937.0,90198.0,121243000,0.0368,19.22,Maintenance,2025,9,September,Monday,0
2025-09-16,Bihar,2155.0,2900.0,34.0,5089.0,2925.0,49970.0,52895.0,7629.0,12689.0,20318.0,78302.0,121243000,0.042,14.38,Maintenance,2025,9,September,Tuesday,0
2025-09-17,Bihar,1410.0,1680.0,27.0,3117.0,1227.0,19550.0,20777.0,4456.0,7599.0,12055.0,35949.0,121243000,0.0257,10.53,Maintenance,2025,9,September,Wednesday,0
2025-09-18,Bihar,2531.0,2980.0,43.0,5554.0,4148.0,68546.0,72694.0,8326.0,14421.0,22747.0,100995.0,121243000,0.0458,17.18,Maintenance,2025,9,September,Thursday,0
2025-09-19,Bihar,2410.0,2985.0,39.0,5434.0,3888.0,69451.0,73339.0,8803.0,13627.0,22430.0,101203.0,121243000,0.0448,17.62,Maintenance,2025,9,September,Friday,0
2025-09-20,Bihar,1934.0,2846.0,42.0,4822.0,2499.0,45890.0,48389.0,8721.0,13404.0,22125.0,75336.0,121243000,0.0398,14.62,Maintenance,2025,9,September,Saturday,1
2025-09-21,Bihar,197.0,432.0,17.0,646.0,0.0,0.0,0.0,0.0,0.0,0.0,646.0,121243000,0.0053,0.0,Growth,2025,9,September,Sunday,1
2025-09-22,Bihar,1886.0,2693.0,40.0,4619.0,0.0,0.0,0.0,0.0,0.0,0.0,4619.0,121243000,0.0381,0.0,Growth,2025,9,September,Monday,0
2025-09-23,Bihar,2569.0,3176.0,41.0,5786.0,0.0,0.0,0.0,0.0,0.0,0.0,5786.0,121243000,0.0477,0.0,Growth,2025,9,September,Tuesday,0
2025-09-24,Bihar,3192.0,3056.0,31.0,6279.0,0.0,0.0,0.0,0.0,0.0,0.0,6279.0,121243000,0.0518,0.0,Growth,2025,9,September,Wednesday,0
2025-09-25,Bihar,3057.0,2822.0,35.0,5914.0,0.0,0.0,0.0,0.0,0.0,0.0,5914.0,121243000,0.0488,0.0,Growth,2025,9,September,Thursday,0
2025-09-26,Bihar,2125.0,2060.0,15.0,4200.0,0.0,0.0,0.0,0.0,0.0,0.0,4200.0,121243000,0.0346,0.0,Growth,2025,9,September,Friday,0
2025-09-27,Bihar,811.0,1024.0,18.0,1853.0,0.0,0.0,0.0,0.0,0.0,0.0,1853.0,121243000,0.0153,0.0,Growth,2025,9,September,Saturday,1
2025-09-28,Bihar,157.0,273.0,14.0,444.0,0.0,0.0,0.0,0.0,0.0,0.0,444.0,121243000,0.0037,0.0,Growth,2025,9,September,Sunday,1
2025-09-29,Bihar,167.0,565.0,19.0,751.0,0.0,0.0,0.0,0.0,0.0,0.0,751.0,121243000,0.0062,0.0,Growth,2025,9,September,Monday,0
2025-09-30,Bihar,11.0,150.0,9.0,170.0,0.0,0.0,0.0,0.0,0.0,0.0,170.0,121243000,0.0014,0.0,Growth,2025,9,September,Tuesday,0
2025-10-13,Bihar,5542.0,5769.0,218.0,11529.0,1961.0,39023.0,40984.0,36.0,79.0,115.0,52628.0,121243000,0.0951,3.56,Growth,2025,10,October,Monday,0
2025-10-15,Bihar,3995.0,4717.0,269.0,8981.0,6570.0,81245.0,87815.0,7558.0,9803.0,17361.0,114157.0,121243000,0.0741,11.71,Maintenance,2025,10,October,Wednesday,0
2025-10-16,Bihar,1995.0,2644.0,252.0,4891.0,5996.0,71494.0,77490.0,8272.0,11639.0,19911.0,102292.0,121243000,0.0403,19.91,Maintenance,2025,10,October,Thursday,0
2025-10-17,Bihar,10244.0,9069.0,135.0,19448.0,3755.0,57057.0,60812.0,10744.0,15121.0,25865.0,106125.0,121243000,0.1604,4.46,Growth,2025,10,October,Friday,0
2025-10-18,Bihar,3863.0,4401.0,107.0,8371.0,2093.0,26507.0,28600.0,11702.0,16864.0,28566.0,65537.0,121243000,0.069,6.83,Maintenance,2025,10,October,Saturday,1
2025-10-19,Bihar,2960.0,2728.0,38.0,5726.0,2283.0,22859.0,25142.0,9300.0,13963.0,23263.0,54131.0,121243000,0.0472,8.45,Maintenance,2025,10,October,Sunday,1
2025-10-20,Bihar,1100.0,1817.0,16.0,2933.0,1149.0,11758.0,12907.0,505.0,780.0,1285.0,17125.0,121243000,0.0242,4.84,Growth,2025,10,October,Monday,0
2025-10-21,Bihar,421.0,813.0,8.0,1242.0,1209.0,8628.0,9837.0,627.0,1123.0,1750.0,12829.0,121243000,0.0102,9.32,Maintenance,2025,10,October,Tuesday,0
2025-10-22,Bihar,7.0,9.0,3.0,19.0,206.0,1171.0,1377.0,66.0,86.0,152.0,1548.0,121243000,0.0002,76.45,Maintenance,2025,10,October,Wednesday,0
2025-10-23,Bihar,12.0,9.0,96.0,117.0,291.0,2195.0,2486.0,551.0,718.0,1269.0,3872.0,121243000,0.001,31.82,Maintenance,2025,10,October,Thursday,0
2025-10-24,Bihar,2353.0,2838.0,147.0,5338.0,4682.0,57833.0,62515.0,10463.0,14280.0,24743.0,92596.0,121243000,0.044,16.34,Maintenance,2025,10,October,Friday,0
2025-10-25,Bihar,2773.0,2859.0,38.0,5670.0,2846.0,33707.0,36553.0,8326.0,12324.0,20650.0,62873.0,121243000,0.0468,10.09,Maintenance,2025,10,October,Saturday,1
2025-10-26,Bihar,1444.0,3417.0,74.0,4935.0,2838.0,39040.0,41878.0,15420.0,21764.0,37184.0,83997.0,121243000,0.0407,16.02,Maintenance,2025,10,October,Sunday,1
2025-10-27,Bihar,1053.0,2340.0,52.0,3445.0,1478.0,15569.0,17047.0,9627.0,14712.0,24339.0,44831.0,121243000,0.0284,12.01,Maintenance,2025,10,October,Monday,0
2025-10-28,Bihar,1483.0,1841.0,26.0,3350.0,705.0,5290.0,5995.0,3076.0,4714.0,7790.0,17135.0,121243000,0.0276,4.11,Growth,2025,10,October,Tuesday,0
2025-10-29,Bihar,1200.0,1081.0,36.0,2317.0,2304.0,16305.0,18609.0,3189.0,5092.0,8281.0,29207.0,121243000,0.0191,11.6,Maintenance,2025,10,October,Wednesday,0
2025-10-30,Bihar,3279.0,3281.0,87.0,6647.0,1488.0,16312.0,17800.0,3220.0,5225.0,8445.0,32892.0,121243000,0.0548,3.95,Growth,2025,10,October,Thursday,0
2025-10-31,Bihar,2573.0,3288.0,89.0,5950.0,3701.0,46590.0,50291.0,6811.0,12369.0,19180.0,75421.0,121243000,0.0491,11.67,Maintenance,2025,10,October,Friday,0
2025-11-01,Bihar,440.0,1197.0,40.0,1677.0,3360.0,43657.0,47017.0,3837.0,6768.0,10605.0,59299.0,121243000,0.0138,34.34,Maintenance,2025,11,November,Saturday,1
2025-11-02,Bihar,3962.0,4076.0,12.0,8050.0,2217.0,23687.0,25904.0,10351.0,18264.0,28615.0,62569.0,121243000,0.0664,6.77,Maintenance,2025,11,November,Sunday,1
2025-11-03,Bihar,1005.0,1514.0,43.0,2562.0,5105.0,55686.0,60791.0,10258.0,18006.0,28264.0,91617.0,121243000,0.0211,34.75,Maintenance,2025,11,November,Monday,0
2025-11-04,Bihar,54.0,58.0,1.0,113.0,3819.0,59062.0,62881.0,2462.0,5148.0,7610.0,70604.0,121243000,0.0009,618.34,Maintenance,2025,11,November,Tuesday,0
2025-11-05,Bihar,4365.0,5139.0,70.0,9574.0,3082.0,36336.0,39418.0,8136.0,13511.0,21647.0,70639.0,121243000,0.079,6.38,Maintenance,2025,11,November,Wednesday,0
2025-11-06,Bihar,1782.0,3458.0,95.0,5335.0,3356.0,32909.0,36265.0,18590.0,29709.0,48299.0,89899.0,121243000,0.044,15.85,Maintenance,2025,11,November,Thursday,0
2025-11-07,Bihar,1463.0,2214.0,54.0,3731.0,3497.0,40312.0,43809.0,6612.0,11474.0,18086.0,65626.0,121243000,0.0308,16.58,Maintenance,2025,11,November,Friday,0
2025-11-08,Bihar,2964.0,3746.0,78.0,6788.0,4448.0,54081.0,58529.0,4240.0,6968.0,11208.0,76525.0,121243000,0.056,10.27,Maintenance,2025,11,November,Saturday,1
2025-11-09,Bihar,2035.0,2015.0,26.0,4076.0,2433.0,19349.0,21782.0,7485.0,12330.0,19815.0,45673.0,121243000,0.0336,10.2,Maintenance,2025,11,November,Sunday,1
2025-11-10,Bihar,2952.0,3105.0,54.0,6111.0,2918.0,30976.0,33894.0,10576.0,17411.0,27987.0,67992.0,121243000,0.0504,10.12,Maintenance,2025,11,November,Monday,0
2025-11-11,Bihar,1706.0,2215.0,64.0,3985.0,2633.0,22963.0,25596.0,9371.0,16198.0,25569.0,55150.0,121243000,0.0329,12.84,Maintenance,2025,11,November,Tuesday,0
2025-11-12,Bihar,1529.0,2810.0,80.0,4419.0,2100.0,22918.0,25018.0,5315.0,8844.0,14159.0,43596.0,121243000,0.0364,8.86,Maintenance,2025,11,November,Wednesday,0
2025-11-13,Bihar,897.0,1965.0,48.0,2910.0,2814.0,27274.0,30088.0,6299.0,10795.0,17094.0,50092.0,121243000,0.024,16.21,Maintenance,2025,11,November,Thursday,0
2025-11-14,Bihar,1737.0,2362.0,51.0,4150.0,2997.0,26242.0,29239.0,2819.0,5146.0,7965.0,41354.0,121243000,0.0342,8.96,Maintenance,2025,11,November,Friday,0
2025-11-15,Bihar,6635.0,6171.0,68.0,12874.0,3127.0,34271.0,37398.0,3410.0,5909.0,9319.0,59591.0,121243000,0.1062,3.63,Growth,2025,11,November,Saturday,1
2025-11-16,Bihar,1458.0,2068.0,35.0,3561.0,1122.0,8768.0,9890.0,8723.0,15024.0,23747.0,37198.0,121243000,0.0294,9.44,Maintenance,2025,11,November,Sunday,1
2025-11-17,Bihar,971.0,1164.0,58.0,2193.0,2532.0,30964.0,33496.0,8145.0,14089.0,22234.0,57923.0,121243000,0.0181,25.4,Maintenance,2025,11,November,Monday,0
2025-11-18,Bihar,3731.0,3530.0,65.0,7326.0,1660.0,21015.0,22675.0,6299.0,10749.0,17048.0,47049.0,121243000,0.0604,5.42,Maintenance,2025,11,November,Tuesday,0
2025-11-19,Bihar,6299.0,4834.0,51.0,11184.0,3623.0,45616.0,49239.0,3495.0,6451.0,9946.0,70369.0,121243000,0.0922,5.29,Maintenance,2025,11,November,Wednesday,0
2025-11-25,Bihar,2142.0,2803.0,60.0,5005.0,730.0,5203.0,5933.0,15444.0,20305.0,35749.0,46687.0,121243000,0.0413,8.33,Maintenance,2025,11,November,Tuesday,0
2025-11-26,Bihar,0.0,0.0,0.0,0.0,1782.0,26840.0,28622.0,0.0,0.0,0.0,28622.0,121243000,0.0,28622.0,Maintenance,2025,11,November,Wednesday,0
2025-11-27,Bihar,0.0,0.0,0.0,0.0,5522.0,77887.0,83409.0,0.0,0.0,0.0,83409.0,121243000,0.0,83409.0,Maintenance,2025,11,November,Thursday,0
2025-11-28,Bihar,0.0,0.0,0.0,0.0,4626.0,52110.0,56736.0,0.0,0.0,0.0,56736.0,121243000,0.0,56736.0,Maintenance,2025,11,November,Friday,0
2025-11-29,Bihar,0.0,0.0,0.0,0.0,1980.0,23219.0,25199.0,0.0,0.0,0.0,25199.0,121243000,0.0,25199.0,Maintenance,2025,11,November,Saturday,1
2025-12-01,Bihar,0.0,0.0,0.0,0.0,2340.0,23050.0,25390.0,13507.0,15660.0,29167.0,54557.0,121243000,0.0,54557.0,Maintenance,2025,12,December,Monday,0
2025-12-02,Bihar,0.0,0.0,0.0,0.0,5134.0,54552.0,59686.0,13680.0,18335.0,32015.0,91701.0,121243000,0.0,91701.0,Maintenance,2025,12,December,Tuesday,0
2025-12-03,Bihar,0.0,0.0,0.0,0.0,2952.0,25586.0,28538.0,11038.0,18353.0,29391.0,57929.0,121243000,0.0,57929.0,Maintenance,2025,12,December,Wednesday,0
2025-12-04,Bihar,0.0,0.0,0.0,0.0,5003.0,50689.0,55692.0,13616.0,21373.0,34989.0,90681.0,121243000,0.0,90681.0,Maintenance,2025,12,December,Thursday,0
2025-12-05,Bihar,0.0,0.0,0.0,0.0,2666.0,27285.0,29951.0,6778.0,11194.0,17972.0,47923.0,121243000,0.0,47923.0,Maintenance,2025,12,December,Friday,0
2025-12-06,Bihar,0.0,0.0,0.0,0.0,2157.0,22491.0,24648.0,7650.0,12410.0,20060.0,44708.0,121243000,0.0,44708.0,Maintenance,2025,12,December,Saturday,1
2025-12-07,Bihar,0.0,0.0,0.0,0.0,2114.0,13438.0,15552.0,10081.0,16020.0,26101.0,41653.0,121243000,0.0,41653.0,Maintenance,2025,12,December,Sunday,1
2025-12-08,Bihar,0.0,0.0,0.0,0.0,6487.0,62964.0,69451.0,9201.0,13511.0,22712.0,92163.0,121243000,0.0,92163.0,Maintenance,2025,12,December,Monday,0
2025-12-09,Bihar,0.0,0.0,0.0,0.0,3274.0,32164.0,35438.0,17984.0,26299.0,44283.0,79721.0,121243000,0.0,79721.0,Maintenance,2025,12,December,Tuesday,0
2025-12-10,Bihar,0.0,0.0,0.0,0.0,3145.0,33507.0,36652.0,7886.0,11441.0,19327.0,55979.0,121243000,0.0,55979.0,Maintenance,2025,12,December,Wednesday,0
2025-12-11,Bihar,0.0,0.0,0.0,0.0,3821.0,39186.0,43007.0,12001.0,17066.0,29067.0,72074.0,121243000,0.0,72074.0,Maintenance,2025,12,December,Thursday,0
2025-12-12,Bihar,0.0,0.0,0.0,0.0,5943.0,55302.0,61245.0,13717.0,19267.0,32984.0,94229.0,121243000,0.0,94229.0,Maintenance,2025,12,December,Friday,0
2025-12-13,Bihar,0.0,0.0,0.0,0.0,4314.0,40819.0,45133.0,19769.0,26114.0,45883.0,91016.0,121243000,0.0,91016.0,Maintenance,2025,12,December,Saturday,1
2025-12-14,Bihar,0.0,0.0,0.0,0.0,4018.0,26297.0,30315.0,2856.0,4474.0,7330.0,37645.0,121243000,0.0,37645.0,Maintenance,2025,12,December,Sunday,1
2025-12-15,Bihar,9473.0,9983.0,43.0,19499.0,2190.0,28926.0,31116.0,5385.0,7564.0,12949.0,63564.0,121243000,0.1608,2.26,Growth,2025,12,December,Monday,0
2025-12-16,Bihar,0.0,0.0,0.0,0.0,4721.0,46355.0,51076.0,14885.0,19774.0,34659.0,85735.0,121243000,0.0,85735.0,Maintenance,2025,12,December,Tuesday,0
2025-12-18,Bihar,0.0,0.0,0.0,0.0,454.0,5802.0,6256.0,620.0,917.0,1537.0,7793.0,121243000,0.0,7793.0,Maintenance,2025,12,December,Thursday,0
2025-12-19,Bihar,0.0,0.0,0.0,0.0,3295.0,30548.0,33843.0,15197.0,16909.0,32106.0,65949.0,121243000,0.0,65949.0,Maintenance,2025,12,December,Friday,0
2025-12-20,Bihar,0.0,0.0,0.0,0.0,2954.0,21284.0,24238.0,5944.0,6714.0,12658.0,36896.0,121243000,0.0,36896.0,Maintenance,2025,12,December,Saturday,1
2025-12-21,Bihar,2874.0,43.0,0.0,2917.0,1024.0,7360.0,8384.0,0.0,0.0,0.0,11301.0,121243000,0.0241,2.87,Growth,2025,12,December,Sunday,1
2025-12-22,Bihar,9001.0,128.0,0.0,9129.0,2039.0,23604.0,25643.0,1.0,1.0,2.0,34774.0,121243000,0.0753,2.81,Growth,2025,12,December,Monday,0
2025-12-23,Bihar,3372.0,42.0,3.0,3417.0,5697.0,48562.0,54259.0,5.0,5.0,10.0,57686.0,121243000,0.0282,15.88,Maintenance,2025,12,December,Tuesday,0
2025-12-24,Bihar,1953.0,2604.0,127.0,4684.0,3786.0,31581.0,35367.0,0.0,0.0,0.0,40051.0,121243000,0.0386,7.55,Maintenance,2025,12,December,Wednesday,0
2025-12-25,Bihar,1611.0,6390.0,144.0,8145.0,2220.0,20034.0,22254.0,23959.0,21228.0,45187.0,75586.0,121243000,0.0672,8.28,Maintenance,2025,12,December,Thursday,0
2025-12-26,Bihar,2650.0,3259.0,14.0,5923.0,5106.0,39642.0,44748.0,20317.0,22877.0,43194.0,93865.0,121243000,0.0489,14.85,Maintenance,2025,12,December,Friday,0
2025-12-27,Bihar,4204.0,6156.0,34.0,10394.0,3506.0,38893.0,42399.0,15648.0,14452.0,30100.0,82893.0,121243000,0.0857,6.97,Maintenance,2025,12,December,Saturday,1
2025-12-28,Bihar,2220.0,2618.0,6.0,4844.0,1935.0,14651.0,16586.0,5205.0,5607.0,10812.0,32242.0,121243000,0.04,5.65,Maintenance,2025,12,December,Sunday,1
2025-12-29,Bihar,2832.0,3106.0,28.0,5966.0,2345.0,25368.0,27713.0,14191.0,11740.0,25931.0,59610.0,121243000,0.0492,8.99,Maintenance,2025,12,December,Monday,0
2025-12-31,Bihar,3835.0,11371.0,258.0,15464.0,0.0,0.0,0.0,0.0,0.0,0.0,15464.0,121243000,0.1275,0.0,Growth,2025,12,December,Wednesday,0
2025-03-01,Chandigarh,0.0,0.0,0.0,0.0,1296.0,8949.0,10245.0,3053.0,3377.0,6430.0,16675.0,1158000,0.0,16675.0,Maintenance,2025,3,March,Saturday,1
2025-04-01,Chandigarh,86.0,21.0,10.0,117.0,3917.0,10968.0,14885.0,4587.0,3334.0,7921.0,22923.0,1158000,0.101,193.27,Maintenance,2025,4,April,Tuesday,0
2025-05-01,Chandigarh,0.0,0.0,0.0,0.0,2338.0,9805.0,12143.0,3424.0,3142.0,6566.0,18709.0,1158000,0.0,18709.0,Maintenance,2025,5,May,Thursday,0
2025-06-01,Chandigarh,0.0,0.0,0.0,0.0,841.0,6796.0,7637.0,2184.0,3046.0,5230.0,12867.0,1158000,0.0,12867.0,Maintenance,2025,6,June,Sunday,1
2025-07-01,Chandigarh,0.0,0.0,0.0,0.0,2093.0,9487.0,11580.0,27837.0,4710.0,32547.0,44127.0,1158000,0.0,44127.0,Maintenance,2025,7,July,Tuesday,0
2025-09-01,Chandigarh,18.0,1.0,0.0,19.0,27.0,201.0,228.0,176.0,114.0,290.0,537.0,1158000,0.0164,25.9,Maintenance,2025,9,September,Monday,0
2025-09-02,Chandigarh,19.0,1.0,0.0,20.0,56.0,257.0,313.0,106.0,74.0,180.0,513.0,1158000,0.0173,23.48,Maintenance,2025,9,September,Tuesday,0
2025-09-03,Chandigarh,14.0,1.0,0.0,15.0,32.0,287.0,319.0,85.0,72.0,157.0,491.0,1158000,0.013,29.75,Maintenance,2025,9,September,Wednesday,0
2025-09-04,Chandigarh,29.0,4.0,1.0,34.0,71.0,388.0,459.0,136.0,137.0,273.0,766.0,1158000,0.0294,20.91,Maintenance,2025,9,September,Thursday,0
2025-09-05,Chandigarh,36.0,3.0,0.0,39.0,28.0,224.0,252.0,124.0,108.0,232.0,523.0,1158000,0.0337,12.1,Maintenance,2025,9,September,Friday,0
2025-09-06,Chandigarh,28.0,7.0,0.0,35.0,35.0,240.0,275.0,88.0,60.0,148.0,458.0,1158000,0.0302,11.75,Maintenance,2025,9,September,Saturday,1
2025-09-07,Chandigarh,16.0,0.0,0.0,16.0,8.0,60.0,68.0,34.0,27.0,61.0,145.0,1158000,0.0138,7.59,Maintenance,2025,9,September,Sunday,1
2025-09-08,Chandigarh,41.0,4.0,0.0,45.0,49.0,332.0,381.0,55.0,75.0,130.0,556.0,1158000,0.0389,11.11,Maintenance,2025,9,September,Monday,0
2025-09-09,Chandigarh,41.0,5.0,0.0,46.0,59.0,358.0,417.0,127.0,143.0,270.0,733.0,1158000,0.0397,14.62,Maintenance,2025,9,September,Tuesday,0
2025-09-10,Chandigarh,41.0,7.0,0.0,48.0,20.0,240.0,260.0,157.0,151.0,308.0,616.0,1158000,0.0415,11.59,Maintenance,2025,9,September,Wednesday,0
2025-09-11,Chandigarh,42.0,5.0,0.0,47.0,41.0,320.0,361.0,152.0,127.0,279.0,687.0,1158000,0.0406,13.33,Maintenance,2025,9,September,Thursday,0
2025-09-12,Chandigarh,34.0,2.0,0.0,36.0,37.0,227.0,264.0,119.0,111.0,230.0,530.0,1158000,0.0311,13.35,Maintenance,2025,9,September,Friday,0
2025-09-13,Chandigarh,33.0,1.0,0.0,34.0,31.0,243.0,274.0,90.0,68.0,158.0,466.0,1158000,0.0294,12.34,Maintenance,2025,9,September,Saturday,1
2025-09-14,Chandigarh,13.0,3.0,0.0,16.0,27.0,157.0,184.0,48.0,48.0,96.0,296.0,1158000,0.0138,16.47,Maintenance,2025,9,September,Sunday,1
2025-09-15,Chandigarh,28.0,4.0,0.0,32.0,42.0,427.0,469.0,150.0,139.0,289.0,790.0,1158000,0.0276,22.97,Maintenance,2025,9,September,Monday,0
2025-09-16,Chandigarh,36.0,4.0,0.0,40.0,31.0,263.0,294.0,126.0,142.0,268.0,602.0,1158000,0.0345,13.71,Maintenance,2025,9,September,Tuesday,0
2025-09-17,Chandigarh,45.0,2.0,0.0,47.0,20.0,168.0,188.0,119.0,141.0,260.0,495.0,1158000,0.0406,9.33,Maintenance,2025,9,September,Wednesday,0
2025-09-18,Chandigarh,29.0,5.0,0.0,34.0,37.0,269.0,306.0,153.0,117.0,270.0,610.0,1158000,0.0294,16.46,Maintenance,2025,9,September,Thursday,0
2025-09-19,Chandigarh,36.0,2.0,0.0,38.0,46.0,352.0,398.0,136.0,111.0,247.0,683.0,1158000,0.0328,16.54,Maintenance,2025,9,September,Friday,0
2025-09-20,Chandigarh,31.0,2.0,0.0,33.0,1.0,71.0,72.0,88.0,78.0,166.0,271.0,1158000,0.0285,7.0,Maintenance,2025,9,September,Saturday,1
2025-09-21,Chandigarh,3.0,1.0,0.0,4.0,0.0,0.0,0.0,0.0,0.0,0.0,4.0,1158000,0.0035,0.0,Growth,2025,9,September,Sunday,1
2025-09-22,Chandigarh,18.0,1.0,0.0,19.0,0.0,0.0,0.0,0.0,0.0,0.0,19.0,1158000,0.0164,0.0,Growth,2025,9,September,Monday,0
2025-09-23,Chandigarh,37.0,2.0,0.0,39.0,0.0,0.0,0.0,0.0,0.0,0.0,39.0,1158000,0.0337,0.0,Growth,2025,9,September,Tuesday,0
2025-09-24,Chandigarh,39.0,2.0,0.0,41.0,0.0,0.0,0.0,0.0,0.0,0.0,41.0,1158000,0.0354,0.0,Growth,2025,9,September,Wednesday,0
2025-09-25,Chandigarh,27.0,2.0,0.0,29.0,0.0,0.0,0.0,0.0,0.0,0.0,29.0,1158000,0.025,0.0,Growth,2025,9,September,Thursday,0
2025-09-26,Chandigarh,28.0,4.0,0.0,32.0,0.0,0.0,0.0,0.0,0.0,0.0,32.0,1158000,0.0276,0.0,Growth,2025,9,September,Friday,0
2025-09-27,Chandigarh,8.0,2.0,0.0,10.0,0.0,0.0,0.0,0.0,0.0,0.0,10.0,1158000,0.0086,0.0,Growth,2025,9,September,Saturday,1
2025-09-28,Chandigarh,1.0,1.0,0.0,2.0,0.0,0.0,0.0,0.0,0.0,0.0,2.0,1158000,0.0017,0.0,Growth,2025,9,September,Sunday,1
2025-09-29,Chandigarh,5.0,1.0,0.0,6.0,0.0,0.0,0.0,0.0,0.0,0.0,6.0,1158000,0.0052,0.0,Growth,2025,9,September,Monday,0
2025-10-13,Chandigarh,27.0,5.0,0.0,32.0,2.0,114.0,116.0,0.0,0.0,0.0,148.0,1158000,0.0276,3.52,Growth,2025,10,October,Monday,0
2025-10-15,Chandigarh,25.0,5.0,0.0,30.0,58.0,445.0,503.0,34.0,25.0,59.0,592.0,1158000,0.0259,18.13,Maintenance,2025,10,October,Wednesday,0
2025-10-16,Chandigarh,11.0,2.0,0.0,13.0,49.0,416.0,465.0,84.0,67.0,151.0,629.0,1158000,0.0112,44.0,Maintenance,2025,10,October,Thursday,0
2025-10-17,Chandigarh,52.0,6.0,0.0,58.0,17.0,226.0,243.0,127.0,89.0,216.0,517.0,1158000,0.0501,7.78,Maintenance,2025,10,October,Friday,0
2025-10-18,Chandigarh,24.0,2.0,0.0,26.0,19.0,139.0,158.0,110.0,110.0,220.0,404.0,1158000,0.0225,14.0,Maintenance,2025,10,October,Saturday,1
2025-10-19,Chandigarh,23.0,3.0,0.0,26.0,16.0,82.0,98.0,90.0,40.0,130.0,254.0,1158000,0.0225,8.44,Maintenance,2025,10,October,Sunday,1
2025-10-20,Chandigarh,1.0,0.0,0.0,1.0,10.0,50.0,60.0,1.0,6.0,7.0,68.0,1158000,0.0009,33.5,Maintenance,2025,10,October,Monday,0
2025-10-21,Chandigarh,2.0,0.0,0.0,2.0,12.0,100.0,112.0,6.0,10.0,16.0,130.0,1158000,0.0017,42.67,Maintenance,2025,10,October,Tuesday,0
2025-10-22,Chandigarh,0.0,0.0,0.0,0.0,3.0,21.0,24.0,0.0,2.0,2.0,26.0,1158000,0.0,26.0,Maintenance,2025,10,October,Wednesday,0
2025-10-23,Chandigarh,0.0,0.0,0.0,0.0,2.0,26.0,28.0,6.0,2.0,8.0,36.0,1158000,0.0,36.0,Maintenance,2025,10,October,Thursday,0
2025-10-24,Chandigarh,17.0,2.0,0.0,19.0,29.0,256.0,285.0,75.0,89.0,164.0,468.0,1158000,0.0164,22.45,Maintenance,2025,10,October,Friday,0
2025-10-25,Chandigarh,20.0,0.0,0.0,20.0,7.0,213.0,220.0,109.0,77.0,186.0,426.0,1158000,0.0173,19.33,Maintenance,2025,10,October,Saturday,1
2025-10-26,Chandigarh,12.0,0.0,0.0,12.0,15.0,170.0,185.0,155.0,147.0,302.0,499.0,1158000,0.0104,37.46,Maintenance,2025,10,October,Sunday,1
2025-10-27,Chandigarh,16.0,1.0,0.0,17.0,12.0,130.0,142.0,126.0,115.0,241.0,400.0,1158000,0.0147,21.28,Maintenance,2025,10,October,Monday,0
2025-10-28,Chandigarh,20.0,3.0,0.0,23.0,9.0,144.0,153.0,59.0,73.0,132.0,308.0,1158000,0.0199,11.88,Maintenance,2025,10,October,Tuesday,0
2025-10-29,Chandigarh,22.0,2.0,0.0,24.0,35.0,280.0,315.0,133.0,90.0,223.0,562.0,1158000,0.0207,21.52,Maintenance,2025,10,October,Wednesday,0
2025-10-30,Chandigarh,106.0,10.0,0.0,116.0,18.0,205.0,223.0,167.0,85.0,252.0,591.0,1158000,0.1002,4.06,Growth,2025,10,October,Thursday,0
2025-10-31,Chandigarh,51.0,3.0,0.0,54.0,35.0,411.0,446.0,259.0,103.0,362.0,862.0,1158000,0.0466,14.69,Maintenance,2025,10,October,Friday,0
2025-11-01,Chandigarh,13.0,1.0,0.0,14.0,18.0,195.0,213.0,151.0,125.0,276.0,503.0,1158000,0.0121,32.6,Maintenance,2025,11,November,Saturday,1
2025-11-02,Chandigarh,94.0,1.0,0.0,95.0,15.0,130.0,145.0,197.0,94.0,291.0,531.0,1158000,0.082,4.54,Growth,2025,11,November,Sunday,1
2025-11-03,Chandigarh,11.0,2.0,0.0,13.0,56.0,483.0,539.0,176.0,172.0,348.0,900.0,1158000,0.0112,63.36,Maintenance,2025,11,November,Monday,0
2025-11-04,Chandigarh,0.0,0.0,0.0,0.0,44.0,333.0,377.0,48.0,32.0,80.0,457.0,1158000,0.0,457.0,Maintenance,2025,11,November,Tuesday,0
2025-11-05,Chandigarh,38.0,1.0,0.0,39.0,32.0,232.0,264.0,70.0,106.0,176.0,479.0,1158000,0.0337,11.0,Maintenance,2025,11,November,Wednesday,0
2025-11-06,Chandigarh,20.0,2.0,0.0,22.0,52.0,397.0,449.0,161.0,163.0,324.0,795.0,1158000,0.019,33.61,Maintenance,2025,11,November,Thursday,0
2025-11-07,Chandigarh,21.0,0.0,1.0,22.0,33.0,277.0,310.0,68.0,88.0,156.0,488.0,1158000,0.019,20.26,Maintenance,2025,11,November,Friday,0
2025-11-08,Chandigarh,39.0,1.0,0.0,40.0,30.0,243.0,273.0,54.0,63.0,117.0,430.0,1158000,0.0345,9.51,Maintenance,2025,11,November,Saturday,1
2025-11-09,Chandigarh,32.0,1.0,0.0,33.0,41.0,262.0,303.0,70.0,77.0,147.0,483.0,1158000,0.0285,13.24,Maintenance,2025,11,November,Sunday,1
2025-11-10,Chandigarh,49.0,2.0,5.0,56.0,32.0,288.0,320.0,122.0,148.0,270.0,646.0,1158000,0.0484,10.35,Maintenance,2025,11,November,Monday,0
2025-11-11,Chandigarh,20.0,3.0,0.0,23.0,25.0,220.0,245.0,83.0,136.0,219.0,487.0,1158000,0.0199,19.33,Maintenance,2025,11,November,Tuesday,0
2025-11-12,Chandigarh,13.0,2.0,1.0,16.0,15.0,192.0,207.0,66.0,94.0,160.0,383.0,1158000,0.0138,21.59,Maintenance,2025,11,November,Wednesday,0
2025-11-13,Chandigarh,23.0,5.0,8.0,36.0,14.0,163.0,177.0,72.0,93.0,165.0,378.0,1158000,0.0311,9.24,Maintenance,2025,11,November,Thursday,0
2025-11-14,Chandigarh,34.0,1.0,0.0,35.0,23.0,217.0,240.0,39.0,52.0,91.0,366.0,1158000,0.0302,9.19,Maintenance,2025,11,November,Friday,0
2025-11-15,Chandigarh,69.0,1.0,2.0,72.0,27.0,266.0,293.0,64.0,47.0,111.0,476.0,1158000,0.0622,5.53,Maintenance,2025,11,November,Saturday,1
2025-11-16,Chandigarh,24.0,2.0,0.0,26.0,23.0,211.0,234.0,120.0,112.0,232.0,492.0,1158000,0.0225,17.26,Maintenance,2025,11,November,Sunday,1
2025-11-17,Chandigarh,12.0,2.0,0.0,14.0,30.0,400.0,430.0,108.0,95.0,203.0,647.0,1158000,0.0121,42.2,Maintenance,2025,11,November,Monday,0
2025-11-18,Chandigarh,41.0,4.0,0.0,45.0,32.0,380.0,412.0,104.0,106.0,210.0,667.0,1158000,0.0389,13.52,Maintenance,2025,11,November,Tuesday,0
2025-11-19,Chandigarh,66.0,3.0,0.0,69.0,54.0,542.0,596.0,81.0,71.0,152.0,817.0,1158000,0.0596,10.69,Maintenance,2025,11,November,Wednesday,0
2025-11-25,Chandigarh,55.0,2.0,0.0,57.0,26.0,191.0,217.0,244.0,199.0,443.0,717.0,1158000,0.0492,11.38,Maintenance,2025,11,November,Tuesday,0
2025-11-26,Chandigarh,0.0,0.0,0.0,0.0,11.0,195.0,206.0,0.0,0.0,0.0,206.0,1158000,0.0,206.0,Maintenance,2025,11,November,Wednesday,0
2025-11-27,Chandigarh,0.0,0.0,0.0,0.0,34.0,363.0,397.0,0.0,0.0,0.0,397.0,1158000,0.0,397.0,Maintenance,2025,11,November,Thursday,0
2025-11-28,Chandigarh,0.0,0.0,0.0,0.0,32.0,375.0,407.0,0.0,0.0,0.0,407.0,1158000,0.0,407.0,Maintenance,2025,11,November,Friday,0
2025-11-29,Chandigarh,0.0,0.0,0.0,0.0,17.0,179.0,196.0,0.0,0.0,0.0,196.0,1158000,0.0,196.0,Maintenance,2025,11,November,Saturday,1
2025-12-01,Chandigarh,0.0,0.0,0.0,0.0,7.0,76.0,83.0,173.0,112.0,285.0,368.0,1158000,0.0,368.0,Maintenance,2025,12,December,Monday,0
2025-12-02,Chandigarh,0.0,0.0,0.0,0.0,42.0,402.0,444.0,178.0,141.0,319.0,763.0,1158000,0.0,763.0,Maintenance,2025,12,December,Tuesday,0
2025-12-03,Chandigarh,0.0,0.0,0.0,0.0,30.0,210.0,240.0,96.0,100.0,196.0,436.0,1158000,0.0,436.0,Maintenance,2025,12,December,Wednesday,0
2025-12-04,Chandigarh,0.0,0.0,0.0,0.0,48.0,389.0,437.0,144.0,161.0,305.0,742.0,1158000,0.0,742.0,Maintenance,2025,12,December,Thursday,0
2025-12-05,Chandigarh,0.0,0.0,0.0,0.0,11.0,103.0,114.0,66.0,84.0,150.0,264.0,1158000,0.0,264.0,Maintenance,2025,12,December,Friday,0
2025-12-06,Chandigarh,0.0,0.0,0.0,0.0,27.0,216.0,243.0,77.0,66.0,143.0,386.0,1158000,0.0,386.0,Maintenance,2025,12,December,Saturday,1
2025-12-07,Chandigarh,0.0,0.0,0.0,0.0,17.0,231.0,248.0,97.0,127.0,224.0,472.0,1158000,0.0,472.0,Maintenance,2025,12,December,Sunday,1
2025-12-08,Chandigarh,0.0,0.0,0.0,0.0,64.0,606.0,670.0,78.0,128.0,206.0,876.0,1158000,0.0,876.0,Maintenance,2025,12,December,Monday,0
2025-12-09,Chandigarh,0.0,0.0,0.0,0.0,16.0,138.0,154.0,87.0,139.0,226.0,380.0,1158000,0.0,380.0,Maintenance,2025,12,December,Tuesday,0
2025-12-10,Chandigarh,0.0,0.0,0.0,0.0,15.0,160.0,175.0,41.0,48.0,89.0,264.0,1158000,0.0,264.0,Maintenance,2025,12,December,Wednesday,0
2025-12-11,Chandigarh,0.0,0.0,0.0,0.0,45.0,509.0,554.0,91.0,118.0,209.0,763.0,1158000,0.0,763.0,Maintenance,2025,12,December,Thursday,0
2025-12-12,Chandigarh,0.0,0.0,0.0,0.0,52.0,716.0,768.0,109.0,119.0,228.0,996.0,1158000,0.0,996.0,Maintenance,2025,12,December,Friday,0
2025-12-13,Chandigarh,0.0,0.0,0.0,0.0,60.0,371.0,431.0,109.0,146.0,255.0,686.0,1158000,0.0,686.0,Maintenance,2025,12,December,Saturday,1
2025-12-14,Chandigarh,0.0,0.0,0.0,0.0,53.0,559.0,612.0,30.0,43.0,73.0,685.0,1158000,0.0,685.0,Maintenance,2025,12,December,Sunday,1
2025-12-15,Chandigarh,105.0,4.0,5.0,114.0,17.0,245.0,262.0,95.0,108.0,203.0,579.0,1158000,0.0984,4.04,Growth,2025,12,December,Monday,0
2025-12-16,Chandigarh,0.0,0.0,0.0,0.0,36.0,298.0,334.0,137.0,134.0,271.0,605.0,1158000,0.0,605.0,Maintenance,2025,12,December,Tuesday,0
2025-12-18,Chandigarh,0.0,0.0,0.0,0.0,6.0,61.0,67.0,2.0,13.0,15.0,82.0,1158000,0.0,82.0,Maintenance,2025,12,December,Thursday,0
2025-12-19,Chandigarh,0.0,0.0,0.0,0.0,33.0,311.0,344.0,85.0,122.0,207.0,551.0,1158000,0.0,551.0,Maintenance,2025,12,December,Friday,0
2025-12-20,Chandigarh,0.0,0.0,0.0,0.0,31.0,236.0,267.0,44.0,52.0,96.0,363.0,1158000,0.0,363.0,Maintenance,2025,12,December,Saturday,1
2025-12-21,Chandigarh,34.0,0.0,0.0,34.0,29.0,291.0,320.0,0.0,0.0,0.0,354.0,1158000,0.0294,9.14,Maintenance,2025,12,December,Sunday,1
2025-12-22,Chandigarh,97.0,0.0,0.0,97.0,18.0,154.0,172.0,0.0,0.0,0.0,269.0,1158000,0.0838,1.76,Growth,2025,12,December,Monday,0
2025-12-23,Chandigarh,47.0,0.0,0.0,47.0,61.0,587.0,648.0,0.0,0.0,0.0,695.0,1158000,0.0406,13.5,Maintenance,2025,12,December,Tuesday,0
2025-12-24,Chandigarh,37.0,0.0,2.0,39.0,25.0,317.0,342.0,0.0,0.0,0.0,381.0,1158000,0.0337,8.55,Maintenance,2025,12,December,Wednesday,0
2025-12-25,Chandigarh,20.0,8.0,0.0,28.0,24.0,255.0,279.0,124.0,149.0,273.0,580.0,1158000,0.0242,19.03,Maintenance,2025,12,December,Thursday,0
2025-12-26,Chandigarh,29.0,5.0,0.0,34.0,49.0,515.0,564.0,115.0,130.0,245.0,843.0,1158000,0.0294,23.11,Maintenance,2025,12,December,Friday,0
2025-12-27,Chandigarh,51.0,8.0,0.0,59.0,43.0,501.0,544.0,60.0,73.0,133.0,736.0,1158000,0.0509,11.28,Maintenance,2025,12,December,Saturday,1
2025-12-28,Chandigarh,25.0,1.0,0.0,26.0,21.0,394.0,415.0,43.0,50.0,93.0,534.0,1158000,0.0225,18.81,Maintenance,2025,12,December,Sunday,1
2025-12-29,Chandigarh,17.0,1.0,0.0,18.0,6.0,126.0,132.0,97.0,93.0,190.0,340.0,1158000,0.0155,16.95,Maintenance,2025,12,December,Monday,0
2025-12-31,Chandigarh,49.0,4.0,1.0,54.0,0.0,0.0,0.0,0.0,0.0,0.0,54.0,1158000,0.0466,0.0,Growth,2025,12,December,Wednesday,0
2025-03-01,Chhattisgarh,0.0,0.0,0.0,0.0,18699.0,282767.0,301466.0,37255.0,134137.0,171392.0,472858.0,28724000,0.0,472858.0,Maintenance,2025,3,March,Saturday,1
2025-03-27,Chhattisgarh,115.0,46.0,99.0,260.0,0.0,0.0,0.0,0.0,0.0,0.0,260.0,28724000,0.0091,0.0,Growth,2025,3,March,Thursday,0
2025-04-01,Chhattisgarh,1299.0,254.0,192.0,1745.0,6249.0,58305.0,64554.0,48023.0,239706.0,287729.0,354028.0,28724000,0.0608,201.77,Maintenance,2025,4,April,Tuesday,0
2025-05-01,Chhattisgarh,945.0,270.0,191.0,1406.0,6011.0,62258.0,68269.0,50698.0,216018.0,266716.0,336391.0,28724000,0.0489,238.08,Maintenance,2025,5,May,Thursday,0
2025-06-01,Chhattisgarh,608.0,439.0,216.0,1263.0,27315.0,352128.0,379443.0,83928.0,275986.0,359914.0,740620.0,28724000,0.044,584.93,Maintenance,2025,6,June,Sunday,1
2025-07-01,Chhattisgarh,5376.0,1792.0,419.0,7587.0,17056.0,146871.0,163927.0,80588.0,265979.0,346567.0,518081.0,28724000,0.2641,67.28,Maintenance,2025,7,July,Tuesday,0
2025-09-01,Chhattisgarh,1128.0,241.0,9.0,1378.0,811.0,11618.0,12429.0,2622.0,9921.0,12543.0,26350.0,28724000,0.048,18.11,Maintenance,2025,9,September,Monday,0
2025-09-02,Chhattisgarh,1180.0,243.0,9.0,1432.0,866.0,11791.0,12657.0,1504.0,6159.0,7663.0,21752.0,28724000,0.0499,14.18,Maintenance,2025,9,September,Tuesday,0
2025-09-03,Chhattisgarh,1072.0,195.0,4.0,1271.0,690.0,10062.0,10752.0,2073.0,7647.0,9720.0,21743.0,28724000,0.0442,16.09,Maintenance,2025,9,September,Wednesday,0
2025-09-04,Chhattisgarh,791.0,182.0,16.0,989.0,693.0,8511.0,9204.0,2296.0,8575.0,10871.0,21064.0,28724000,0.0344,20.28,Maintenance,2025,9,September,Thursday,0
2025-09-05,Chhattisgarh,365.0,88.0,14.0,467.0,326.0,3223.0,3549.0,763.0,2375.0,3138.0,7154.0,28724000,0.0163,14.29,Maintenance,2025,9,September,Friday,0
2025-09-06,Chhattisgarh,971.0,166.0,2.0,1139.0,818.0,10326.0,11144.0,1799.0,6199.0,7998.0,20281.0,28724000,0.0397,16.79,Maintenance,2025,9,September,Saturday,1
2025-09-07,Chhattisgarh,154.0,19.0,0.0,173.0,85.0,869.0,954.0,316.0,1373.0,1689.0,2816.0,28724000,0.006,15.19,Maintenance,2025,9,September,Sunday,1
2025-09-08,Chhattisgarh,1470.0,307.0,24.0,1801.0,1327.0,17029.0,18356.0,2944.0,9505.0,12449.0,32606.0,28724000,0.0627,17.09,Maintenance,2025,9,September,Monday,0
2025-09-09,Chhattisgarh,1677.0,261.0,15.0,1953.0,1085.0,14185.0,15270.0,3409.0,10499.0,13908.0,31131.0,28724000,0.068,14.93,Maintenance,2025,9,September,Tuesday,0
2025-09-10,Chhattisgarh,1323.0,246.0,7.0,1576.0,1096.0,12987.0,14083.0,3775.0,11580.0,15355.0,31014.0,28724000,0.0549,18.67,Maintenance,2025,9,September,Wednesday,0
2025-09-11,Chhattisgarh,1052.0,229.0,12.0,1293.0,1008.0,11541.0,12549.0,3156.0,9112.0,12268.0,26110.0,28724000,0.045,19.18,Maintenance,2025,9,September,Thursday,0
2025-09-12,Chhattisgarh,1412.0,284.0,16.0,1712.0,667.0,8162.0,8829.0,3400.0,10012.0,13412.0,23953.0,28724000,0.0596,12.98,Maintenance,2025,9,September,Friday,0
2025-09-13,Chhattisgarh,1019.0,189.0,23.0,1231.0,787.0,8583.0,9370.0,2744.0,7605.0,10349.0,20950.0,28724000,0.0429,16.01,Maintenance,2025,9,September,Saturday,1
2025-09-14,Chhattisgarh,206.0,33.0,1.0,240.0,147.0,1659.0,1806.0,561.0,1752.0,2313.0,4359.0,28724000,0.0084,17.09,Maintenance,2025,9,September,Sunday,1
2025-09-15,Chhattisgarh,625.0,183.0,26.0,834.0,1112.0,12665.0,13777.0,3188.0,8725.0,11913.0,26524.0,28724000,0.029,30.77,Maintenance,2025,9,September,Monday,0
2025-09-16,Chhattisgarh,1031.0,257.0,22.0,1310.0,989.0,12920.0,13909.0,3888.0,9302.0,13190.0,28409.0,28724000,0.0456,20.67,Maintenance,2025,9,September,Tuesday,0
2025-09-17,Chhattisgarh,948.0,194.0,6.0,1148.0,513.0,7198.0,7711.0,3645.0,8027.0,11672.0,20531.0,28724000,0.04,16.87,Maintenance,2025,9,September,Wednesday,0
2025-09-18,Chhattisgarh,1151.0,188.0,8.0,1347.0,903.0,15762.0,16665.0,3631.0,9211.0,12842.0,30854.0,28724000,0.0469,21.89,Maintenance,2025,9,September,Thursday,0
2025-09-19,Chhattisgarh,1041.0,224.0,14.0,1279.0,756.0,10948.0,11704.0,3322.0,8920.0,12242.0,25225.0,28724000,0.0445,18.71,Maintenance,2025,9,September,Friday,0
2025-09-20,Chhattisgarh,855.0,152.0,1.0,1008.0,569.0,7305.0,7874.0,2678.0,5981.0,8659.0,17541.0,28724000,0.0351,16.39,Maintenance,2025,9,September,Saturday,1
2025-09-21,Chhattisgarh,40.0,10.0,0.0,50.0,0.0,0.0,0.0,0.0,0.0,0.0,50.0,28724000,0.0017,0.0,Growth,2025,9,September,Sunday,1
2025-09-22,Chhattisgarh,780.0,188.0,2.0,970.0,0.0,0.0,0.0,0.0,0.0,0.0,970.0,28724000,0.0338,0.0,Growth,2025,9,September,Monday,0
2025-09-23,Chhattisgarh,897.0,184.0,9.0,1090.0,0.0,0.0,0.0,0.0,0.0,0.0,1090.0,28724000,0.0379,0.0,Growth,2025,9,September,Tuesday,0
2025-09-24,Chhattisgarh,681.0,183.0,11.0,875.0,0.0,0.0,0.0,0.0,0.0,0.0,875.0,28724000,0.0305,0.0,Growth,2025,9,September,Wednesday,0
2025-09-25,Chhattisgarh,930.0,167.0,5.0,1102.0,0.0,0.0,0.0,0.0,0.0,0.0,1102.0,28724000,0.0384,0.0,Growth,2025,9,September,Thursday,0
2025-09-26,Chhattisgarh,648.0,145.0,4.0,797.0,0.0,0.0,0.0,0.0,0.0,0.0,797.0,28724000,0.0277,0.0,Growth,2025,9,September,Friday,0
2025-09-27,Chhattisgarh,171.0,14.0,1.0,186.0,0.0,0.0,0.0,0.0,0.0,0.0,186.0,28724000,0.0065,0.0,Growth,2025,9,September,Saturday,1
2025-09-28,Chhattisgarh,27.0,2.0,2.0,31.0,0.0,0.0,0.0,0.0,0.0,0.0,31.0,28724000,0.0011,0.0,Growth,2025,9,September,Sunday,1
2025-09-29,Chhattisgarh,89.0,27.0,0.0,116.0,0.0,0.0,0.0,0.0,0.0,0.0,116.0,28724000,0.004,0.0,Growth,2025,9,September,Monday,0
2025-09-30,Chhattisgarh,4.0,3.0,0.0,7.0,0.0,0.0,0.0,0.0,0.0,0.0,7.0,28724000,0.0002,0.0,Growth,2025,9,September,Tuesday,0
2025-10-13,Chhattisgarh,1234.0,216.0,14.0,1464.0,369.0,8577.0,8946.0,4.0,25.0,29.0,10439.0,28724000,0.051,6.13,Maintenance,2025,10,October,Monday,0
2025-10-15,Chhattisgarh,913.0,207.0,1.0,1121.0,1182.0,13243.0,14425.0,2860.0,5159.0,8019.0,23565.0,28724000,0.039,20.0,Maintenance,2025,10,October,Wednesday,0
2025-10-16,Chhattisgarh,456.0,99.0,0.0,555.0,1463.0,13928.0,15391.0,3626.0,5829.0,9455.0,25401.0,28724000,0.0193,44.69,Maintenance,2025,10,October,Thursday,0
2025-10-17,Chhattisgarh,2013.0,435.0,13.0,2461.0,640.0,10305.0,10945.0,4687.0,7124.0,11811.0,25217.0,28724000,0.0857,9.24,Maintenance,2025,10,October,Friday,0
2025-10-18,Chhattisgarh,866.0,186.0,4.0,1056.0,339.0,4104.0,4443.0,5405.0,8169.0,13574.0,19073.0,28724000,0.0368,17.05,Maintenance,2025,10,October,Saturday,1
2025-10-19,Chhattisgarh,681.0,146.0,1.0,828.0,384.0,2845.0,3229.0,3840.0,5864.0,9704.0,13761.0,28724000,0.0288,15.6,Maintenance,2025,10,October,Sunday,1
2025-10-20,Chhattisgarh,173.0,33.0,0.0,206.0,146.0,803.0,949.0,115.0,288.0,403.0,1558.0,28724000,0.0072,6.53,Maintenance,2025,10,October,Monday,0
2025-10-21,Chhattisgarh,67.0,11.0,0.0,78.0,238.0,1494.0,1732.0,138.0,276.0,414.0,2224.0,28724000,0.0027,27.16,Maintenance,2025,10,October,Tuesday,0
2025-10-22,Chhattisgarh,1.0,0.0,0.0,1.0,54.0,200.0,254.0,13.0,59.0,72.0,327.0,28724000,0.0,163.0,Maintenance,2025,10,October,Wednesday,0
2025-10-23,Chhattisgarh,2.0,0.0,5.0,7.0,67.0,369.0,436.0,212.0,359.0,571.0,1014.0,28724000,0.0002,125.88,Maintenance,2025,10,October,Thursday,0
2025-10-24,Chhattisgarh,407.0,86.0,82.0,575.0,584.0,8388.0,8972.0,3583.0,5823.0,9406.0,18953.0,28724000,0.02,31.91,Maintenance,2025,10,October,Friday,0
2025-10-25,Chhattisgarh,623.0,100.0,0.0,723.0,542.0,9122.0,9664.0,2690.0,4698.0,7388.0,17775.0,28724000,0.0252,23.55,Maintenance,2025,10,October,Saturday,1
2025-10-26,Chhattisgarh,385.0,102.0,0.0,487.0,563.0,11368.0,11931.0,8121.0,13606.0,21727.0,34145.0,28724000,0.017,68.97,Maintenance,2025,10,October,Sunday,1
2025-10-27,Chhattisgarh,364.0,84.0,2.0,450.0,274.0,4502.0,4776.0,6675.0,11787.0,18462.0,23688.0,28724000,0.0157,51.53,Maintenance,2025,10,October,Monday,0
2025-10-28,Chhattisgarh,690.0,147.0,2.0,839.0,425.0,6153.0,6578.0,2894.0,5278.0,8172.0,15589.0,28724000,0.0292,17.56,Maintenance,2025,10,October,Tuesday,0
2025-10-29,Chhattisgarh,631.0,121.0,0.0,752.0,958.0,16472.0,17430.0,6090.0,9758.0,15848.0,34030.0,28724000,0.0262,44.19,Maintenance,2025,10,October,Wednesday,0
2025-10-30,Chhattisgarh,3107.0,702.0,0.0,3809.0,364.0,5268.0,5632.0,4331.0,7153.0,11484.0,20925.0,28724000,0.1326,4.49,Growth,2025,10,October,Thursday,0
2025-10-31,Chhattisgarh,1288.0,388.0,4.0,1680.0,1125.0,22725.0,23850.0,9967.0,9714.0,19681.0,45211.0,28724000,0.0585,25.9,Maintenance,2025,10,October,Friday,0
2025-11-01,Chhattisgarh,235.0,53.0,0.0,288.0,816.0,10168.0,10984.0,9194.0,12243.0,21437.0,32709.0,28724000,0.01,112.18,Maintenance,2025,11,November,Saturday,1
2025-11-02,Chhattisgarh,1853.0,527.0,0.0,2380.0,678.0,2794.0,3472.0,14628.0,13913.0,28541.0,34393.0,28724000,0.0829,13.45,Maintenance,2025,11,November,Sunday,1
2025-11-03,Chhattisgarh,377.0,98.0,77.0,552.0,1912.0,12357.0,14269.0,15031.0,14151.0,29182.0,44003.0,28724000,0.0192,78.57,Maintenance,2025,11,November,Monday,0
2025-11-04,Chhattisgarh,39.0,10.0,0.0,49.0,959.0,9650.0,10609.0,781.0,1039.0,1820.0,12478.0,28724000,0.0017,248.58,Maintenance,2025,11,November,Tuesday,0
2025-11-05,Chhattisgarh,1495.0,372.0,0.0,1867.0,894.0,4372.0,5266.0,6308.0,6720.0,13028.0,20161.0,28724000,0.065,9.79,Maintenance,2025,11,November,Wednesday,0
2025-11-06,Chhattisgarh,670.0,161.0,28.0,859.0,1149.0,7819.0,8968.0,15666.0,14805.0,30471.0,40298.0,28724000,0.0299,45.86,Maintenance,2025,11,November,Thursday,0
2025-11-07,Chhattisgarh,803.0,209.0,3.0,1015.0,1236.0,9184.0,10420.0,5159.0,5282.0,10441.0,21876.0,28724000,0.0353,20.53,Maintenance,2025,11,November,Friday,0
2025-11-08,Chhattisgarh,1217.0,324.0,0.0,1541.0,1364.0,10441.0,11805.0,5519.0,4539.0,10058.0,23404.0,28724000,0.0536,14.18,Maintenance,2025,11,November,Saturday,1
2025-11-09,Chhattisgarh,843.0,195.0,1.0,1039.0,728.0,2504.0,3232.0,8662.0,7667.0,16329.0,20600.0,28724000,0.0362,18.81,Maintenance,2025,11,November,Sunday,1
2025-11-10,Chhattisgarh,950.0,236.0,34.0,1220.0,1361.0,10453.0,11814.0,12048.0,11238.0,23286.0,36320.0,28724000,0.0425,28.75,Maintenance,2025,11,November,Monday,0
2025-11-11,Chhattisgarh,724.0,219.0,9.0,952.0,1271.0,7183.0,8454.0,10345.0,10793.0,21138.0,30544.0,28724000,0.0331,31.05,Maintenance,2025,11,November,Tuesday,0
2025-11-12,Chhattisgarh,576.0,206.0,2.0,784.0,1024.0,10034.0,11058.0,5936.0,6995.0,12931.0,24773.0,28724000,0.0273,30.56,Maintenance,2025,11,November,Wednesday,0
2025-11-13,Chhattisgarh,497.0,126.0,12.0,635.0,637.0,5419.0,6056.0,4544.0,6624.0,11168.0,17859.0,28724000,0.0221,27.08,Maintenance,2025,11,November,Thursday,0
2025-11-14,Chhattisgarh,1049.0,261.0,11.0,1321.0,1301.0,11717.0,13018.0,2407.0,3010.0,5417.0,19756.0,28724000,0.046,13.94,Maintenance,2025,11,November,Friday,0
2025-11-15,Chhattisgarh,2596.0,680.0,3.0,3279.0,851.0,9704.0,10555.0,2398.0,3978.0,6376.0,20210.0,28724000,0.1142,5.16,Maintenance,2025,11,November,Saturday,1
2025-11-16,Chhattisgarh,996.0,234.0,1.0,1231.0,509.0,2281.0,2790.0,8414.0,12090.0,20504.0,24525.0,28724000,0.0429,18.91,Maintenance,2025,11,November,Sunday,1
2025-11-17,Chhattisgarh,489.0,141.0,43.0,673.0,918.0,11722.0,12640.0,5982.0,9463.0,15445.0,28758.0,28724000,0.0234,41.67,Maintenance,2025,11,November,Monday,0
2025-11-18,Chhattisgarh,1268.0,270.0,4.0,1542.0,905.0,10976.0,11881.0,3766.0,5773.0,9539.0,22962.0,28724000,0.0537,13.88,Maintenance,2025,11,November,Tuesday,0
2025-11-19,Chhattisgarh,2333.0,544.0,55.0,2932.0,1425.0,16492.0,17917.0,2158.0,3041.0,5199.0,26048.0,28724000,0.1021,7.88,Maintenance,2025,11,November,Wednesday,0
2025-11-25,Chhattisgarh,1483.0,262.0,22.0,1767.0,413.0,4041.0,4454.0,16250.0,13228.0,29478.0,35699.0,28724000,0.0615,19.19,Maintenance,2025,11,November,Tuesday,0
2025-11-26,Chhattisgarh,0.0,0.0,0.0,0.0,739.0,14133.0,14872.0,0.0,0.0,0.0,14872.0,28724000,0.0,14872.0,Maintenance,2025,11,November,Wednesday,0
2025-11-27,Chhattisgarh,0.0,0.0,0.0,0.0,1435.0,26969.0,28404.0,0.0,0.0,0.0,28404.0,28724000,0.0,28404.0,Maintenance,2025,11,November,Thursday,0
2025-11-28,Chhattisgarh,0.0,0.0,0.0,0.0,1965.0,26968.0,28933.0,0.0,0.0,0.0,28933.0,28724000,0.0,28933.0,Maintenance,2025,11,November,Friday,0
2025-11-29,Chhattisgarh,0.0,0.0,0.0,0.0,891.0,10227.0,11118.0,0.0,0.0,0.0,11118.0,28724000,0.0,11118.0,Maintenance,2025,11,November,Saturday,1
2025-12-01,Chhattisgarh,0.0,0.0,0.0,0.0,776.0,7724.0,8500.0,12643.0,8359.0,21002.0,29502.0,28724000,0.0,29502.0,Maintenance,2025,12,December,Monday,0
2025-12-02,Chhattisgarh,0.0,0.0,0.0,0.0,1468.0,15005.0,16473.0,10940.0,8812.0,19752.0,36225.0,28724000,0.0,36225.0,Maintenance,2025,12,December,Tuesday,0
2025-12-03,Chhattisgarh,0.0,0.0,0.0,0.0,1193.0,10063.0,11256.0,8462.0,7776.0,16238.0,27494.0,28724000,0.0,27494.0,Maintenance,2025,12,December,Wednesday,0
2025-12-04,Chhattisgarh,0.0,0.0,0.0,0.0,2278.0,23220.0,25498.0,13551.0,12293.0,25844.0,51342.0,28724000,0.0,51342.0,Maintenance,2025,12,December,Thursday,0
2025-12-05,Chhattisgarh,0.0,0.0,0.0,0.0,1034.0,12667.0,13701.0,7909.0,6143.0,14052.0,27753.0,28724000,0.0,27753.0,Maintenance,2025,12,December,Friday,0
2025-12-06,Chhattisgarh,0.0,0.0,0.0,0.0,1138.0,10075.0,11213.0,8010.0,5509.0,13519.0,24732.0,28724000,0.0,24732.0,Maintenance,2025,12,December,Saturday,1
2025-12-07,Chhattisgarh,0.0,0.0,0.0,0.0,725.0,3137.0,3862.0,10221.0,8061.0,18282.0,22144.0,28724000,0.0,22144.0,Maintenance,2025,12,December,Sunday,1
2025-12-08,Chhattisgarh,0.0,0.0,0.0,0.0,2863.0,30641.0,33504.0,12958.0,7906.0,20864.0,54368.0,28724000,0.0,54368.0,Maintenance,2025,12,December,Monday,0
2025-12-09,Chhattisgarh,0.0,0.0,0.0,0.0,1486.0,16491.0,17977.0,22896.0,14185.0,37081.0,55058.0,28724000,0.0,55058.0,Maintenance,2025,12,December,Tuesday,0
2025-12-10,Chhattisgarh,0.0,0.0,0.0,0.0,1435.0,16998.0,18433.0,11249.0,6304.0,17553.0,35986.0,28724000,0.0,35986.0,Maintenance,2025,12,December,Wednesday,0
2025-12-11,Chhattisgarh,0.0,0.0,0.0,0.0,1297.0,14211.0,15508.0,16082.0,10233.0,26315.0,41823.0,28724000,0.0,41823.0,Maintenance,2025,12,December,Thursday,0
2025-12-12,Chhattisgarh,0.0,0.0,0.0,0.0,2463.0,26777.0,29240.0,16100.0,10498.0,26598.0,55838.0,28724000,0.0,55838.0,Maintenance,2025,12,December,Friday,0
2025-12-13,Chhattisgarh,0.0,0.0,0.0,0.0,1963.0,17496.0,19459.0,27282.0,16365.0,43647.0,63106.0,28724000,0.0,63106.0,Maintenance,2025,12,December,Saturday,1
2025-12-14,Chhattisgarh,0.0,0.0,0.0,0.0,1214.0,6714.0,7928.0,2639.0,1543.0,4182.0,12110.0,28724000,0.0,12110.0,Maintenance,2025,12,December,Sunday,1
2025-12-15,Chhattisgarh,2424.0,769.0,26.0,3219.0,903.0,16642.0,17545.0,10260.0,7598.0,17858.0,38622.0,28724000,0.1121,10.99,Maintenance,2025,12,December,Monday,0
2025-12-16,Chhattisgarh,0.0,0.0,0.0,0.0,1933.0,22094.0,24027.0,19875.0,13403.0,33278.0,57305.0,28724000,0.0,57305.0,Maintenance,2025,12,December,Tuesday,0
2025-12-18,Chhattisgarh,0.0,0.0,0.0,0.0,209.0,2278.0,2487.0,699.0,480.0,1179.0,3666.0,28724000,0.0,3666.0,Maintenance,2025,12,December,Thursday,0
2025-12-19,Chhattisgarh,0.0,0.0,0.0,0.0,1459.0,14456.0,15915.0,18021.0,11212.0,29233.0,45148.0,28724000,0.0,45148.0,Maintenance,2025,12,December,Friday,0
2025-12-20,Chhattisgarh,0.0,0.0,0.0,0.0,1188.0,7235.0,8423.0,7075.0,4332.0,11407.0,19830.0,28724000,0.0,19830.0,Maintenance,2025,12,December,Saturday,1
2025-12-21,Chhattisgarh,654.0,3.0,0.0,657.0,336.0,1320.0,1656.0,0.0,0.0,0.0,2313.0,28724000,0.0229,2.52,Growth,2025,12,December,Sunday,1
2025-12-22,Chhattisgarh,1985.0,12.0,0.0,1997.0,659.0,6473.0,7132.0,6.0,0.0,6.0,9135.0,28724000,0.0695,3.57,Growth,2025,12,December,Monday,0
2025-12-23,Chhattisgarh,1081.0,4.0,0.0,1085.0,2776.0,19780.0,22556.0,9.0,3.0,12.0,23653.0,28724000,0.0378,20.78,Maintenance,2025,12,December,Tuesday,0
2025-12-24,Chhattisgarh,1055.0,205.0,76.0,1336.0,1669.0,10420.0,12089.0,0.0,0.0,0.0,13425.0,28724000,0.0465,9.04,Maintenance,2025,12,December,Wednesday,0
2025-12-25,Chhattisgarh,666.0,356.0,28.0,1050.0,1000.0,4772.0,5772.0,21676.0,14052.0,35728.0,42550.0,28724000,0.0366,39.49,Maintenance,2025,12,December,Thursday,0
2025-12-26,Chhattisgarh,1676.0,169.0,7.0,1852.0,1960.0,11618.0,13578.0,15523.0,12551.0,28074.0,43504.0,28724000,0.0645,22.48,Maintenance,2025,12,December,Friday,0
2025-12-27,Chhattisgarh,2001.0,172.0,25.0,2198.0,2186.0,14249.0,16435.0,21549.0,13702.0,35251.0,53884.0,28724000,0.0765,23.5,Maintenance,2025,12,December,Saturday,1
2025-12-28,Chhattisgarh,1141.0,162.0,0.0,1303.0,942.0,3648.0,4590.0,5602.0,3808.0,9410.0,15303.0,28724000,0.0454,10.74,Maintenance,2025,12,December,Sunday,1
2025-12-29,Chhattisgarh,1019.0,142.0,20.0,1181.0,978.0,6880.0,7858.0,10665.0,7184.0,17849.0,26888.0,28724000,0.0411,21.75,Maintenance,2025,12,December,Monday,0
2025-12-31,Chhattisgarh,2276.0,979.0,2.0,3257.0,0.0,0.0,0.0,0.0,0.0,0.0,3257.0,28724000,0.1134,0.0,Growth,2025,12,December,Wednesday,0
2025-03-01,Dadra & Nagar Haveli and Daman & Diu,0.0,0.0,0.0,0.0,136.0,1507.0,1643.0,1715.0,3372.0,5087.0,6730.0,615000,0.0,6730.0,Maintenance,2025,3,March,Saturday,1
2025-04-01,Dadra & Nagar Haveli and Daman & Diu,0.0,0.0,0.0,0.0,156.0,966.0,1122.0,2223.0,2650.0,4873.0,5995.0,615000,0.0,5995.0,Maintenance,2025,4,April,Tuesday,0
2025-05-01,Dadra & Nagar Haveli and Daman & Diu,0.0,0.0,0.0,0.0,0.0,0.0,0.0,2175.0,3073.0,5248.0,5248.0,615000,0.0,5248.0,Maintenance,2025,5,May,Thursday,0
2025-06-01,Dadra & Nagar Haveli and Daman & Diu,188.0,49.0,12.0,249.0,0.0,0.0,0.0,1547.0,2571.0,4118.0,4367.0,615000,0.4049,16.47,Maintenance,2025,6,June,Sunday,1
2025-07-01,Dadra & Nagar Haveli and Daman & Diu,360.0,92.0,15.0,467.0,0.0,0.0,0.0,1519.0,3306.0,4825.0,5292.0,615000,0.7593,10.31,Maintenance,2025,7,July,Tuesday,0
2025-09-01,Dadra & Nagar Haveli and Daman & Diu,19.0,2.0,0.0,21.0,18.0,75.0,93.0,96.0,172.0,268.0,382.0,615000,0.0341,16.41,Maintenance,2025,9,September,Monday,0
2025-09-02,Dadra & Nagar Haveli and Daman & Diu,17.0,3.0,0.0,20.0,28.0,166.0,194.0,98.0,150.0,248.0,462.0,615000,0.0325,21.05,Maintenance,2025,9,September,Tuesday,0
2025-09-03,Dadra & Nagar Haveli and Daman & Diu,25.0,1.0,1.0,27.0,10.0,53.0,63.0,129.0,141.0,270.0,360.0,615000,0.0439,11.89,Maintenance,2025,9,September,Wednesday,0
2025-09-04,Dadra & Nagar Haveli and Daman & Diu,8.0,3.0,0.0,11.0,34.0,109.0,143.0,107.0,114.0,221.0,375.0,615000,0.0179,30.33,Maintenance,2025,9,September,Thursday,0
2025-09-05,Dadra & Nagar Haveli and Daman & Diu,2.0,1.0,1.0,4.0,26.0,32.0,58.0,37.0,30.0,67.0,129.0,615000,0.0065,25.0,Maintenance,2025,9,September,Friday,0
2025-09-06,Dadra & Nagar Haveli and Daman & Diu,3.0,1.0,0.0,4.0,53.0,103.0,156.0,73.0,49.0,122.0,282.0,615000,0.0065,55.6,Maintenance,2025,9,September,Saturday,1
2025-09-07,Dadra & Nagar Haveli and Daman & Diu,0.0,0.0,0.0,0.0,3.0,9.0,12.0,12.0,6.0,18.0,30.0,615000,0.0,30.0,Maintenance,2025,9,September,Sunday,1
2025-09-08,Dadra & Nagar Haveli and Daman & Diu,21.0,2.0,1.0,24.0,29.0,131.0,160.0,171.0,139.0,310.0,494.0,615000,0.039,18.8,Maintenance,2025,9,September,Monday,0
2025-09-09,Dadra & Nagar Haveli and Daman & Diu,33.0,4.0,0.0,37.0,27.0,131.0,158.0,206.0,187.0,393.0,588.0,615000,0.0602,14.5,Maintenance,2025,9,September,Tuesday,0
2025-09-10,Dadra & Nagar Haveli and Daman & Diu,17.0,5.0,0.0,22.0,17.0,94.0,111.0,195.0,158.0,353.0,486.0,615000,0.0358,20.17,Maintenance,2025,9,September,Wednesday,0
2025-09-11,Dadra & Nagar Haveli and Daman & Diu,32.0,5.0,2.0,39.0,42.0,151.0,193.0,281.0,189.0,470.0,702.0,615000,0.0634,16.58,Maintenance,2025,9,September,Thursday,0
2025-09-12,Dadra & Nagar Haveli and Daman & Diu,24.0,3.0,1.0,28.0,16.0,88.0,104.0,367.0,212.0,579.0,711.0,615000,0.0455,23.55,Maintenance,2025,9,September,Friday,0
2025-09-13,Dadra & Nagar Haveli and Daman & Diu,15.0,0.0,0.0,15.0,24.0,89.0,113.0,192.0,114.0,306.0,434.0,615000,0.0244,26.19,Maintenance,2025,9,September,Saturday,1
2025-09-14,Dadra & Nagar Haveli and Daman & Diu,3.0,2.0,0.0,5.0,2.0,22.0,24.0,28.0,6.0,34.0,63.0,615000,0.0081,9.67,Maintenance,2025,9,September,Sunday,1
2025-09-15,Dadra & Nagar Haveli and Daman & Diu,13.0,1.0,0.0,14.0,52.0,177.0,229.0,289.0,225.0,514.0,757.0,615000,0.0228,49.53,Maintenance,2025,9,September,Monday,0
2025-09-16,Dadra & Nagar Haveli and Daman & Diu,18.0,1.0,0.0,19.0,70.0,180.0,250.0,282.0,249.0,531.0,800.0,615000,0.0309,39.05,Maintenance,2025,9,September,Tuesday,0
2025-09-17,Dadra & Nagar Haveli and Daman & Diu,16.0,3.0,0.0,19.0,27.0,122.0,149.0,264.0,230.0,494.0,662.0,615000,0.0309,32.15,Maintenance,2025,9,September,Wednesday,0
2025-09-18,Dadra & Nagar Haveli and Daman & Diu,21.0,4.0,1.0,26.0,11.0,101.0,112.0,289.0,235.0,524.0,662.0,615000,0.0423,23.56,Maintenance,2025,9,September,Thursday,0
2025-09-19,Dadra & Nagar Haveli and Daman & Diu,23.0,1.0,0.0,24.0,10.0,79.0,89.0,253.0,209.0,462.0,575.0,615000,0.039,22.04,Maintenance,2025,9,September,Friday,0
2025-09-20,Dadra & Nagar Haveli and Daman & Diu,10.0,1.0,0.0,11.0,7.0,73.0,80.0,158.0,124.0,282.0,373.0,615000,0.0179,30.17,Maintenance,2025,9,September,Saturday,1
2025-09-21,Dadra & Nagar Haveli and Daman & Diu,3.0,1.0,0.0,4.0,0.0,0.0,0.0,0.0,0.0,0.0,4.0,615000,0.0065,0.0,Growth,2025,9,September,Sunday,1
2025-09-22,Dadra & Nagar Haveli and Daman & Diu,16.0,2.0,0.0,18.0,0.0,0.0,0.0,0.0,0.0,0.0,18.0,615000,0.0293,0.0,Growth,2025,9,September,Monday,0
2025-09-23,Dadra & Nagar Haveli and Daman & Diu,16.0,1.0,0.0,17.0,0.0,0.0,0.0,0.0,0.0,0.0,17.0,615000,0.0276,0.0,Growth,2025,9,September,Tuesday,0
2025-09-24,Dadra & Nagar Haveli and Daman & Diu,30.0,5.0,1.0,36.0,0.0,0.0,0.0,0.0,0.0,0.0,36.0,615000,0.0585,0.0,Growth,2025,9,September,Wednesday,0
2025-09-25,Dadra & Nagar Haveli and Daman & Diu,13.0,0.0,0.0,13.0,0.0,0.0,0.0,0.0,0.0,0.0,13.0,615000,0.0211,0.0,Growth,2025,9,September,Thursday,0
2025-09-26,Dadra & Nagar Haveli and Daman & Diu,18.0,0.0,0.0,18.0,0.0,0.0,0.0,0.0,0.0,0.0,18.0,615000,0.0293,0.0,Growth,2025,9,September,Friday,0
2025-09-27,Dadra & Nagar Haveli and Daman & Diu,1.0,0.0,0.0,1.0,0.0,0.0,0.0,0.0,0.0,0.0,1.0,615000,0.0016,0.0,Growth,2025,9,September,Saturday,1
2025-09-29,Dadra & Nagar Haveli and Daman & Diu,2.0,1.0,0.0,3.0,0.0,0.0,0.0,0.0,0.0,0.0,3.0,615000,0.0049,0.0,Growth,2025,9,September,Monday,0
2025-10-13,Dadra & Nagar Haveli and Daman & Diu,16.0,3.0,0.0,19.0,0.0,13.0,13.0,0.0,1.0,1.0,33.0,615000,0.0309,0.7,Growth,2025,10,October,Monday,0
2025-10-15,Dadra & Nagar Haveli and Daman & Diu,21.0,0.0,0.0,21.0,21.0,124.0,145.0,49.0,88.0,137.0,303.0,615000,0.0341,12.82,Maintenance,2025,10,October,Wednesday,0
2025-10-16,Dadra & Nagar Haveli and Daman & Diu,9.0,1.0,0.0,10.0,92.0,229.0,321.0,65.0,63.0,128.0,459.0,615000,0.0163,40.82,Maintenance,2025,10,October,Thursday,0
2025-10-17,Dadra & Nagar Haveli and Daman & Diu,10.0,2.0,0.0,12.0,31.0,86.0,117.0,56.0,77.0,133.0,262.0,615000,0.0195,19.23,Maintenance,2025,10,October,Friday,0
2025-10-18,Dadra & Nagar Haveli and Daman & Diu,15.0,1.0,0.0,16.0,2.0,38.0,40.0,37.0,54.0,91.0,147.0,615000,0.026,7.71,Maintenance,2025,10,October,Saturday,1
2025-10-19,Dadra & Nagar Haveli and Daman & Diu,2.0,0.0,0.0,2.0,6.0,24.0,30.0,37.0,48.0,85.0,117.0,615000,0.0033,38.33,Maintenance,2025,10,October,Sunday,1
2025-10-20,Dadra & Nagar Haveli and Daman & Diu,1.0,0.0,0.0,1.0,7.0,25.0,32.0,13.0,0.0,13.0,46.0,615000,0.0016,22.5,Maintenance,2025,10,October,Monday,0
2025-10-21,Dadra & Nagar Haveli and Daman & Diu,5.0,1.0,0.0,6.0,3.0,15.0,18.0,5.0,5.0,10.0,34.0,615000,0.0098,4.0,Growth,2025,10,October,Tuesday,0
2025-10-22,Dadra & Nagar Haveli and Daman & Diu,0.0,0.0,0.0,0.0,0.0,4.0,4.0,1.0,0.0,1.0,5.0,615000,0.0,5.0,Growth,2025,10,October,Wednesday,0
2025-10-23,Dadra & Nagar Haveli and Daman & Diu,0.0,0.0,0.0,0.0,1.0,8.0,9.0,2.0,1.0,3.0,12.0,615000,0.0,12.0,Maintenance,2025,10,October,Thursday,0
2025-10-24,Dadra & Nagar Haveli and Daman & Diu,7.0,0.0,0.0,7.0,22.0,88.0,110.0,80.0,73.0,153.0,270.0,615000,0.0114,32.88,Maintenance,2025,10,October,Friday,0
2025-10-25,Dadra & Nagar Haveli and Daman & Diu,5.0,1.0,0.0,6.0,11.0,64.0,75.0,31.0,58.0,89.0,170.0,615000,0.0098,23.43,Maintenance,2025,10,October,Saturday,1
2025-10-26,Dadra & Nagar Haveli and Daman & Diu,3.0,1.0,0.0,4.0,10.0,128.0,138.0,28.0,42.0,70.0,212.0,615000,0.0065,41.6,Maintenance,2025,10,October,Sunday,1
2025-10-27,Dadra & Nagar Haveli and Daman & Diu,4.0,0.0,0.0,4.0,1.0,13.0,14.0,54.0,95.0,149.0,167.0,615000,0.0065,32.6,Maintenance,2025,10,October,Monday,0
2025-10-28,Dadra & Nagar Haveli and Daman & Diu,7.0,1.0,0.0,8.0,5.0,26.0,31.0,32.0,35.0,67.0,106.0,615000,0.013,10.89,Maintenance,2025,10,October,Tuesday,0
2025-10-29,Dadra & Nagar Haveli and Daman & Diu,4.0,1.0,0.0,5.0,10.0,68.0,78.0,32.0,90.0,122.0,205.0,615000,0.0081,33.33,Maintenance,2025,10,October,Wednesday,0
2025-10-30,Dadra & Nagar Haveli and Daman & Diu,10.0,2.0,0.0,12.0,1.0,23.0,24.0,19.0,22.0,41.0,77.0,615000,0.0195,5.0,Growth,2025,10,October,Thursday,0
2025-10-31,Dadra & Nagar Haveli and Daman & Diu,18.0,2.0,0.0,20.0,27.0,126.0,153.0,62.0,103.0,165.0,338.0,615000,0.0325,15.14,Maintenance,2025,10,October,Friday,0
2025-11-01,Dadra & Nagar Haveli and Daman & Diu,1.0,0.0,0.0,1.0,7.0,35.0,42.0,279.0,395.0,674.0,717.0,615000,0.0016,358.0,Maintenance,2025,11,November,Saturday,1
2025-11-02,Dadra & Nagar Haveli and Daman & Diu,33.0,1.0,0.0,34.0,14.0,38.0,52.0,40.0,39.0,79.0,165.0,615000,0.0553,3.74,Growth,2025,11,November,Sunday,1
2025-11-03,Dadra & Nagar Haveli and Daman & Diu,5.0,0.0,0.0,5.0,38.0,153.0,191.0,100.0,79.0,179.0,375.0,615000,0.0081,61.67,Maintenance,2025,11,November,Monday,0
2025-11-04,Dadra & Nagar Haveli and Daman & Diu,0.0,0.0,0.0,0.0,14.0,66.0,80.0,102.0,76.0,178.0,258.0,615000,0.0,258.0,Maintenance,2025,11,November,Tuesday,0
2025-11-05,Dadra & Nagar Haveli and Daman & Diu,3.0,0.0,0.0,3.0,37.0,111.0,148.0,50.0,53.0,103.0,254.0,615000,0.0049,62.75,Maintenance,2025,11,November,Wednesday,0
2025-11-06,Dadra & Nagar Haveli and Daman & Diu,5.0,4.0,0.0,9.0,68.0,241.0,309.0,61.0,50.0,111.0,429.0,615000,0.0146,42.0,Maintenance,2025,11,November,Thursday,0
2025-11-07,Dadra & Nagar Haveli and Daman & Diu,6.0,1.0,0.0,7.0,45.0,124.0,169.0,136.0,165.0,301.0,477.0,615000,0.0114,58.75,Maintenance,2025,11,November,Friday,0
2025-11-08,Dadra & Nagar Haveli and Daman & Diu,10.0,2.0,0.0,12.0,16.0,174.0,190.0,32.0,46.0,78.0,280.0,615000,0.0195,20.62,Maintenance,2025,11,November,Saturday,1
2025-11-09,Dadra & Nagar Haveli and Daman & Diu,8.0,3.0,0.0,11.0,17.0,53.0,70.0,12.0,9.0,21.0,102.0,615000,0.0179,7.58,Maintenance,2025,11,November,Sunday,1
2025-11-10,Dadra & Nagar Haveli and Daman & Diu,11.0,2.0,0.0,13.0,10.0,95.0,105.0,56.0,64.0,120.0,238.0,615000,0.0211,16.07,Maintenance,2025,11,November,Monday,0
2025-11-11,Dadra & Nagar Haveli and Daman & Diu,11.0,0.0,0.0,11.0,8.0,53.0,61.0,41.0,43.0,84.0,156.0,615000,0.0179,12.08,Maintenance,2025,11,November,Tuesday,0
2025-11-12,Dadra & Nagar Haveli and Daman & Diu,14.0,0.0,1.0,15.0,28.0,130.0,158.0,143.0,86.0,229.0,402.0,615000,0.0244,24.19,Maintenance,2025,11,November,Wednesday,0
2025-11-13,Dadra & Nagar Haveli and Daman & Diu,9.0,1.0,0.0,10.0,2.0,40.0,42.0,53.0,45.0,98.0,150.0,615000,0.0163,12.73,Maintenance,2025,11,November,Thursday,0
2025-11-14,Dadra & Nagar Haveli and Daman & Diu,20.0,2.0,0.0,22.0,5.0,62.0,67.0,151.0,145.0,296.0,385.0,615000,0.0358,15.78,Maintenance,2025,11,November,Friday,0
2025-11-15,Dadra & Nagar Haveli and Daman & Diu,16.0,3.0,0.0,19.0,20.0,69.0,89.0,53.0,28.0,81.0,189.0,615000,0.0309,8.5,Maintenance,2025,11,November,Saturday,1
2025-11-16,Dadra & Nagar Haveli and Daman & Diu,14.0,2.0,0.0,16.0,16.0,40.0,56.0,37.0,25.0,62.0,134.0,615000,0.026,6.94,Maintenance,2025,11,November,Sunday,1
2025-11-17,Dadra & Nagar Haveli and Daman & Diu,13.0,0.0,0.0,13.0,6.0,84.0,90.0,58.0,48.0,106.0,209.0,615000,0.0211,14.0,Maintenance,2025,11,November,Monday,0
2025-11-18,Dadra & Nagar Haveli and Daman & Diu,16.0,4.0,0.0,20.0,6.0,68.0,74.0,70.0,60.0,130.0,224.0,615000,0.0325,9.71,Maintenance,2025,11,November,Tuesday,0
2025-11-19,Dadra & Nagar Haveli and Daman & Diu,25.0,2.0,0.0,27.0,8.0,88.0,96.0,132.0,60.0,192.0,315.0,615000,0.0439,10.29,Maintenance,2025,11,November,Wednesday,0
2025-11-25,Dadra & Nagar Haveli and Daman & Diu,14.0,2.0,0.0,16.0,5.0,24.0,29.0,107.0,147.0,254.0,299.0,615000,0.026,16.65,Maintenance,2025,11,November,Tuesday,0
2025-11-26,Dadra & Nagar Haveli and Daman & Diu,0.0,0.0,0.0,0.0,10.0,65.0,75.0,0.0,0.0,0.0,75.0,615000,0.0,75.0,Maintenance,2025,11,November,Wednesday,0
2025-11-27,Dadra & Nagar Haveli and Daman & Diu,0.0,0.0,0.0,0.0,9.0,106.0,115.0,0.0,0.0,0.0,115.0,615000,0.0,115.0,Maintenance,2025,11,November,Thursday,0
2025-11-28,Dadra & Nagar Haveli and Daman & Diu,0.0,0.0,0.0,0.0,12.0,128.0,140.0,0.0,0.0,0.0,140.0,615000,0.0,140.0,Maintenance,2025,11,November,Friday,0
2025-11-29,Dadra & Nagar Haveli and Daman & Diu,0.0,0.0,0.0,0.0,13.0,49.0,62.0,0.0,0.0,0.0,62.0,615000,0.0,62.0,Maintenance,2025,11,November,Saturday,1
2025-12-01,Dadra & Nagar Haveli and Daman & Diu,0.0,0.0,0.0,0.0,8.0,63.0,71.0,53.0,56.0,109.0,180.0,615000,0.0,180.0,Maintenance,2025,12,December,Monday,0
2025-12-02,Dadra & Nagar Haveli and Daman & Diu,0.0,0.0,0.0,0.0,7.0,58.0,65.0,161.0,218.0,379.0,444.0,615000,0.0,444.0,Maintenance,2025,12,December,Tuesday,0
2025-12-03,Dadra & Nagar Haveli and Daman & Diu,0.0,0.0,0.0,0.0,17.0,97.0,114.0,62.0,90.0,152.0,266.0,615000,0.0,266.0,Maintenance,2025,12,December,Wednesday,0
2025-12-04,Dadra & Nagar Haveli and Daman & Diu,0.0,0.0,0.0,0.0,20.0,166.0,186.0,81.0,124.0,205.0,391.0,615000,0.0,391.0,Maintenance,2025,12,December,Thursday,0
2025-12-05,Dadra & Nagar Haveli and Daman & Diu,0.0,0.0,0.0,0.0,2.0,22.0,24.0,66.0,136.0,202.0,226.0,615000,0.0,226.0,Maintenance,2025,12,December,Friday,0
2025-12-06,Dadra & Nagar Haveli and Daman & Diu,0.0,0.0,0.0,0.0,23.0,86.0,109.0,25.0,55.0,80.0,189.0,615000,0.0,189.0,Maintenance,2025,12,December,Saturday,1
2025-12-07,Dadra & Nagar Haveli and Daman & Diu,0.0,0.0,0.0,0.0,14.0,56.0,70.0,16.0,20.0,36.0,106.0,615000,0.0,106.0,Maintenance,2025,12,December,Sunday,1
2025-12-08,Dadra & Nagar Haveli and Daman & Diu,0.0,0.0,0.0,0.0,17.0,162.0,179.0,65.0,120.0,185.0,364.0,615000,0.0,364.0,Maintenance,2025,12,December,Monday,0
2025-12-09,Dadra & Nagar Haveli and Daman & Diu,0.0,0.0,0.0,0.0,9.0,94.0,103.0,42.0,101.0,143.0,246.0,615000,0.0,246.0,Maintenance,2025,12,December,Tuesday,0
2025-12-10,Dadra & Nagar Haveli and Daman & Diu,0.0,0.0,0.0,0.0,15.0,87.0,102.0,37.0,51.0,88.0,190.0,615000,0.0,190.0,Maintenance,2025,12,December,Wednesday,0
2025-12-11,Dadra & Nagar Haveli and Daman & Diu,0.0,0.0,0.0,0.0,9.0,77.0,86.0,64.0,155.0,219.0,305.0,615000,0.0,305.0,Maintenance,2025,12,December,Thursday,0
2025-12-12,Dadra & Nagar Haveli and Daman & Diu,0.0,0.0,0.0,0.0,24.0,141.0,165.0,37.0,82.0,119.0,284.0,615000,0.0,284.0,Maintenance,2025,12,December,Friday,0
2025-12-13,Dadra & Nagar Haveli and Daman & Diu,0.0,0.0,0.0,0.0,6.0,82.0,88.0,38.0,69.0,107.0,195.0,615000,0.0,195.0,Maintenance,2025,12,December,Saturday,1
2025-12-14,Dadra & Nagar Haveli and Daman & Diu,0.0,0.0,0.0,0.0,17.0,100.0,117.0,26.0,69.0,95.0,212.0,615000,0.0,212.0,Maintenance,2025,12,December,Sunday,1
2025-12-15,Dadra & Nagar Haveli and Daman & Diu,12.0,3.0,7.0,22.0,9.0,100.0,109.0,23.0,68.0,91.0,222.0,615000,0.0358,8.7,Maintenance,2025,12,December,Monday,0
2025-12-16,Dadra & Nagar Haveli and Daman & Diu,0.0,0.0,0.0,0.0,34.0,153.0,187.0,66.0,152.0,218.0,405.0,615000,0.0,405.0,Maintenance,2025,12,December,Tuesday,0
2025-12-18,Dadra & Nagar Haveli and Daman & Diu,0.0,0.0,0.0,0.0,3.0,7.0,10.0,2.0,11.0,13.0,23.0,615000,0.0,23.0,Maintenance,2025,12,December,Thursday,0
2025-12-19,Dadra & Nagar Haveli and Daman & Diu,0.0,0.0,0.0,0.0,23.0,95.0,118.0,115.0,171.0,286.0,404.0,615000,0.0,404.0,Maintenance,2025,12,December,Friday,0
2025-12-20,Dadra & Nagar Haveli and Daman & Diu,0.0,0.0,0.0,0.0,10.0,79.0,89.0,62.0,133.0,195.0,284.0,615000,0.0,284.0,Maintenance,2025,12,December,Saturday,1
2025-12-21,Dadra & Nagar Haveli and Daman & Diu,16.0,0.0,0.0,16.0,9.0,8.0,17.0,0.0,0.0,0.0,33.0,615000,0.026,1.0,Growth,2025,12,December,Sunday,1
2025-12-22,Dadra & Nagar Haveli and Daman & Diu,35.0,0.0,0.0,35.0,9.0,52.0,61.0,0.0,0.0,0.0,96.0,615000,0.0569,1.69,Growth,2025,12,December,Monday,0
2025-12-23,Dadra & Nagar Haveli and Daman & Diu,22.0,0.0,0.0,22.0,46.0,172.0,218.0,0.0,0.0,0.0,240.0,615000,0.0358,9.48,Maintenance,2025,12,December,Tuesday,0
2025-12-24,Dadra & Nagar Haveli and Daman & Diu,16.0,0.0,5.0,21.0,30.0,135.0,165.0,0.0,0.0,0.0,186.0,615000,0.0341,7.5,Maintenance,2025,12,December,Wednesday,0
2025-12-25,Dadra & Nagar Haveli and Daman & Diu,15.0,1.0,1.0,17.0,18.0,81.0,99.0,91.0,172.0,263.0,379.0,615000,0.0276,20.11,Maintenance,2025,12,December,Thursday,0
2025-12-26,Dadra & Nagar Haveli and Daman & Diu,13.0,2.0,0.0,15.0,3.0,72.0,75.0,85.0,193.0,278.0,368.0,615000,0.0244,22.06,Maintenance,2025,12,December,Friday,0
2025-12-27,Dadra & Nagar Haveli and Daman & Diu,3.0,1.0,1.0,5.0,41.0,146.0,187.0,52.0,101.0,153.0,345.0,615000,0.0081,56.67,Maintenance,2025,12,December,Saturday,1
2025-12-28,Dadra & Nagar Haveli and Daman & Diu,0.0,0.0,0.0,0.0,30.0,144.0,174.0,37.0,60.0,97.0,271.0,615000,0.0,271.0,Maintenance,2025,12,December,Sunday,1
2025-12-29,Dadra & Nagar Haveli and Daman & Diu,10.0,2.0,0.0,12.0,8.0,90.0,98.0,34.0,70.0,104.0,214.0,615000,0.0195,15.54,Maintenance,2025,12,December,Monday,0
2025-12-31,Dadra & Nagar Haveli and Daman & Diu,17.0,2.0,2.0,21.0,0.0,0.0,0.0,0.0,0.0,0.0,21.0,615000,0.0341,0.0,Growth,2025,12,December,Wednesday,0
2025-12-16,Darbhanga,0.0,0.0,0.0,0.0,0.0,2.0,2.0,0.0,0.0,0.0,2.0,24435828,0.0,2.0,Growth,2025,12,December,Tuesday,0
2025-03-01,Delhi,0.0,0.0,0.0,0.0,24234.0,242085.0,266319.0,62172.0,102196.0,164368.0,430687.0,20667656,0.0,430687.0,Maintenance,2025,3,March,Saturday,1
2025-03-09,Delhi,122.0,53.0,57.0,232.0,0.0,0.0,0.0,0.0,0.0,0.0,232.0,20667656,0.0112,0.0,Growth,2025,3,March,Sunday,1
2025-03-15,Delhi,59.0,49.0,28.0,136.0,0.0,0.0,0.0,0.0,0.0,0.0,136.0,20667656,0.0066,0.0,Growth,2025,3,March,Saturday,1
2025-04-01,Delhi,4078.0,1495.0,357.0,5930.0,45578.0,267173.0,312751.0,122032.0,151934.0,273966.0,592647.0,20667656,0.2869,98.92,Maintenance,2025,4,April,Tuesday,0
2025-05-01,Delhi,3687.0,1514.0,380.0,5581.0,18132.0,113854.0,131986.0,75023.0,112635.0,187658.0,325225.0,20667656,0.27,57.26,Maintenance,2025,5,May,Thursday,0
2025-06-01,Delhi,5327.0,2371.0,463.0,8161.0,16863.0,122835.0,139698.0,51352.0,84750.0,136102.0,283961.0,20667656,0.3949,33.79,Maintenance,2025,6,June,Sunday,1
2025-07-01,Delhi,12568.0,5476.0,740.0,18784.0,29267.0,156976.0,186243.0,68606.0,104102.0,172708.0,377735.0,20667656,0.9089,19.11,Maintenance,2025,7,July,Tuesday,0
2025-09-01,Delhi,629.0,242.0,21.0,892.0,603.0,3914.0,4517.0,2697.0,3553.0,6250.0,11659.0,20667656,0.0432,12.06,Maintenance,2025,9,September,Monday,0
2025-09-02,Delhi,645.0,200.0,14.0,859.0,692.0,4473.0,5165.0,1813.0,2035.0,3848.0,9872.0,20667656,0.0416,10.48,Maintenance,2025,9,September,Tuesday,0
2025-09-03,Delhi,570.0,194.0,15.0,779.0,527.0,2834.0,3361.0,2121.0,2560.0,4681.0,8821.0,20667656,0.0377,10.31,Maintenance,2025,9,September,Wednesday,0
2025-09-04,Delhi,690.0,224.0,8.0,922.0,662.0,3809.0,4471.0,3173.0,3295.0,6468.0,11861.0,20667656,0.0446,11.85,Maintenance,2025,9,September,Thursday,0
2025-09-05,Delhi,179.0,60.0,0.0,239.0,288.0,2551.0,2839.0,686.0,769.0,1455.0,4533.0,20667656,0.0116,17.89,Maintenance,2025,9,September,Friday,0
2025-09-06,Delhi,766.0,259.0,31.0,1056.0,799.0,4503.0,5302.0,3559.0,3254.0,6813.0,13171.0,20667656,0.0511,11.46,Maintenance,2025,9,September,Saturday,1
2025-09-07,Delhi,203.0,56.0,0.0,259.0,147.0,1062.0,1209.0,661.0,701.0,1362.0,2830.0,20667656,0.0125,9.89,Maintenance,2025,9,September,Sunday,1
2025-09-08,Delhi,743.0,211.0,30.0,984.0,707.0,4115.0,4822.0,2785.0,3291.0,6076.0,11882.0,20667656,0.0476,11.06,Maintenance,2025,9,September,Monday,0
2025-09-09,Delhi,713.0,218.0,12.0,943.0,789.0,4249.0,5038.0,2981.0,3184.0,6165.0,12146.0,20667656,0.0456,11.87,Maintenance,2025,9,September,Tuesday,0
2025-09-10,Delhi,717.0,205.0,14.0,936.0,786.0,4342.0,5128.0,3136.0,3191.0,6327.0,12391.0,20667656,0.0453,12.23,Maintenance,2025,9,September,Wednesday,0
2025-09-11,Delhi,622.0,219.0,13.0,854.0,717.0,4197.0,4914.0,3103.0,3275.0,6378.0,12146.0,20667656,0.0413,13.21,Maintenance,2025,9,September,Thursday,0
2025-09-12,Delhi,654.0,200.0,13.0,867.0,522.0,2874.0,3396.0,3089.0,3283.0,6372.0,10635.0,20667656,0.0419,11.25,Maintenance,2025,9,September,Friday,0
2025-09-13,Delhi,644.0,195.0,3.0,842.0,693.0,3561.0,4254.0,3003.0,2144.0,5147.0,10243.0,20667656,0.0407,11.15,Maintenance,2025,9,September,Saturday,1
2025-09-14,Delhi,189.0,64.0,0.0,253.0,294.0,1971.0,2265.0,865.0,785.0,1650.0,4168.0,20667656,0.0122,15.41,Maintenance,2025,9,September,Sunday,1
2025-09-15,Delhi,583.0,167.0,12.0,762.0,735.0,5322.0,6057.0,2815.0,3141.0,5956.0,12775.0,20667656,0.0369,15.74,Maintenance,2025,9,September,Monday,0
2025-09-16,Delhi,637.0,218.0,17.0,872.0,875.0,5061.0,5936.0,3223.0,3128.0,6351.0,13159.0,20667656,0.0422,14.07,Maintenance,2025,9,September,Tuesday,0
2025-09-17,Delhi,679.0,233.0,17.0,929.0,451.0,3319.0,3770.0,2928.0,3186.0,6114.0,10813.0,20667656,0.0449,10.63,Maintenance,2025,9,September,Wednesday,0
2025-09-18,Delhi,574.0,177.0,13.0,764.0,695.0,4261.0,4956.0,2945.0,3184.0,6129.0,11849.0,20667656,0.037,14.49,Maintenance,2025,9,September,Thursday,0
2025-09-19,Delhi,516.0,148.0,10.0,674.0,518.0,3662.0,4180.0,2831.0,2968.0,5799.0,10653.0,20667656,0.0326,14.78,Maintenance,2025,9,September,Friday,0
2025-09-20,Delhi,507.0,177.0,16.0,700.0,413.0,3120.0,3533.0,3205.0,2746.0,5951.0,10184.0,20667656,0.0339,13.53,Maintenance,2025,9,September,Saturday,1
2025-09-21,Delhi,58.0,25.0,1.0,84.0,0.0,0.0,0.0,0.0,0.0,0.0,84.0,20667656,0.0041,0.0,Growth,2025,9,September,Sunday,1
2025-09-22,Delhi,372.0,119.0,12.0,503.0,0.0,0.0,0.0,0.0,0.0,0.0,503.0,20667656,0.0243,0.0,Growth,2025,9,September,Monday,0
2025-09-23,Delhi,520.0,166.0,12.0,698.0,0.0,0.0,0.0,0.0,0.0,0.0,698.0,20667656,0.0338,0.0,Growth,2025,9,September,Tuesday,0
2025-09-24,Delhi,494.0,131.0,24.0,649.0,0.0,0.0,0.0,0.0,0.0,0.0,649.0,20667656,0.0314,0.0,Growth,2025,9,September,Wednesday,0
2025-09-25,Delhi,471.0,147.0,15.0,633.0,0.0,0.0,0.0,0.0,0.0,0.0,633.0,20667656,0.0306,0.0,Growth,2025,9,September,Thursday,0
2025-09-26,Delhi,350.0,101.0,9.0,460.0,0.0,0.0,0.0,0.0,0.0,0.0,460.0,20667656,0.0223,0.0,Growth,2025,9,September,Friday,0
2025-09-27,Delhi,187.0,58.0,2.0,247.0,0.0,0.0,0.0,0.0,0.0,0.0,247.0,20667656,0.012,0.0,Growth,2025,9,September,Saturday,1
2025-09-28,Delhi,16.0,17.0,0.0,33.0,0.0,0.0,0.0,0.0,0.0,0.0,33.0,20667656,0.0016,0.0,Growth,2025,9,September,Sunday,1
2025-09-29,Delhi,54.0,24.0,6.0,84.0,0.0,0.0,0.0,0.0,0.0,0.0,84.0,20667656,0.0041,0.0,Growth,2025,9,September,Monday,0
2025-09-30,Delhi,2.0,20.0,7.0,29.0,0.0,0.0,0.0,0.0,0.0,0.0,29.0,20667656,0.0014,0.0,Growth,2025,9,September,Tuesday,0
2025-10-13,Delhi,652.0,178.0,18.0,848.0,41.0,1209.0,1250.0,12.0,23.0,35.0,2133.0,20667656,0.041,1.51,Growth,2025,10,October,Monday,0
2025-10-15,Delhi,517.0,152.0,15.0,684.0,660.0,5584.0,6244.0,774.0,1148.0,1922.0,8850.0,20667656,0.0331,11.92,Maintenance,2025,10,October,Wednesday,0
2025-10-16,Delhi,213.0,80.0,11.0,304.0,798.0,6063.0,6861.0,1624.0,2317.0,3941.0,11106.0,20667656,0.0147,35.42,Maintenance,2025,10,October,Thursday,0
2025-10-17,Delhi,1076.0,264.0,5.0,1345.0,304.0,2965.0,3269.0,1592.0,1997.0,3589.0,8203.0,20667656,0.0651,5.1,Maintenance,2025,10,October,Friday,0
2025-10-18,Delhi,434.0,125.0,6.0,565.0,127.0,1108.0,1235.0,1744.0,2132.0,3876.0,5676.0,20667656,0.0273,9.03,Maintenance,2025,10,October,Saturday,1
2025-10-19,Delhi,532.0,106.0,7.0,645.0,210.0,1701.0,1911.0,1617.0,1842.0,3459.0,6015.0,20667656,0.0312,8.31,Maintenance,2025,10,October,Sunday,1
2025-10-20,Delhi,81.0,34.0,5.0,120.0,115.0,818.0,933.0,80.0,108.0,188.0,1241.0,20667656,0.0058,9.26,Maintenance,2025,10,October,Monday,0
2025-10-21,Delhi,43.0,21.0,3.0,67.0,173.0,1144.0,1317.0,109.0,160.0,269.0,1653.0,20667656,0.0032,23.32,Maintenance,2025,10,October,Tuesday,0
2025-10-22,Delhi,2.0,0.0,0.0,2.0,46.0,320.0,366.0,8.0,15.0,23.0,391.0,20667656,0.0001,129.67,Maintenance,2025,10,October,Wednesday,0
2025-10-23,Delhi,4.0,0.0,1.0,5.0,59.0,464.0,523.0,66.0,76.0,142.0,670.0,20667656,0.0002,110.83,Maintenance,2025,10,October,Thursday,0
2025-10-24,Delhi,376.0,84.0,15.0,475.0,541.0,4838.0,5379.0,1641.0,1813.0,3454.0,9308.0,20667656,0.023,18.56,Maintenance,2025,10,October,Friday,0
2025-10-25,Delhi,377.0,106.0,4.0,487.0,217.0,2388.0,2605.0,1503.0,1929.0,3432.0,6524.0,20667656,0.0236,12.37,Maintenance,2025,10,October,Saturday,1
2025-10-26,Delhi,316.0,116.0,17.0,449.0,344.0,3952.0,4296.0,2684.0,3574.0,6258.0,11003.0,20667656,0.0217,23.45,Maintenance,2025,10,October,Sunday,1
2025-10-27,Delhi,275.0,79.0,18.0,372.0,122.0,1144.0,1266.0,2080.0,2682.0,4762.0,6400.0,20667656,0.018,16.16,Maintenance,2025,10,October,Monday,0
2025-10-28,Delhi,390.0,109.0,5.0,504.0,165.0,1646.0,1811.0,972.0,1192.0,2164.0,4479.0,20667656,0.0244,7.87,Maintenance,2025,10,October,Tuesday,0
2025-10-29,Delhi,379.0,95.0,2.0,476.0,395.0,4356.0,4751.0,1514.0,1952.0,3466.0,8693.0,20667656,0.023,17.23,Maintenance,2025,10,October,Wednesday,0
2025-10-30,Delhi,1581.0,367.0,15.0,1963.0,254.0,2392.0,2646.0,1808.0,2755.0,4563.0,9172.0,20667656,0.095,3.67,Growth,2025,10,October,Thursday,0
2025-10-31,Delhi,834.0,216.0,18.0,1068.0,438.0,5594.0,6032.0,2246.0,3292.0,5538.0,12638.0,20667656,0.0517,10.82,Maintenance,2025,10,October,Friday,0
2025-11-01,Delhi,223.0,83.0,18.0,324.0,471.0,4911.0,5382.0,1692.0,2395.0,4087.0,9793.0,20667656,0.0157,29.14,Maintenance,2025,11,November,Saturday,1
2025-11-02,Delhi,1235.0,303.0,8.0,1546.0,404.0,2880.0,3284.0,2154.0,2604.0,4758.0,9588.0,20667656,0.0748,5.2,Maintenance,2025,11,November,Sunday,1
2025-11-03,Delhi,268.0,57.0,8.0,333.0,730.0,5975.0,6705.0,2417.0,2963.0,5380.0,12418.0,20667656,0.0161,36.18,Maintenance,2025,11,November,Monday,0
2025-11-04,Delhi,13.0,1.0,0.0,14.0,442.0,4968.0,5410.0,1515.0,2031.0,3546.0,8970.0,20667656,0.0007,597.07,Maintenance,2025,11,November,Tuesday,0
2025-11-05,Delhi,683.0,213.0,12.0,908.0,434.0,3345.0,3779.0,1456.0,2057.0,3513.0,8200.0,20667656,0.0439,8.02,Maintenance,2025,11,November,Wednesday,0
2025-11-06,Delhi,403.0,148.0,20.0,571.0,669.0,4998.0,5667.0,2934.0,3662.0,6596.0,12834.0,20667656,0.0276,21.44,Maintenance,2025,11,November,Thursday,0
2025-11-07,Delhi,387.0,112.0,26.0,525.0,545.0,5061.0,5606.0,1663.0,2304.0,3967.0,10098.0,20667656,0.0254,18.2,Maintenance,2025,11,November,Friday,0
2025-11-08,Delhi,613.0,179.0,17.0,809.0,583.0,5396.0,5979.0,1365.0,1628.0,2993.0,9781.0,20667656,0.0391,11.08,Maintenance,2025,11,November,Saturday,1
2025-11-09,Delhi,559.0,102.0,9.0,670.0,368.0,2657.0,3025.0,1437.0,1682.0,3119.0,6814.0,20667656,0.0324,9.16,Maintenance,2025,11,November,Sunday,1
2025-11-10,Delhi,701.0,186.0,10.0,897.0,422.0,4242.0,4664.0,2542.0,3077.0,5619.0,11180.0,20667656,0.0434,11.45,Maintenance,2025,11,November,Monday,0
2025-11-11,Delhi,471.0,110.0,10.0,591.0,502.0,4243.0,4745.0,2160.0,2874.0,5034.0,10370.0,20667656,0.0286,16.52,Maintenance,2025,11,November,Tuesday,0
2025-11-12,Delhi,469.0,118.0,16.0,603.0,364.0,3784.0,4148.0,1920.0,2352.0,4272.0,9023.0,20667656,0.0292,13.94,Maintenance,2025,11,November,Wednesday,0
2025-11-13,Delhi,339.0,122.0,23.0,484.0,277.0,2190.0,2467.0,1579.0,1817.0,3396.0,6347.0,20667656,0.0234,12.09,Maintenance,2025,11,November,Thursday,0
2025-11-14,Delhi,512.0,137.0,34.0,683.0,481.0,4390.0,4871.0,1144.0,1550.0,2694.0,8248.0,20667656,0.033,11.06,Maintenance,2025,11,November,Friday,0
2025-11-15,Delhi,1261.0,323.0,35.0,1619.0,394.0,3764.0,4158.0,1444.0,1515.0,2959.0,8736.0,20667656,0.0783,4.39,Growth,2025,11,November,Saturday,1
2025-11-16,Delhi,635.0,153.0,13.0,801.0,336.0,2491.0,2827.0,3448.0,2978.0,6426.0,10054.0,20667656,0.0388,11.54,Maintenance,2025,11,November,Sunday,1
2025-11-17,Delhi,301.0,106.0,9.0,416.0,406.0,3414.0,3820.0,2574.0,2496.0,5070.0,9306.0,20667656,0.0201,21.32,Maintenance,2025,11,November,Monday,0
2025-11-18,Delhi,884.0,203.0,16.0,1103.0,297.0,3376.0,3673.0,1807.0,2114.0,3921.0,8697.0,20667656,0.0534,6.88,Maintenance,2025,11,November,Tuesday,0
2025-11-19,Delhi,1568.0,312.0,86.0,1966.0,518.0,5845.0,6363.0,870.0,1277.0,2147.0,10476.0,20667656,0.0951,4.33,Growth,2025,11,November,Wednesday,0
2025-11-25,Delhi,563.0,123.0,6.0,692.0,234.0,1849.0,2083.0,3748.0,3798.0,7546.0,10321.0,20667656,0.0335,13.89,Maintenance,2025,11,November,Tuesday,0
2025-11-26,Delhi,0.0,0.0,0.0,0.0,328.0,3565.0,3893.0,0.0,0.0,0.0,3893.0,20667656,0.0,3893.0,Maintenance,2025,11,November,Wednesday,0
2025-11-27,Delhi,0.0,0.0,0.0,0.0,500.0,6015.0,6515.0,0.0,0.0,0.0,6515.0,20667656,0.0,6515.0,Maintenance,2025,11,November,Thursday,0
2025-11-28,Delhi,0.0,0.0,0.0,0.0,506.0,5552.0,6058.0,0.0,0.0,0.0,6058.0,20667656,0.0,6058.0,Maintenance,2025,11,November,Friday,0
2025-11-29,Delhi,0.0,0.0,0.0,0.0,266.0,3250.0,3516.0,0.0,0.0,0.0,3516.0,20667656,0.0,3516.0,Maintenance,2025,11,November,Saturday,1
2025-12-01,Delhi,0.0,0.0,0.0,0.0,256.0,2637.0,2893.0,2679.0,2409.0,5088.0,7981.0,20667656,0.0,7981.0,Maintenance,2025,12,December,Monday,0
2025-12-02,Delhi,0.0,0.0,0.0,0.0,421.0,4661.0,5082.0,3158.0,2913.0,6071.0,11153.0,20667656,0.0,11153.0,Maintenance,2025,12,December,Tuesday,0
2025-12-03,Delhi,0.0,0.0,0.0,0.0,679.0,6197.0,6876.0,2364.0,3081.0,5445.0,12321.0,20667656,0.0,12321.0,Maintenance,2025,12,December,Wednesday,0
2025-12-04,Delhi,0.0,0.0,0.0,0.0,697.0,7382.0,8079.0,2262.0,2824.0,5086.0,13165.0,20667656,0.0,13165.0,Maintenance,2025,12,December,Thursday,0
2025-12-05,Delhi,0.0,0.0,0.0,0.0,392.0,3998.0,4390.0,1659.0,2339.0,3998.0,8388.0,20667656,0.0,8388.0,Maintenance,2025,12,December,Friday,0
2025-12-06,Delhi,0.0,0.0,0.0,0.0,465.0,5146.0,5611.0,2471.0,2702.0,5173.0,10784.0,20667656,0.0,10784.0,Maintenance,2025,12,December,Saturday,1
2025-12-07,Delhi,0.0,0.0,0.0,0.0,359.0,3259.0,3618.0,1509.0,1790.0,3299.0,6917.0,20667656,0.0,6917.0,Maintenance,2025,12,December,Sunday,1
2025-12-08,Delhi,0.0,0.0,0.0,0.0,937.0,9406.0,10343.0,2502.0,3321.0,5823.0,16166.0,20667656,0.0,16166.0,Maintenance,2025,12,December,Monday,0
2025-12-09,Delhi,0.0,0.0,0.0,0.0,475.0,5237.0,5712.0,3761.0,4146.0,7907.0,13619.0,20667656,0.0,13619.0,Maintenance,2025,12,December,Tuesday,0
2025-12-10,Delhi,0.0,0.0,0.0,0.0,332.0,3739.0,4071.0,1858.0,2019.0,3877.0,7948.0,20667656,0.0,7948.0,Maintenance,2025,12,December,Wednesday,0
2025-12-11,Delhi,0.0,0.0,0.0,0.0,559.0,6512.0,7071.0,2592.0,2826.0,5418.0,12489.0,20667656,0.0,12489.0,Maintenance,2025,12,December,Thursday,0
2025-12-12,Delhi,0.0,0.0,0.0,0.0,911.0,8637.0,9548.0,3022.0,2954.0,5976.0,15524.0,20667656,0.0,15524.0,Maintenance,2025,12,December,Friday,0
2025-12-13,Delhi,0.0,0.0,0.0,0.0,484.0,4945.0,5429.0,4035.0,2796.0,6831.0,12260.0,20667656,0.0,12260.0,Maintenance,2025,12,December,Saturday,1
2025-12-14,Delhi,0.0,0.0,0.0,0.0,736.0,6126.0,6862.0,723.0,801.0,1524.0,8386.0,20667656,0.0,8386.0,Maintenance,2025,12,December,Sunday,1
2025-12-15,Delhi,1709.0,271.0,18.0,1998.0,312.0,3432.0,3744.0,1871.0,1831.0,3702.0,9444.0,20667656,0.0967,3.72,Growth,2025,12,December,Monday,0
2025-12-16,Delhi,0.0,0.0,0.0,0.0,532.0,5334.0,5866.0,3835.0,3034.0,6869.0,12735.0,20667656,0.0,12735.0,Maintenance,2025,12,December,Tuesday,0
2025-12-18,Delhi,0.0,0.0,0.0,0.0,51.0,591.0,642.0,271.0,249.0,520.0,1162.0,20667656,0.0,1162.0,Maintenance,2025,12,December,Thursday,0
2025-12-19,Delhi,0.0,0.0,0.0,0.0,437.0,4577.0,5014.0,4085.0,2992.0,7077.0,12091.0,20667656,0.0,12091.0,Maintenance,2025,12,December,Friday,0
2025-12-20,Delhi,0.0,0.0,0.0,0.0,494.0,4253.0,4747.0,2034.0,1415.0,3449.0,8196.0,20667656,0.0,8196.0,Maintenance,2025,12,December,Saturday,1
2025-12-21,Delhi,649.0,2.0,0.0,651.0,305.0,2502.0,2807.0,0.0,0.0,0.0,3458.0,20667656,0.0315,4.31,Growth,2025,12,December,Sunday,1
2025-12-22,Delhi,1610.0,4.0,0.0,1614.0,294.0,3224.0,3518.0,0.0,0.0,0.0,5132.0,20667656,0.0781,2.18,Growth,2025,12,December,Monday,0
2025-12-23,Delhi,861.0,3.0,0.0,864.0,768.0,7903.0,8671.0,2.0,1.0,3.0,9538.0,20667656,0.0418,10.03,Maintenance,2025,12,December,Tuesday,0
2025-12-24,Delhi,650.0,156.0,40.0,846.0,463.0,4948.0,5411.0,0.0,0.0,0.0,6257.0,20667656,0.0409,6.39,Maintenance,2025,12,December,Wednesday,0
2025-12-25,Delhi,418.0,197.0,10.0,625.0,429.0,3346.0,3775.0,4664.0,3839.0,8503.0,12903.0,20667656,0.0302,19.61,Maintenance,2025,12,December,Thursday,0
2025-12-26,Delhi,673.0,179.0,9.0,861.0,699.0,6426.0,7125.0,3173.0,3731.0,6904.0,14890.0,20667656,0.0417,16.27,Maintenance,2025,12,December,Friday,0
2025-12-27,Delhi,724.0,197.0,2.0,923.0,681.0,7823.0,8504.0,5271.0,4751.0,10022.0,19449.0,20667656,0.0447,20.05,Maintenance,2025,12,December,Saturday,1
2025-12-28,Delhi,473.0,103.0,4.0,580.0,581.0,5383.0,5964.0,1352.0,1305.0,2657.0,9201.0,20667656,0.0281,14.84,Maintenance,2025,12,December,Sunday,1
2025-12-29,Delhi,537.0,107.0,4.0,648.0,313.0,3805.0,4118.0,2337.0,2585.0,4922.0,9688.0,20667656,0.0314,13.93,Maintenance,2025,12,December,Monday,0
2025-12-31,Delhi,884.0,421.0,50.0,1355.0,0.0,0.0,0.0,0.0,0.0,0.0,1355.0,20667656,0.0656,0.0,Growth,2025,12,December,Wednesday,0
2025-03-01,Goa,0.0,0.0,0.0,0.0,1223.0,6348.0,7571.0,4037.0,4946.0,8983.0,16554.0,1586250,0.0,16554.0,Maintenance,2025,3,March,Saturday,1
2025-04-01,Goa,0.0,0.0,0.0,0.0,0.0,0.0,0.0,4793.0,4519.0,9312.0,9312.0,1586250,0.0,9312.0,Maintenance,2025,4,April,Tuesday,0
2025-05-01,Goa,0.0,0.0,0.0,0.0,0.0,0.0,0.0,4251.0,4477.0,8728.0,8728.0,1586250,0.0,8728.0,Maintenance,2025,5,May,Thursday,0
2025-06-01,Goa,0.0,0.0,0.0,0.0,0.0,0.0,0.0,2713.0,4640.0,7353.0,7353.0,1586250,0.0,7353.0,Maintenance,2025,6,June,Sunday,1
2025-07-01,Goa,21.0,10.0,11.0,42.0,0.0,0.0,0.0,2563.0,4837.0,7400.0,7442.0,1586250,0.0265,172.09,Maintenance,2025,7,July,Tuesday,0
2025-09-01,Goa,21.0,8.0,4.0,33.0,37.0,341.0,378.0,328.0,206.0,534.0,945.0,1586250,0.0208,26.82,Maintenance,2025,9,September,Monday,0
2025-09-02,Goa,20.0,9.0,8.0,37.0,28.0,361.0,389.0,100.0,103.0,203.0,629.0,1586250,0.0233,15.58,Maintenance,2025,9,September,Tuesday,0
2025-09-03,Goa,27.0,5.0,3.0,35.0,18.0,340.0,358.0,87.0,149.0,236.0,629.0,1586250,0.0221,16.5,Maintenance,2025,9,September,Wednesday,0
2025-09-04,Goa,31.0,5.0,2.0,38.0,22.0,328.0,350.0,173.0,166.0,339.0,727.0,1586250,0.024,17.67,Maintenance,2025,9,September,Thursday,0
2025-09-05,Goa,13.0,2.0,9.0,24.0,18.0,207.0,225.0,114.0,116.0,230.0,479.0,1586250,0.0151,18.2,Maintenance,2025,9,September,Friday,0
2025-09-06,Goa,15.0,1.0,0.0,16.0,10.0,221.0,231.0,78.0,115.0,193.0,440.0,1586250,0.0101,24.94,Maintenance,2025,9,September,Saturday,1
2025-09-07,Goa,2.0,0.0,0.0,2.0,0.0,12.0,12.0,2.0,8.0,10.0,24.0,1586250,0.0013,7.33,Maintenance,2025,9,September,Sunday,1
2025-09-08,Goa,43.0,6.0,4.0,53.0,27.0,438.0,465.0,112.0,169.0,281.0,799.0,1586250,0.0334,13.81,Maintenance,2025,9,September,Monday,0
2025-09-09,Goa,26.0,9.0,4.0,39.0,24.0,410.0,434.0,135.0,205.0,340.0,813.0,1586250,0.0246,19.35,Maintenance,2025,9,September,Tuesday,0
2025-09-10,Goa,43.0,6.0,2.0,51.0,12.0,431.0,443.0,116.0,201.0,317.0,811.0,1586250,0.0322,14.62,Maintenance,2025,9,September,Wednesday,0
2025-09-11,Goa,30.0,5.0,3.0,38.0,23.0,390.0,413.0,126.0,158.0,284.0,735.0,1586250,0.024,17.87,Maintenance,2025,9,September,Thursday,0
2025-09-12,Goa,35.0,7.0,4.0,46.0,19.0,299.0,318.0,121.0,139.0,260.0,624.0,1586250,0.029,12.3,Maintenance,2025,9,September,Friday,0
2025-09-13,Goa,9.0,0.0,0.0,9.0,12.0,143.0,155.0,28.0,34.0,62.0,226.0,1586250,0.0057,21.7,Maintenance,2025,9,September,Saturday,1
2025-09-14,Goa,0.0,0.0,0.0,0.0,4.0,37.0,41.0,7.0,12.0,19.0,60.0,1586250,0.0,60.0,Maintenance,2025,9,September,Sunday,1
2025-09-15,Goa,22.0,4.0,5.0,31.0,20.0,326.0,346.0,113.0,111.0,224.0,601.0,1586250,0.0195,17.81,Maintenance,2025,9,September,Monday,0
2025-09-16,Goa,35.0,6.0,1.0,42.0,50.0,470.0,520.0,115.0,155.0,270.0,832.0,1586250,0.0265,18.37,Maintenance,2025,9,September,Tuesday,0
2025-09-17,Goa,48.0,2.0,5.0,55.0,17.0,279.0,296.0,131.0,193.0,324.0,675.0,1586250,0.0347,11.07,Maintenance,2025,9,September,Wednesday,0
2025-09-18,Goa,37.0,8.0,0.0,45.0,25.0,382.0,407.0,143.0,182.0,325.0,777.0,1586250,0.0284,15.91,Maintenance,2025,9,September,Thursday,0
2025-09-19,Goa,40.0,3.0,5.0,48.0,30.0,297.0,327.0,114.0,154.0,268.0,643.0,1586250,0.0303,12.14,Maintenance,2025,9,September,Friday,0
2025-09-20,Goa,13.0,0.0,0.0,13.0,4.0,157.0,161.0,81.0,98.0,179.0,353.0,1586250,0.0082,24.29,Maintenance,2025,9,September,Saturday,1
2025-09-22,Goa,22.0,2.0,7.0,31.0,0.0,0.0,0.0,0.0,0.0,0.0,31.0,1586250,0.0195,0.0,Growth,2025,9,September,Monday,0
2025-09-23,Goa,32.0,4.0,2.0,38.0,0.0,0.0,0.0,0.0,0.0,0.0,38.0,1586250,0.024,0.0,Growth,2025,9,September,Tuesday,0
2025-09-24,Goa,27.0,2.0,1.0,30.0,0.0,0.0,0.0,0.0,0.0,0.0,30.0,1586250,0.0189,0.0,Growth,2025,9,September,Wednesday,0
2025-09-25,Goa,26.0,2.0,4.0,32.0,0.0,0.0,0.0,0.0,0.0,0.0,32.0,1586250,0.0202,0.0,Growth,2025,9,September,Thursday,0
2025-09-26,Goa,26.0,2.0,1.0,29.0,0.0,0.0,0.0,0.0,0.0,0.0,29.0,1586250,0.0183,0.0,Growth,2025,9,September,Friday,0
2025-09-27,Goa,0.0,2.0,0.0,2.0,0.0,0.0,0.0,0.0,0.0,0.0,2.0,1586250,0.0013,0.0,Growth,2025,9,September,Saturday,1
2025-09-29,Goa,15.0,3.0,0.0,18.0,0.0,0.0,0.0,0.0,0.0,0.0,18.0,1586250,0.0113,0.0,Growth,2025,9,September,Monday,0
2025-09-30,Goa,35.0,2.0,0.0,37.0,0.0,0.0,0.0,0.0,0.0,0.0,37.0,1586250,0.0233,0.0,Growth,2025,9,September,Tuesday,0
2025-10-13,Goa,28.0,6.0,1.0,35.0,3.0,152.0,155.0,1.0,2.0,3.0,193.0,1586250,0.0221,4.39,Growth,2025,10,October,Monday,0
2025-10-15,Goa,32.0,5.0,1.0,38.0,29.0,378.0,407.0,67.0,79.0,146.0,591.0,1586250,0.024,14.18,Maintenance,2025,10,October,Wednesday,0
2025-10-16,Goa,6.0,2.0,0.0,8.0,46.0,377.0,423.0,151.0,145.0,296.0,727.0,1586250,0.005,79.89,Maintenance,2025,10,October,Thursday,0
2025-10-17,Goa,31.0,4.0,0.0,35.0,28.0,337.0,365.0,288.0,182.0,470.0,870.0,1586250,0.0221,23.19,Maintenance,2025,10,October,Friday,0
2025-10-18,Goa,33.0,2.0,0.0,35.0,6.0,67.0,73.0,248.0,142.0,390.0,498.0,1586250,0.0221,12.86,Maintenance,2025,10,October,Saturday,1
2025-10-19,Goa,31.0,2.0,0.0,33.0,21.0,86.0,107.0,178.0,131.0,309.0,449.0,1586250,0.0208,12.24,Maintenance,2025,10,October,Sunday,1
2025-10-20,Goa,4.0,0.0,0.0,4.0,5.0,42.0,47.0,5.0,9.0,14.0,65.0,1586250,0.0025,12.2,Maintenance,2025,10,October,Monday,0
2025-10-21,Goa,0.0,0.0,0.0,0.0,7.0,71.0,78.0,12.0,8.0,20.0,98.0,1586250,0.0,98.0,Maintenance,2025,10,October,Tuesday,0
2025-10-22,Goa,0.0,0.0,1.0,1.0,1.0,23.0,24.0,1.0,0.0,1.0,26.0,1586250,0.0006,12.5,Maintenance,2025,10,October,Wednesday,0
2025-10-23,Goa,0.0,0.0,1.0,1.0,3.0,22.0,25.0,12.0,3.0,15.0,41.0,1586250,0.0006,20.0,Maintenance,2025,10,October,Thursday,0
2025-10-24,Goa,28.0,5.0,1.0,34.0,29.0,423.0,452.0,256.0,146.0,402.0,888.0,1586250,0.0214,24.4,Maintenance,2025,10,October,Friday,0
2025-10-25,Goa,31.0,2.0,0.0,33.0,28.0,324.0,352.0,457.0,289.0,746.0,1131.0,1586250,0.0208,32.29,Maintenance,2025,10,October,Saturday,1
2025-10-26,Goa,22.0,5.0,0.0,27.0,27.0,241.0,268.0,337.0,206.0,543.0,838.0,1586250,0.017,28.96,Maintenance,2025,10,October,Sunday,1
2025-10-27,Goa,21.0,2.0,3.0,26.0,5.0,69.0,74.0,179.0,110.0,289.0,389.0,1586250,0.0164,13.44,Maintenance,2025,10,October,Monday,0
2025-10-28,Goa,12.0,3.0,0.0,15.0,19.0,160.0,179.0,142.0,106.0,248.0,442.0,1586250,0.0095,26.69,Maintenance,2025,10,October,Tuesday,0
2025-10-29,Goa,8.0,0.0,0.0,8.0,30.0,333.0,363.0,268.0,107.0,375.0,746.0,1586250,0.005,82.0,Maintenance,2025,10,October,Wednesday,0
2025-10-30,Goa,50.0,5.0,0.0,55.0,5.0,169.0,174.0,398.0,222.0,620.0,849.0,1586250,0.0347,14.18,Maintenance,2025,10,October,Thursday,0
2025-10-31,Goa,38.0,4.0,2.0,44.0,39.0,585.0,624.0,540.0,248.0,788.0,1456.0,1586250,0.0277,31.38,Maintenance,2025,10,October,Friday,0
2025-11-01,Goa,25.0,5.0,0.0,30.0,39.0,308.0,347.0,284.0,136.0,420.0,797.0,1586250,0.0189,24.74,Maintenance,2025,11,November,Saturday,1
2025-11-02,Goa,10.0,4.0,0.0,14.0,12.0,128.0,140.0,126.0,81.0,207.0,361.0,1586250,0.0088,23.13,Maintenance,2025,11,November,Sunday,1
2025-11-03,Goa,5.0,3.0,1.0,9.0,33.0,333.0,366.0,221.0,126.0,347.0,722.0,1586250,0.0057,71.3,Maintenance,2025,11,November,Monday,0
2025-11-04,Goa,1.0,0.0,0.0,1.0,41.0,391.0,432.0,295.0,196.0,491.0,924.0,1586250,0.0006,461.5,Maintenance,2025,11,November,Tuesday,0
2025-11-05,Goa,45.0,9.0,0.0,54.0,42.0,291.0,333.0,204.0,180.0,384.0,771.0,1586250,0.034,13.04,Maintenance,2025,11,November,Wednesday,0
2025-11-06,Goa,23.0,6.0,0.0,29.0,48.0,542.0,590.0,290.0,194.0,484.0,1103.0,1586250,0.0183,35.8,Maintenance,2025,11,November,Thursday,0
2025-11-07,Goa,22.0,3.0,0.0,25.0,40.0,409.0,449.0,251.0,199.0,450.0,924.0,1586250,0.0158,34.58,Maintenance,2025,11,November,Friday,0
2025-11-08,Goa,48.0,6.0,0.0,54.0,41.0,328.0,369.0,236.0,145.0,381.0,804.0,1586250,0.034,13.64,Maintenance,2025,11,November,Saturday,1
2025-11-09,Goa,25.0,0.0,0.0,25.0,23.0,140.0,163.0,147.0,47.0,194.0,382.0,1586250,0.0158,13.73,Maintenance,2025,11,November,Sunday,1
2025-11-10,Goa,17.0,2.0,0.0,19.0,17.0,429.0,446.0,361.0,169.0,530.0,995.0,1586250,0.012,48.8,Maintenance,2025,11,November,Monday,0
2025-11-11,Goa,28.0,2.0,0.0,30.0,18.0,270.0,288.0,364.0,157.0,521.0,839.0,1586250,0.0189,26.1,Maintenance,2025,11,November,Tuesday,0
2025-11-12,Goa,28.0,1.0,0.0,29.0,15.0,313.0,328.0,390.0,213.0,603.0,960.0,1586250,0.0183,31.03,Maintenance,2025,11,November,Wednesday,0
2025-11-13,Goa,35.0,7.0,1.0,43.0,11.0,149.0,160.0,246.0,156.0,402.0,605.0,1586250,0.0271,12.77,Maintenance,2025,11,November,Thursday,0
2025-11-14,Goa,47.0,6.0,9.0,62.0,23.0,331.0,354.0,243.0,150.0,393.0,809.0,1586250,0.0391,11.86,Maintenance,2025,11,November,Friday,0
2025-11-15,Goa,42.0,3.0,4.0,49.0,17.0,261.0,278.0,202.0,91.0,293.0,620.0,1586250,0.0309,11.42,Maintenance,2025,11,November,Saturday,1
2025-11-16,Goa,25.0,3.0,1.0,29.0,22.0,215.0,237.0,126.0,86.0,212.0,478.0,1586250,0.0183,14.97,Maintenance,2025,11,November,Sunday,1
2025-11-17,Goa,6.0,0.0,0.0,6.0,17.0,282.0,299.0,185.0,123.0,308.0,613.0,1586250,0.0038,86.71,Maintenance,2025,11,November,Monday,0
2025-11-18,Goa,45.0,5.0,1.0,51.0,19.0,242.0,261.0,386.0,193.0,579.0,891.0,1586250,0.0322,16.15,Maintenance,2025,11,November,Tuesday,0
2025-11-19,Goa,33.0,2.0,27.0,62.0,23.0,368.0,391.0,172.0,79.0,251.0,704.0,1586250,0.0391,10.19,Maintenance,2025,11,November,Wednesday,0
2025-11-25,Goa,43.0,1.0,1.0,45.0,20.0,161.0,181.0,597.0,374.0,971.0,1197.0,1586250,0.0284,25.04,Maintenance,2025,11,November,Tuesday,0
2025-11-26,Goa,0.0,0.0,0.0,0.0,25.0,378.0,403.0,0.0,0.0,0.0,403.0,1586250,0.0,403.0,Maintenance,2025,11,November,Wednesday,0
2025-11-27,Goa,0.0,0.0,0.0,0.0,36.0,553.0,589.0,0.0,0.0,0.0,589.0,1586250,0.0,589.0,Maintenance,2025,11,November,Thursday,0
2025-11-28,Goa,0.0,0.0,0.0,0.0,38.0,650.0,688.0,0.0,0.0,0.0,688.0,1586250,0.0,688.0,Maintenance,2025,11,November,Friday,0
2025-11-29,Goa,0.0,0.0,0.0,0.0,26.0,193.0,219.0,0.0,0.0,0.0,219.0,1586250,0.0,219.0,Maintenance,2025,11,November,Saturday,1
2025-12-01,Goa,0.0,0.0,0.0,0.0,12.0,133.0,145.0,237.0,113.0,350.0,495.0,1586250,0.0,495.0,Maintenance,2025,12,December,Monday,0
2025-12-02,Goa,0.0,0.0,0.0,0.0,22.0,436.0,458.0,508.0,179.0,687.0,1145.0,1586250,0.0,1145.0,Maintenance,2025,12,December,Tuesday,0
2025-12-03,Goa,0.0,0.0,0.0,0.0,23.0,269.0,292.0,144.0,91.0,235.0,527.0,1586250,0.0,527.0,Maintenance,2025,12,December,Wednesday,0
2025-12-04,Goa,0.0,0.0,0.0,0.0,37.0,493.0,530.0,209.0,102.0,311.0,841.0,1586250,0.0,841.0,Maintenance,2025,12,December,Thursday,0
2025-12-05,Goa,0.0,0.0,0.0,0.0,34.0,306.0,340.0,200.0,155.0,355.0,695.0,1586250,0.0,695.0,Maintenance,2025,12,December,Friday,0
2025-12-06,Goa,0.0,0.0,0.0,0.0,18.0,257.0,275.0,191.0,132.0,323.0,598.0,1586250,0.0,598.0,Maintenance,2025,12,December,Saturday,1
2025-12-07,Goa,0.0,0.0,0.0,0.0,22.0,170.0,192.0,80.0,52.0,132.0,324.0,1586250,0.0,324.0,Maintenance,2025,12,December,Sunday,1
2025-12-08,Goa,0.0,0.0,0.0,0.0,54.0,630.0,684.0,213.0,221.0,434.0,1118.0,1586250,0.0,1118.0,Maintenance,2025,12,December,Monday,0
2025-12-09,Goa,0.0,0.0,0.0,0.0,22.0,393.0,415.0,297.0,255.0,552.0,967.0,1586250,0.0,967.0,Maintenance,2025,12,December,Tuesday,0
2025-12-10,Goa,0.0,0.0,0.0,0.0,9.0,293.0,302.0,165.0,118.0,283.0,585.0,1586250,0.0,585.0,Maintenance,2025,12,December,Wednesday,0
2025-12-11,Goa,0.0,0.0,0.0,0.0,28.0,442.0,470.0,225.0,147.0,372.0,842.0,1586250,0.0,842.0,Maintenance,2025,12,December,Thursday,0
2025-12-12,Goa,0.0,0.0,0.0,0.0,50.0,531.0,581.0,281.0,194.0,475.0,1056.0,1586250,0.0,1056.0,Maintenance,2025,12,December,Friday,0
2025-12-13,Goa,0.0,0.0,0.0,0.0,21.0,235.0,256.0,190.0,74.0,264.0,520.0,1586250,0.0,520.0,Maintenance,2025,12,December,Saturday,1
2025-12-14,Goa,0.0,0.0,0.0,0.0,33.0,278.0,311.0,34.0,20.0,54.0,365.0,1586250,0.0,365.0,Maintenance,2025,12,December,Sunday,1
2025-12-15,Goa,21.0,3.0,8.0,32.0,23.0,184.0,207.0,193.0,106.0,299.0,538.0,1586250,0.0202,15.33,Maintenance,2025,12,December,Monday,0
2025-12-16,Goa,0.0,0.0,0.0,0.0,12.0,340.0,352.0,357.0,148.0,505.0,857.0,1586250,0.0,857.0,Maintenance,2025,12,December,Tuesday,0
2025-12-18,Goa,0.0,0.0,0.0,0.0,3.0,22.0,25.0,35.0,18.0,53.0,78.0,1586250,0.0,78.0,Maintenance,2025,12,December,Thursday,0
2025-12-19,Goa,0.0,0.0,0.0,0.0,24.0,200.0,224.0,97.0,70.0,167.0,391.0,1586250,0.0,391.0,Maintenance,2025,12,December,Friday,0
2025-12-20,Goa,0.0,0.0,0.0,0.0,18.0,162.0,180.0,36.0,20.0,56.0,236.0,1586250,0.0,236.0,Maintenance,2025,12,December,Saturday,1
2025-12-21,Goa,27.0,0.0,0.0,27.0,17.0,76.0,93.0,0.0,0.0,0.0,120.0,1586250,0.017,3.32,Growth,2025,12,December,Sunday,1
2025-12-22,Goa,17.0,0.0,0.0,17.0,7.0,162.0,169.0,0.0,0.0,0.0,186.0,1586250,0.0107,9.39,Maintenance,2025,12,December,Monday,0
2025-12-23,Goa,31.0,0.0,0.0,31.0,39.0,618.0,657.0,0.0,0.0,0.0,688.0,1586250,0.0195,20.53,Maintenance,2025,12,December,Tuesday,0
2025-12-24,Goa,44.0,2.0,10.0,56.0,21.0,305.0,326.0,0.0,0.0,0.0,382.0,1586250,0.0353,5.72,Maintenance,2025,12,December,Wednesday,0
2025-12-25,Goa,19.0,5.0,2.0,26.0,5.0,86.0,91.0,373.0,202.0,575.0,692.0,1586250,0.0164,24.67,Maintenance,2025,12,December,Thursday,0
2025-12-26,Goa,14.0,1.0,0.0,15.0,40.0,360.0,400.0,222.0,152.0,374.0,789.0,1586250,0.0095,48.38,Maintenance,2025,12,December,Friday,0
2025-12-27,Goa,40.0,5.0,0.0,45.0,30.0,293.0,323.0,230.0,131.0,361.0,729.0,1586250,0.0284,14.87,Maintenance,2025,12,December,Saturday,1
2025-12-28,Goa,9.0,2.0,0.0,11.0,36.0,177.0,213.0,10.0,9.0,19.0,243.0,1586250,0.0069,19.33,Maintenance,2025,12,December,Sunday,1
2025-12-29,Goa,17.0,3.0,3.0,23.0,15.0,253.0,268.0,270.0,121.0,391.0,682.0,1586250,0.0145,27.46,Maintenance,2025,12,December,Monday,0
2025-12-31,Goa,35.0,3.0,0.0,38.0,0.0,0.0,0.0,0.0,0.0,0.0,38.0,1586250,0.024,0.0,Growth,2025,12,December,Wednesday,0
2025-03-01,Gujarat,0.0,0.0,0.0,0.0,67041.0,387337.0,454378.0,167890.0,228501.0,396391.0,850769.0,66750000,0.0,850769.0,Maintenance,2025,3,March,Saturday,1
2025-03-20,Gujarat,402.0,126.0,84.0,612.0,0.0,0.0,0.0,0.0,0.0,0.0,612.0,66750000,0.0092,0.0,Growth,2025,3,March,Thursday,0
2025-03-27,Gujarat,284.0,228.0,198.0,710.0,0.0,0.0,0.0,0.0,0.0,0.0,710.0,66750000,0.0106,0.0,Growth,2025,3,March,Thursday,0
2025-04-01,Gujarat,17603.0,6024.0,4219.0,27846.0,7381.0,65229.0,72610.0,163791.0,210519.0,374310.0,474766.0,66750000,0.4172,16.05,Maintenance,2025,4,April,Tuesday,0
2025-05-01,Gujarat,9005.0,3615.0,1674.0,14294.0,14688.0,116133.0,130821.0,212970.0,239937.0,452907.0,598022.0,66750000,0.2141,40.83,Maintenance,2025,5,May,Thursday,0
2025-06-01,Gujarat,6275.0,5245.0,704.0,12224.0,7858.0,59569.0,67427.0,206071.0,231290.0,437361.0,517012.0,66750000,0.1831,41.29,Maintenance,2025,6,June,Sunday,1
2025-07-01,Gujarat,33294.0,23945.0,3594.0,60833.0,9325.0,80157.0,89482.0,250482.0,291392.0,541874.0,692189.0,66750000,0.9114,10.38,Maintenance,2025,7,July,Tuesday,0
2025-09-01,Gujarat,2575.0,943.0,115.0,3633.0,1058.0,12314.0,13372.0,7710.0,11268.0,18978.0,35983.0,66750000,0.0544,8.9,Maintenance,2025,9,September,Monday,0
2025-09-02,Gujarat,2592.0,849.0,110.0,3551.0,1609.0,17672.0,19281.0,5637.0,8103.0,13740.0,36572.0,66750000,0.0532,9.3,Maintenance,2025,9,September,Tuesday,0
2025-09-03,Gujarat,2437.0,846.0,65.0,3348.0,1300.0,11971.0,13271.0,6336.0,8949.0,15285.0,31904.0,66750000,0.0502,8.53,Maintenance,2025,9,September,Wednesday,0
2025-09-04,Gujarat,1642.0,661.0,90.0,2393.0,1249.0,10933.0,12182.0,5528.0,8124.0,13652.0,28227.0,66750000,0.0359,10.79,Maintenance,2025,9,September,Thursday,0
2025-09-05,Gujarat,120.0,49.0,4.0,173.0,317.0,3650.0,3967.0,356.0,448.0,804.0,4944.0,66750000,0.0026,27.42,Maintenance,2025,9,September,Friday,0
2025-09-06,Gujarat,1238.0,373.0,41.0,1652.0,1116.0,7961.0,9077.0,4177.0,5740.0,9917.0,20646.0,66750000,0.0247,11.49,Maintenance,2025,9,September,Saturday,1
2025-09-07,Gujarat,71.0,17.0,1.0,89.0,92.0,909.0,1001.0,247.0,319.0,566.0,1656.0,66750000,0.0013,17.41,Maintenance,2025,9,September,Sunday,1
2025-09-08,Gujarat,2136.0,668.0,50.0,2854.0,1643.0,14000.0,15643.0,6212.0,9799.0,16011.0,34508.0,66750000,0.0428,11.09,Maintenance,2025,9,September,Monday,0
2025-09-09,Gujarat,2477.0,800.0,62.0,3339.0,1805.0,15698.0,17503.0,6815.0,10509.0,17324.0,38166.0,66750000,0.05,10.43,Maintenance,2025,9,September,Tuesday,0
2025-09-10,Gujarat,2905.0,926.0,92.0,3923.0,1843.0,16688.0,18531.0,7591.0,10424.0,18015.0,40469.0,66750000,0.0588,9.31,Maintenance,2025,9,September,Wednesday,0
2025-09-11,Gujarat,2712.0,924.0,101.0,3737.0,1815.0,16226.0,18041.0,7902.0,10474.0,18376.0,40154.0,66750000,0.056,9.74,Maintenance,2025,9,September,Thursday,0
2025-09-12,Gujarat,2639.0,854.0,80.0,3573.0,1524.0,12920.0,14444.0,8042.0,10281.0,18323.0,36340.0,66750000,0.0535,9.17,Maintenance,2025,9,September,Friday,0
2025-09-13,Gujarat,987.0,385.0,6.0,1378.0,1002.0,7629.0,8631.0,3729.0,4099.0,7828.0,17837.0,66750000,0.0206,11.94,Maintenance,2025,9,September,Saturday,1
2025-09-14,Gujarat,170.0,41.0,0.0,211.0,182.0,1831.0,2013.0,560.0,652.0,1212.0,3436.0,66750000,0.0032,15.21,Maintenance,2025,9,September,Sunday,1
2025-09-15,Gujarat,1658.0,637.0,44.0,2339.0,1781.0,16827.0,18608.0,8261.0,10926.0,19187.0,40134.0,66750000,0.035,16.15,Maintenance,2025,9,September,Monday,0
2025-09-16,Gujarat,1941.0,754.0,80.0,2775.0,2103.0,16604.0,18707.0,8685.0,10519.0,19204.0,40686.0,66750000,0.0416,13.66,Maintenance,2025,9,September,Tuesday,0
2025-09-17,Gujarat,2010.0,784.0,47.0,2841.0,913.0,9524.0,10437.0,7450.0,10496.0,17946.0,31224.0,66750000,0.0426,9.99,Maintenance,2025,9,September,Wednesday,0
2025-09-18,Gujarat,1797.0,640.0,55.0,2492.0,1085.0,11344.0,12429.0,7704.0,9518.0,17222.0,32143.0,66750000,0.0373,11.89,Maintenance,2025,9,September,Thursday,0
2025-09-19,Gujarat,1991.0,648.0,39.0,2678.0,1239.0,12167.0,13406.0,8055.0,8893.0,16948.0,33032.0,66750000,0.0401,11.33,Maintenance,2025,9,September,Friday,0
2025-09-20,Gujarat,1543.0,546.0,14.0,2103.0,1002.0,8309.0,9311.0,7715.0,7252.0,14967.0,26381.0,66750000,0.0315,11.54,Maintenance,2025,9,September,Saturday,1
2025-09-21,Gujarat,81.0,28.0,0.0,109.0,0.0,0.0,0.0,0.0,0.0,0.0,109.0,66750000,0.0016,0.0,Growth,2025,9,September,Sunday,1
2025-09-22,Gujarat,1589.0,594.0,20.0,2203.0,0.0,0.0,0.0,0.0,0.0,0.0,2203.0,66750000,0.033,0.0,Growth,2025,9,September,Monday,0
2025-09-23,Gujarat,1811.0,555.0,27.0,2393.0,0.0,0.0,0.0,0.0,0.0,0.0,2393.0,66750000,0.0359,0.0,Growth,2025,9,September,Tuesday,0
2025-09-24,Gujarat,1944.0,626.0,17.0,2587.0,0.0,0.0,0.0,0.0,0.0,0.0,2587.0,66750000,0.0388,0.0,Growth,2025,9,September,Wednesday,0
2025-09-25,Gujarat,1683.0,509.0,27.0,2219.0,0.0,0.0,0.0,0.0,0.0,0.0,2219.0,66750000,0.0332,0.0,Growth,2025,9,September,Thursday,0
2025-09-26,Gujarat,1078.0,369.0,14.0,1461.0,0.0,0.0,0.0,0.0,0.0,0.0,1461.0,66750000,0.0219,0.0,Growth,2025,9,September,Friday,0
2025-09-27,Gujarat,156.0,61.0,1.0,218.0,0.0,0.0,0.0,0.0,0.0,0.0,218.0,66750000,0.0033,0.0,Growth,2025,9,September,Saturday,1
2025-09-28,Gujarat,7.0,3.0,0.0,10.0,0.0,0.0,0.0,0.0,0.0,0.0,10.0,66750000,0.0001,0.0,Growth,2025,9,September,Sunday,1
2025-09-29,Gujarat,186.0,60.0,0.0,246.0,0.0,0.0,0.0,0.0,0.0,0.0,246.0,66750000,0.0037,0.0,Growth,2025,9,September,Monday,0
2025-09-30,Gujarat,6.0,29.0,1.0,36.0,0.0,0.0,0.0,0.0,0.0,0.0,36.0,66750000,0.0005,0.0,Growth,2025,9,September,Tuesday,0
2025-10-13,Gujarat,3334.0,806.0,193.0,4333.0,174.0,4207.0,4381.0,52.0,46.0,98.0,8812.0,66750000,0.0649,1.03,Growth,2025,10,October,Monday,0
2025-10-15,Gujarat,1971.0,463.0,161.0,2595.0,2094.0,17541.0,19635.0,4339.0,5134.0,9473.0,31703.0,66750000,0.0389,11.21,Maintenance,2025,10,October,Wednesday,0
2025-10-16,Gujarat,869.0,254.0,142.0,1265.0,2672.0,15110.0,17782.0,4255.0,5142.0,9397.0,28444.0,66750000,0.019,21.47,Maintenance,2025,10,October,Thursday,0
2025-10-17,Gujarat,1949.0,525.0,179.0,2653.0,1702.0,10972.0,12674.0,4007.0,4893.0,8900.0,24227.0,66750000,0.0397,8.13,Maintenance,2025,10,October,Friday,0
2025-10-18,Gujarat,1009.0,246.0,113.0,1368.0,233.0,1662.0,1895.0,2766.0,3537.0,6303.0,9566.0,66750000,0.0205,5.99,Maintenance,2025,10,October,Saturday,1
2025-10-19,Gujarat,1178.0,252.0,28.0,1458.0,356.0,3338.0,3694.0,2667.0,3531.0,6198.0,11350.0,66750000,0.0218,6.78,Maintenance,2025,10,October,Sunday,1
2025-10-20,Gujarat,88.0,31.0,3.0,122.0,435.0,2310.0,2745.0,184.0,315.0,499.0,3366.0,66750000,0.0018,26.37,Maintenance,2025,10,October,Monday,0
2025-10-21,Gujarat,492.0,94.0,0.0,586.0,154.0,1058.0,1212.0,85.0,132.0,217.0,2015.0,66750000,0.0088,2.43,Growth,2025,10,October,Tuesday,0
2025-10-22,Gujarat,33.0,8.0,0.0,41.0,53.0,225.0,278.0,1.0,9.0,10.0,329.0,66750000,0.0006,6.86,Maintenance,2025,10,October,Wednesday,0
2025-10-23,Gujarat,80.0,13.0,4.0,97.0,137.0,632.0,769.0,7.0,21.0,28.0,894.0,66750000,0.0015,8.13,Maintenance,2025,10,October,Thursday,0
2025-10-24,Gujarat,876.0,208.0,7.0,1091.0,1295.0,7139.0,8434.0,3731.0,5025.0,8756.0,18281.0,66750000,0.0163,15.74,Maintenance,2025,10,October,Friday,0
2025-10-25,Gujarat,264.0,81.0,5.0,350.0,245.0,2605.0,2850.0,2431.0,2540.0,4971.0,8171.0,66750000,0.0052,22.28,Maintenance,2025,10,October,Saturday,1
2025-10-26,Gujarat,238.0,94.0,1.0,333.0,292.0,3179.0,3471.0,1592.0,1981.0,3573.0,7377.0,66750000,0.005,21.09,Maintenance,2025,10,October,Sunday,1
2025-10-27,Gujarat,82.0,39.0,131.0,252.0,211.0,1995.0,2206.0,1101.0,1534.0,2635.0,5093.0,66750000,0.0038,19.13,Maintenance,2025,10,October,Monday,0
2025-10-28,Gujarat,134.0,40.0,151.0,325.0,378.0,4826.0,5204.0,1223.0,1833.0,3056.0,8585.0,66750000,0.0049,25.34,Maintenance,2025,10,October,Tuesday,0
2025-10-29,Gujarat,103.0,26.0,134.0,263.0,642.0,8767.0,9409.0,1589.0,2486.0,4075.0,13747.0,66750000,0.0039,51.08,Maintenance,2025,10,October,Wednesday,0
2025-10-30,Gujarat,2040.0,510.0,133.0,2683.0,449.0,5406.0,5855.0,3766.0,5443.0,9209.0,17747.0,66750000,0.0402,5.61,Maintenance,2025,10,October,Thursday,0
2025-10-31,Gujarat,1432.0,357.0,16.0,1805.0,994.0,9563.0,10557.0,4765.0,6792.0,11557.0,23919.0,66750000,0.027,12.24,Maintenance,2025,10,October,Friday,0
2025-11-01,Gujarat,150.0,37.0,96.0,283.0,807.0,8823.0,9630.0,10812.0,15052.0,25864.0,35777.0,66750000,0.0042,124.98,Maintenance,2025,11,November,Saturday,1
2025-11-02,Gujarat,2712.0,513.0,26.0,3251.0,757.0,4365.0,5122.0,2625.0,3632.0,6257.0,14630.0,66750000,0.0487,3.5,Growth,2025,11,November,Sunday,1
2025-11-03,Gujarat,601.0,144.0,106.0,851.0,1648.0,11692.0,13340.0,5229.0,7048.0,12277.0,26468.0,66750000,0.0127,30.07,Maintenance,2025,11,November,Monday,0
2025-11-04,Gujarat,6.0,1.0,0.0,7.0,1312.0,12825.0,14137.0,6262.0,7817.0,14079.0,28223.0,66750000,0.0001,3527.0,Maintenance,2025,11,November,Tuesday,0
2025-11-05,Gujarat,1348.0,350.0,14.0,1712.0,1148.0,7397.0,8545.0,3521.0,4533.0,8054.0,18311.0,66750000,0.0256,9.69,Maintenance,2025,11,November,Wednesday,0
2025-11-06,Gujarat,734.0,199.0,164.0,1097.0,2438.0,16319.0,18757.0,4684.0,5835.0,10519.0,30373.0,66750000,0.0164,26.66,Maintenance,2025,11,November,Thursday,0
2025-11-07,Gujarat,964.0,229.0,259.0,1452.0,2035.0,14504.0,16539.0,11173.0,14444.0,25617.0,43608.0,66750000,0.0218,29.01,Maintenance,2025,11,November,Friday,0
2025-11-08,Gujarat,1673.0,457.0,268.0,2398.0,1500.0,13227.0,14727.0,4342.0,5291.0,9633.0,26758.0,66750000,0.0359,10.15,Maintenance,2025,11,November,Saturday,1
2025-11-09,Gujarat,2133.0,366.0,3.0,2502.0,791.0,3233.0,4024.0,1103.0,1303.0,2406.0,8932.0,66750000,0.0375,2.57,Growth,2025,11,November,Sunday,1
2025-11-10,Gujarat,1347.0,303.0,116.0,1766.0,978.0,10288.0,11266.0,5596.0,7334.0,12930.0,25962.0,66750000,0.0265,13.69,Maintenance,2025,11,November,Monday,0
2025-11-11,Gujarat,1400.0,300.0,121.0,1821.0,1082.0,8630.0,9712.0,2875.0,3527.0,6402.0,17935.0,66750000,0.0273,8.84,Maintenance,2025,11,November,Tuesday,0
2025-11-12,Gujarat,1930.0,467.0,100.0,2497.0,1188.0,11080.0,12268.0,6846.0,9311.0,16157.0,30922.0,66750000,0.0374,11.38,Maintenance,2025,11,November,Wednesday,0
2025-11-13,Gujarat,1434.0,335.0,198.0,1967.0,549.0,4921.0,5470.0,3351.0,4381.0,7732.0,15169.0,66750000,0.0295,6.71,Maintenance,2025,11,November,Thursday,0
2025-11-14,Gujarat,2728.0,667.0,136.0,3531.0,1003.0,8568.0,9571.0,9277.0,12139.0,21416.0,34518.0,66750000,0.0529,8.77,Maintenance,2025,11,November,Friday,0
2025-11-15,Gujarat,4802.0,1143.0,69.0,6014.0,1213.0,11288.0,12501.0,4197.0,4130.0,8327.0,26842.0,66750000,0.0901,3.46,Growth,2025,11,November,Saturday,1
2025-11-16,Gujarat,3101.0,699.0,34.0,3834.0,1265.0,6198.0,7463.0,1346.0,1580.0,2926.0,14223.0,66750000,0.0574,2.71,Growth,2025,11,November,Sunday,1
2025-11-17,Gujarat,1733.0,336.0,75.0,2144.0,1136.0,9038.0,10174.0,3396.0,4500.0,7896.0,20214.0,66750000,0.0321,8.42,Maintenance,2025,11,November,Monday,0
2025-11-18,Gujarat,3488.0,799.0,73.0,4360.0,1083.0,10130.0,11213.0,5926.0,7167.0,13093.0,28666.0,66750000,0.0653,5.57,Maintenance,2025,11,November,Tuesday,0
2025-11-19,Gujarat,4442.0,884.0,158.0,5484.0,1136.0,13451.0,14587.0,11269.0,12671.0,23940.0,44011.0,66750000,0.0822,7.02,Maintenance,2025,11,November,Wednesday,0
2025-11-25,Gujarat,2314.0,427.0,122.0,2863.0,401.0,3678.0,4079.0,9408.0,8163.0,17571.0,24513.0,66750000,0.0429,7.56,Maintenance,2025,11,November,Tuesday,0
2025-11-26,Gujarat,0.0,0.0,0.0,0.0,745.0,9555.0,10300.0,0.0,0.0,0.0,10300.0,66750000,0.0,10300.0,Maintenance,2025,11,November,Wednesday,0
2025-11-27,Gujarat,0.0,0.0,0.0,0.0,1593.0,17901.0,19494.0,0.0,0.0,0.0,19494.0,66750000,0.0,19494.0,Maintenance,2025,11,November,Thursday,0
2025-11-28,Gujarat,0.0,0.0,0.0,0.0,1251.0,16177.0,17428.0,0.0,0.0,0.0,17428.0,66750000,0.0,17428.0,Maintenance,2025,11,November,Friday,0
2025-11-29,Gujarat,0.0,0.0,0.0,0.0,673.0,6935.0,7608.0,0.0,0.0,0.0,7608.0,66750000,0.0,7608.0,Maintenance,2025,11,November,Saturday,1
2025-12-01,Gujarat,0.0,0.0,0.0,0.0,640.0,5272.0,5912.0,8324.0,6390.0,14714.0,20626.0,66750000,0.0,20626.0,Maintenance,2025,12,December,Monday,0
2025-12-02,Gujarat,0.0,0.0,0.0,0.0,1147.0,13276.0,14423.0,18593.0,15425.0,34018.0,48441.0,66750000,0.0,48441.0,Maintenance,2025,12,December,Tuesday,0
2025-12-03,Gujarat,0.0,0.0,0.0,0.0,1604.0,16137.0,17741.0,6533.0,6770.0,13303.0,31044.0,66750000,0.0,31044.0,Maintenance,2025,12,December,Wednesday,0
2025-12-04,Gujarat,0.0,0.0,0.0,0.0,1801.0,18489.0,20290.0,8287.0,8477.0,16764.0,37054.0,66750000,0.0,37054.0,Maintenance,2025,12,December,Thursday,0
2025-12-05,Gujarat,0.0,0.0,0.0,0.0,1300.0,11921.0,13221.0,11354.0,11456.0,22810.0,36031.0,66750000,0.0,36031.0,Maintenance,2025,12,December,Friday,0
2025-12-06,Gujarat,0.0,0.0,0.0,0.0,1693.0,12930.0,14623.0,5492.0,5229.0,10721.0,25344.0,66750000,0.0,25344.0,Maintenance,2025,12,December,Saturday,1
2025-12-07,Gujarat,0.0,0.0,0.0,0.0,870.0,5463.0,6333.0,1569.0,1795.0,3364.0,9697.0,66750000,0.0,9697.0,Maintenance,2025,12,December,Sunday,1
2025-12-08,Gujarat,0.0,0.0,0.0,0.0,1944.0,19366.0,21310.0,10895.0,11423.0,22318.0,43628.0,66750000,0.0,43628.0,Maintenance,2025,12,December,Monday,0
2025-12-09,Gujarat,0.0,0.0,0.0,0.0,1018.0,10459.0,11477.0,7115.0,7910.0,15025.0,26502.0,66750000,0.0,26502.0,Maintenance,2025,12,December,Tuesday,0
2025-12-10,Gujarat,0.0,0.0,0.0,0.0,920.0,10293.0,11213.0,3895.0,3929.0,7824.0,19037.0,66750000,0.0,19037.0,Maintenance,2025,12,December,Wednesday,0
2025-12-11,Gujarat,0.0,0.0,0.0,0.0,1270.0,14444.0,15714.0,10546.0,11134.0,21680.0,37394.0,66750000,0.0,37394.0,Maintenance,2025,12,December,Thursday,0
2025-12-12,Gujarat,0.0,0.0,0.0,0.0,2260.0,22662.0,24922.0,6258.0,5948.0,12206.0,37128.0,66750000,0.0,37128.0,Maintenance,2025,12,December,Friday,0
2025-12-13,Gujarat,0.0,0.0,0.0,0.0,1237.0,9576.0,10813.0,7018.0,6018.0,13036.0,23849.0,66750000,0.0,23849.0,Maintenance,2025,12,December,Saturday,1
2025-12-14,Gujarat,0.0,0.0,0.0,0.0,1204.0,8946.0,10150.0,5426.0,5472.0,10898.0,21048.0,66750000,0.0,21048.0,Maintenance,2025,12,December,Sunday,1
2025-12-15,Gujarat,3899.0,792.0,103.0,4794.0,1035.0,11022.0,12057.0,5564.0,5149.0,10713.0,27564.0,66750000,0.0718,4.75,Growth,2025,12,December,Monday,0
2025-12-16,Gujarat,0.0,0.0,0.0,0.0,2128.0,19895.0,22023.0,10284.0,9499.0,19783.0,41806.0,66750000,0.0,41806.0,Maintenance,2025,12,December,Tuesday,0
2025-12-18,Gujarat,0.0,0.0,0.0,0.0,106.0,1684.0,1790.0,890.0,709.0,1599.0,3389.0,66750000,0.0,3389.0,Maintenance,2025,12,December,Thursday,0
2025-12-19,Gujarat,0.0,0.0,0.0,0.0,1469.0,14658.0,16127.0,15782.0,15534.0,31316.0,47443.0,66750000,0.0,47443.0,Maintenance,2025,12,December,Friday,0
2025-12-20,Gujarat,0.0,0.0,0.0,0.0,1169.0,9699.0,10868.0,11296.0,10611.0,21907.0,32775.0,66750000,0.0,32775.0,Maintenance,2025,12,December,Saturday,1
2025-12-21,Gujarat,2222.0,4.0,0.0,2226.0,950.0,4096.0,5046.0,0.0,0.0,0.0,7272.0,66750000,0.0333,2.27,Growth,2025,12,December,Sunday,1
2025-12-22,Gujarat,4799.0,9.0,1.0,4809.0,883.0,7982.0,8865.0,4.0,0.0,4.0,13678.0,66750000,0.072,1.84,Growth,2025,12,December,Monday,0
2025-12-23,Gujarat,3669.0,3.0,7.0,3679.0,2201.0,22122.0,24323.0,5.0,3.0,8.0,28010.0,66750000,0.0551,6.61,Maintenance,2025,12,December,Tuesday,0
2025-12-24,Gujarat,3319.0,551.0,400.0,4270.0,1151.0,11460.0,12611.0,0.0,0.0,0.0,16881.0,66750000,0.064,2.95,Growth,2025,12,December,Wednesday,0
2025-12-25,Gujarat,1826.0,708.0,176.0,2710.0,899.0,7020.0,7919.0,10582.0,10147.0,20729.0,31358.0,66750000,0.0406,10.57,Maintenance,2025,12,December,Thursday,0
2025-12-26,Gujarat,1159.0,341.0,105.0,1605.0,2007.0,18027.0,20034.0,9017.0,12291.0,21308.0,42947.0,66750000,0.024,25.74,Maintenance,2025,12,December,Friday,0
2025-12-27,Gujarat,1097.0,169.0,122.0,1388.0,1987.0,16627.0,18614.0,6504.0,6932.0,13436.0,33438.0,66750000,0.0208,23.07,Maintenance,2025,12,December,Saturday,1
2025-12-28,Gujarat,660.0,138.0,35.0,833.0,1319.0,8330.0,9649.0,3441.0,4071.0,7512.0,17994.0,66750000,0.0125,20.58,Maintenance,2025,12,December,Sunday,1
2025-12-29,Gujarat,2552.0,255.0,127.0,2934.0,1043.0,9637.0,10680.0,4266.0,4853.0,9119.0,22733.0,66750000,0.044,6.75,Maintenance,2025,12,December,Monday,0
2025-12-31,Gujarat,1572.0,1147.0,45.0,2764.0,0.0,0.0,0.0,0.0,0.0,0.0,2764.0,66750000,0.0414,0.0,Growth,2025,12,December,Wednesday,0
2025-03-01,Haryana,0.0,0.0,0.0,0.0,20543.0,166720.0,187263.0,68047.0,123327.0,191374.0,378637.0,28204000,0.0,378637.0,Maintenance,2025,3,March,Saturday,1
2025-03-09,Haryana,98.0,79.0,23.0,200.0,0.0,0.0,0.0,0.0,0.0,0.0,200.0,28204000,0.0071,0.0,Growth,2025,3,March,Sunday,1
2025-04-01,Haryana,1785.0,482.0,61.0,2328.0,18749.0,107844.0,126593.0,89177.0,127465.0,216642.0,345563.0,28204000,0.0825,147.37,Maintenance,2025,4,April,Tuesday,0
2025-05-01,Haryana,3039.0,601.0,56.0,3696.0,15613.0,98868.0,114481.0,61904.0,108908.0,170812.0,288989.0,28204000,0.131,77.17,Maintenance,2025,5,May,Thursday,0
2025-06-01,Haryana,6112.0,1190.0,339.0,7641.0,12398.0,98921.0,111319.0,55616.0,109656.0,165272.0,284232.0,28204000,0.2709,36.19,Maintenance,2025,6,June,Sunday,1
2025-07-01,Haryana,5274.0,1301.0,177.0,6752.0,18456.0,126076.0,144532.0,122995.0,144330.0,267325.0,418609.0,28204000,0.2394,60.99,Maintenance,2025,7,July,Tuesday,0
2025-09-01,Haryana,968.0,105.0,6.0,1079.0,601.0,4764.0,5365.0,4231.0,4005.0,8236.0,14680.0,28204000,0.0383,12.59,Maintenance,2025,9,September,Monday,0
2025-09-02,Haryana,800.0,78.0,7.0,885.0,628.0,4983.0,5611.0,3521.0,3483.0,7004.0,13500.0,28204000,0.0314,14.24,Maintenance,2025,9,September,Tuesday,0
2025-09-03,Haryana,856.0,80.0,6.0,942.0,570.0,4301.0,4871.0,3827.0,3636.0,7463.0,13276.0,28204000,0.0334,13.08,Maintenance,2025,9,September,Wednesday,0
2025-09-04,Haryana,720.0,81.0,1.0,802.0,572.0,3545.0,4117.0,3629.0,3487.0,7116.0,12035.0,28204000,0.0284,13.99,Maintenance,2025,9,September,Thursday,0
2025-09-05,Haryana,958.0,80.0,9.0,1047.0,669.0,4161.0,4830.0,4079.0,3771.0,7850.0,13727.0,28204000,0.0371,12.1,Maintenance,2025,9,September,Friday,0
2025-09-06,Haryana,838.0,84.0,6.0,928.0,360.0,2311.0,2671.0,2699.0,2317.0,5016.0,8615.0,28204000,0.0329,8.27,Maintenance,2025,9,September,Saturday,1
2025-09-07,Haryana,138.0,17.0,1.0,156.0,129.0,961.0,1090.0,179.0,173.0,352.0,1598.0,28204000,0.0055,9.18,Maintenance,2025,9,September,Sunday,1
2025-09-08,Haryana,1384.0,94.0,11.0,1489.0,956.0,6047.0,7003.0,4851.0,4855.0,9706.0,18198.0,28204000,0.0528,11.21,Maintenance,2025,9,September,Monday,0
2025-09-09,Haryana,1387.0,130.0,8.0,1525.0,876.0,4965.0,5841.0,4916.0,4751.0,9667.0,17033.0,28204000,0.0541,10.16,Maintenance,2025,9,September,Tuesday,0
2025-09-10,Haryana,1274.0,105.0,9.0,1388.0,1165.0,7158.0,8323.0,3612.0,3874.0,7486.0,17197.0,28204000,0.0492,11.38,Maintenance,2025,9,September,Wednesday,0
2025-09-11,Haryana,947.0,88.0,6.0,1041.0,807.0,4954.0,5761.0,4504.0,4461.0,8965.0,15767.0,28204000,0.0369,14.13,Maintenance,2025,9,September,Thursday,0
2025-09-12,Haryana,1118.0,96.0,8.0,1222.0,728.0,4494.0,5222.0,4244.0,4665.0,8909.0,15353.0,28204000,0.0433,11.55,Maintenance,2025,9,September,Friday,0
2025-09-13,Haryana,579.0,48.0,2.0,629.0,595.0,3300.0,3895.0,2674.0,2063.0,4737.0,9261.0,28204000,0.0223,13.7,Maintenance,2025,9,September,Saturday,1
2025-09-14,Haryana,145.0,14.0,2.0,161.0,192.0,1295.0,1487.0,276.0,187.0,463.0,2111.0,28204000,0.0057,12.04,Maintenance,2025,9,September,Sunday,1
2025-09-15,Haryana,914.0,61.0,1.0,976.0,914.0,6394.0,7308.0,3819.0,4911.0,8730.0,17014.0,28204000,0.0346,16.42,Maintenance,2025,9,September,Monday,0
2025-09-16,Haryana,970.0,115.0,4.0,1089.0,901.0,5194.0,6095.0,4765.0,4471.0,9236.0,16420.0,28204000,0.0386,14.07,Maintenance,2025,9,September,Tuesday,0
2025-09-17,Haryana,1063.0,85.0,7.0,1155.0,544.0,3446.0,3990.0,4364.0,4556.0,8920.0,14065.0,28204000,0.041,11.17,Maintenance,2025,9,September,Wednesday,0
2025-09-18,Haryana,849.0,75.0,5.0,929.0,487.0,3602.0,4089.0,4620.0,4222.0,8842.0,13860.0,28204000,0.0329,13.9,Maintenance,2025,9,September,Thursday,0
2025-09-19,Haryana,881.0,94.0,7.0,982.0,622.0,4483.0,5105.0,4656.0,4478.0,9134.0,15221.0,28204000,0.0348,14.49,Maintenance,2025,9,September,Friday,0
2025-09-20,Haryana,547.0,37.0,1.0,585.0,430.0,2772.0,3202.0,3159.0,2678.0,5837.0,9624.0,28204000,0.0207,15.42,Maintenance,2025,9,September,Saturday,1
2025-09-21,Haryana,19.0,8.0,0.0,27.0,0.0,0.0,0.0,0.0,0.0,0.0,27.0,28204000,0.001,0.0,Growth,2025,9,September,Sunday,1
2025-09-22,Haryana,248.0,36.0,3.0,287.0,0.0,0.0,0.0,0.0,0.0,0.0,287.0,28204000,0.0102,0.0,Growth,2025,9,September,Monday,0
2025-09-23,Haryana,288.0,50.0,0.0,338.0,0.0,0.0,0.0,0.0,0.0,0.0,338.0,28204000,0.012,0.0,Growth,2025,9,September,Tuesday,0
2025-09-24,Haryana,955.0,80.0,3.0,1038.0,0.0,0.0,0.0,0.0,0.0,0.0,1038.0,28204000,0.0368,0.0,Growth,2025,9,September,Wednesday,0
2025-09-25,Haryana,732.0,79.0,4.0,815.0,0.0,0.0,0.0,0.0,0.0,0.0,815.0,28204000,0.0289,0.0,Growth,2025,9,September,Thursday,0
2025-09-26,Haryana,711.0,56.0,0.0,767.0,0.0,0.0,0.0,0.0,0.0,0.0,767.0,28204000,0.0272,0.0,Growth,2025,9,September,Friday,0
2025-09-27,Haryana,212.0,15.0,3.0,230.0,0.0,0.0,0.0,0.0,0.0,0.0,230.0,28204000,0.0082,0.0,Growth,2025,9,September,Saturday,1
2025-09-28,Haryana,28.0,2.0,0.0,30.0,0.0,0.0,0.0,0.0,0.0,0.0,30.0,28204000,0.0011,0.0,Growth,2025,9,September,Sunday,1
2025-09-29,Haryana,116.0,13.0,1.0,130.0,0.0,0.0,0.0,0.0,0.0,0.0,130.0,28204000,0.0046,0.0,Growth,2025,9,September,Monday,0
2025-09-30,Haryana,13.0,14.0,2.0,29.0,0.0,0.0,0.0,0.0,0.0,0.0,29.0,28204000,0.001,0.0,Growth,2025,9,September,Tuesday,0
2025-10-13,Haryana,1140.0,96.0,2.0,1238.0,93.0,2122.0,2215.0,28.0,26.0,54.0,3507.0,28204000,0.0439,1.83,Growth,2025,10,October,Monday,0
2025-10-15,Haryana,944.0,70.0,3.0,1017.0,962.0,7281.0,8243.0,3731.0,4093.0,7824.0,17084.0,28204000,0.0361,15.78,Maintenance,2025,10,October,Wednesday,0
2025-10-16,Haryana,407.0,36.0,1.0,444.0,1075.0,7515.0,8590.0,4481.0,4682.0,9163.0,18197.0,28204000,0.0157,39.89,Maintenance,2025,10,October,Thursday,0
2025-10-17,Haryana,1875.0,134.0,4.0,2013.0,434.0,4276.0,4710.0,4323.0,4314.0,8637.0,15360.0,28204000,0.0714,6.63,Maintenance,2025,10,October,Friday,0
2025-10-18,Haryana,1164.0,62.0,3.0,1229.0,175.0,1084.0,1259.0,4394.0,4173.0,8567.0,11055.0,28204000,0.0436,7.99,Maintenance,2025,10,October,Saturday,1
2025-10-19,Haryana,905.0,43.0,2.0,950.0,539.0,2777.0,3316.0,3100.0,3007.0,6107.0,10373.0,28204000,0.0337,9.91,Maintenance,2025,10,October,Sunday,1
2025-10-20,Haryana,136.0,12.0,0.0,148.0,175.0,869.0,1044.0,76.0,84.0,160.0,1352.0,28204000,0.0052,8.08,Maintenance,2025,10,October,Monday,0
2025-10-21,Haryana,43.0,3.0,2.0,48.0,270.0,1268.0,1538.0,173.0,146.0,319.0,1905.0,28204000,0.0017,37.9,Maintenance,2025,10,October,Tuesday,0
2025-10-22,Haryana,0.0,0.0,0.0,0.0,57.0,274.0,331.0,15.0,15.0,30.0,361.0,28204000,0.0,361.0,Maintenance,2025,10,October,Wednesday,0
2025-10-23,Haryana,1.0,0.0,0.0,1.0,95.0,503.0,598.0,168.0,176.0,344.0,943.0,28204000,0.0,471.0,Maintenance,2025,10,October,Thursday,0
2025-10-24,Haryana,614.0,39.0,1.0,654.0,789.0,6176.0,6965.0,3085.0,3160.0,6245.0,13864.0,28204000,0.0232,20.17,Maintenance,2025,10,October,Friday,0
2025-10-25,Haryana,1000.0,59.0,1.0,1060.0,400.0,4650.0,5050.0,3230.0,3436.0,6666.0,12776.0,28204000,0.0376,11.04,Maintenance,2025,10,October,Saturday,1
2025-10-26,Haryana,525.0,56.0,2.0,583.0,410.0,4942.0,5352.0,6040.0,7333.0,13373.0,19308.0,28204000,0.0207,32.06,Maintenance,2025,10,October,Sunday,1
2025-10-27,Haryana,547.0,39.0,3.0,589.0,225.0,2686.0,2911.0,4103.0,5037.0,9140.0,12640.0,28204000,0.0209,20.43,Maintenance,2025,10,October,Monday,0
2025-10-28,Haryana,826.0,51.0,4.0,881.0,447.0,4518.0,4965.0,2439.0,3593.0,6032.0,11878.0,28204000,0.0312,12.47,Maintenance,2025,10,October,Tuesday,0
2025-10-29,Haryana,492.0,36.0,7.0,535.0,494.0,6188.0,6682.0,3603.0,5152.0,8755.0,15972.0,28204000,0.019,28.8,Maintenance,2025,10,October,Wednesday,0
2025-10-30,Haryana,3092.0,199.0,12.0,3303.0,699.0,5348.0,6047.0,2700.0,3774.0,6474.0,15824.0,28204000,0.1171,3.79,Growth,2025,10,October,Thursday,0
2025-10-31,Haryana,1408.0,102.0,4.0,1514.0,668.0,7740.0,8408.0,4243.0,5868.0,10111.0,20033.0,28204000,0.0537,12.22,Maintenance,2025,10,October,Friday,0
2025-11-01,Haryana,310.0,36.0,1.0,347.0,564.0,4734.0,5298.0,3215.0,4781.0,7996.0,13641.0,28204000,0.0123,38.2,Maintenance,2025,11,November,Saturday,1
2025-11-02,Haryana,1621.0,130.0,0.0,1751.0,616.0,3335.0,3951.0,4439.0,6191.0,10630.0,16332.0,28204000,0.0621,8.32,Maintenance,2025,11,November,Sunday,1
2025-11-03,Haryana,585.0,42.0,3.0,630.0,1021.0,6864.0,7885.0,4390.0,6393.0,10783.0,19298.0,28204000,0.0223,29.58,Maintenance,2025,11,November,Monday,0
2025-11-04,Haryana,21.0,1.0,0.0,22.0,511.0,5068.0,5579.0,1272.0,1664.0,2936.0,8537.0,28204000,0.0008,370.22,Maintenance,2025,11,November,Tuesday,0
2025-11-05,Haryana,1230.0,113.0,4.0,1347.0,536.0,3108.0,3644.0,2398.0,3141.0,5539.0,10530.0,28204000,0.0478,6.81,Maintenance,2025,11,November,Wednesday,0
2025-11-06,Haryana,821.0,69.0,6.0,896.0,1454.0,9905.0,11359.0,6701.0,8035.0,14736.0,26991.0,28204000,0.0318,29.09,Maintenance,2025,11,November,Thursday,0
2025-11-07,Haryana,774.0,73.0,1.0,848.0,722.0,6060.0,6782.0,3084.0,4030.0,7114.0,14744.0,28204000,0.0301,16.37,Maintenance,2025,11,November,Friday,0
2025-11-08,Haryana,1042.0,72.0,3.0,1117.0,745.0,6132.0,6877.0,2469.0,3129.0,5598.0,13592.0,28204000,0.0396,11.16,Maintenance,2025,11,November,Saturday,1
2025-11-09,Haryana,957.0,73.0,2.0,1032.0,406.0,1950.0,2356.0,2863.0,3753.0,6616.0,10004.0,28204000,0.0366,8.69,Maintenance,2025,11,November,Sunday,1
2025-11-10,Haryana,1146.0,99.0,1.0,1246.0,625.0,5285.0,5910.0,4313.0,5078.0,9391.0,16547.0,28204000,0.0442,12.27,Maintenance,2025,11,November,Monday,0
2025-11-11,Haryana,827.0,47.0,20.0,894.0,751.0,4890.0,5641.0,4226.0,5429.0,9655.0,16190.0,28204000,0.0317,17.09,Maintenance,2025,11,November,Tuesday,0
2025-11-12,Haryana,546.0,70.0,23.0,639.0,470.0,4891.0,5361.0,2829.0,3345.0,6174.0,12174.0,28204000,0.0227,18.02,Maintenance,2025,11,November,Wednesday,0
2025-11-13,Haryana,618.0,56.0,26.0,700.0,313.0,2203.0,2516.0,3612.0,4314.0,7926.0,11142.0,28204000,0.0248,14.9,Maintenance,2025,11,November,Thursday,0
2025-11-14,Haryana,1025.0,84.0,33.0,1142.0,585.0,4949.0,5534.0,2622.0,2885.0,5507.0,12183.0,28204000,0.0405,9.66,Maintenance,2025,11,November,Friday,0
2025-11-15,Haryana,3841.0,294.0,30.0,4165.0,597.0,4569.0,5166.0,2494.0,2465.0,4959.0,14290.0,28204000,0.1477,2.43,Growth,2025,11,November,Saturday,1
2025-11-16,Haryana,1062.0,86.0,2.0,1150.0,477.0,2451.0,2928.0,5132.0,5237.0,10369.0,14447.0,28204000,0.0408,11.55,Maintenance,2025,11,November,Sunday,1
2025-11-17,Haryana,471.0,39.0,6.0,516.0,486.0,4253.0,4739.0,4808.0,5128.0,9936.0,15191.0,28204000,0.0183,28.38,Maintenance,2025,11,November,Monday,0
2025-11-18,Haryana,1175.0,90.0,7.0,1272.0,701.0,6196.0,6897.0,4106.0,4341.0,8447.0,16616.0,28204000,0.0451,12.05,Maintenance,2025,11,November,Tuesday,0
2025-11-19,Haryana,2949.0,169.0,23.0,3141.0,1086.0,8069.0,9155.0,2152.0,2245.0,4397.0,16693.0,28204000,0.1114,4.31,Growth,2025,11,November,Wednesday,0
2025-11-25,Haryana,773.0,64.0,10.0,847.0,286.0,1678.0,1964.0,8893.0,8160.0,17053.0,19864.0,28204000,0.03,22.43,Maintenance,2025,11,November,Tuesday,0
2025-11-26,Haryana,0.0,0.0,0.0,0.0,426.0,4394.0,4820.0,0.0,0.0,0.0,4820.0,28204000,0.0,4820.0,Maintenance,2025,11,November,Wednesday,0
2025-11-27,Haryana,0.0,0.0,0.0,0.0,841.0,8884.0,9725.0,0.0,0.0,0.0,9725.0,28204000,0.0,9725.0,Maintenance,2025,11,November,Thursday,0
2025-11-28,Haryana,0.0,0.0,0.0,0.0,834.0,7297.0,8131.0,0.0,0.0,0.0,8131.0,28204000,0.0,8131.0,Maintenance,2025,11,November,Friday,0
2025-11-29,Haryana,0.0,0.0,0.0,0.0,303.0,2653.0,2956.0,0.0,0.0,0.0,2956.0,28204000,0.0,2956.0,Maintenance,2025,11,November,Saturday,1
2025-12-01,Haryana,0.0,0.0,0.0,0.0,420.0,3440.0,3860.0,5931.0,4589.0,10520.0,14380.0,28204000,0.0,14380.0,Maintenance,2025,12,December,Monday,0
2025-12-02,Haryana,0.0,0.0,0.0,0.0,669.0,5781.0,6450.0,5457.0,5211.0,10668.0,17118.0,28204000,0.0,17118.0,Maintenance,2025,12,December,Tuesday,0
2025-12-03,Haryana,0.0,0.0,0.0,0.0,1028.0,8529.0,9557.0,4633.0,5596.0,10229.0,19786.0,28204000,0.0,19786.0,Maintenance,2025,12,December,Wednesday,0
2025-12-04,Haryana,0.0,0.0,0.0,0.0,1174.0,9238.0,10412.0,3803.0,4460.0,8263.0,18675.0,28204000,0.0,18675.0,Maintenance,2025,12,December,Thursday,0
2025-12-05,Haryana,0.0,0.0,0.0,0.0,761.0,7100.0,7861.0,3017.0,3992.0,7009.0,14870.0,28204000,0.0,14870.0,Maintenance,2025,12,December,Friday,0
2025-12-06,Haryana,0.0,0.0,0.0,0.0,724.0,6167.0,6891.0,2895.0,3324.0,6219.0,13110.0,28204000,0.0,13110.0,Maintenance,2025,12,December,Saturday,1
2025-12-07,Haryana,0.0,0.0,0.0,0.0,485.0,3223.0,3708.0,3084.0,3780.0,6864.0,10572.0,28204000,0.0,10572.0,Maintenance,2025,12,December,Sunday,1
2025-12-08,Haryana,0.0,0.0,0.0,0.0,1032.0,9310.0,10342.0,3214.0,4306.0,7520.0,17862.0,28204000,0.0,17862.0,Maintenance,2025,12,December,Monday,0
2025-12-09,Haryana,0.0,0.0,0.0,0.0,513.0,4927.0,5440.0,4795.0,6076.0,10871.0,16311.0,28204000,0.0,16311.0,Maintenance,2025,12,December,Tuesday,0
2025-12-10,Haryana,0.0,0.0,0.0,0.0,415.0,3971.0,4386.0,4240.0,4831.0,9071.0,13457.0,28204000,0.0,13457.0,Maintenance,2025,12,December,Wednesday,0
2025-12-11,Haryana,0.0,0.0,0.0,0.0,652.0,6349.0,7001.0,4904.0,5639.0,10543.0,17544.0,28204000,0.0,17544.0,Maintenance,2025,12,December,Thursday,0
2025-12-12,Haryana,0.0,0.0,0.0,0.0,950.0,8645.0,9595.0,5311.0,5967.0,11278.0,20873.0,28204000,0.0,20873.0,Maintenance,2025,12,December,Friday,0
2025-12-13,Haryana,0.0,0.0,0.0,0.0,469.0,3231.0,3700.0,7601.0,6508.0,14109.0,17809.0,28204000,0.0,17809.0,Maintenance,2025,12,December,Saturday,1
2025-12-14,Haryana,0.0,0.0,0.0,0.0,386.0,2735.0,3121.0,630.0,626.0,1256.0,4377.0,28204000,0.0,4377.0,Maintenance,2025,12,December,Sunday,1
2025-12-15,Haryana,2459.0,150.0,24.0,2633.0,410.0,4882.0,5292.0,4296.0,4479.0,8775.0,16700.0,28204000,0.0934,5.34,Maintenance,2025,12,December,Monday,0
2025-12-16,Haryana,0.0,0.0,0.0,0.0,689.0,7110.0,7799.0,6454.0,6599.0,13053.0,20852.0,28204000,0.0,20852.0,Maintenance,2025,12,December,Tuesday,0
2025-12-18,Haryana,0.0,0.0,0.0,0.0,57.0,802.0,859.0,432.0,421.0,853.0,1712.0,28204000,0.0,1712.0,Maintenance,2025,12,December,Thursday,0
2025-12-19,Haryana,0.0,0.0,0.0,0.0,581.0,5973.0,6554.0,6780.0,6558.0,13338.0,19892.0,28204000,0.0,19892.0,Maintenance,2025,12,December,Friday,0
2025-12-20,Haryana,0.0,0.0,0.0,0.0,635.0,4257.0,4892.0,2272.0,2031.0,4303.0,9195.0,28204000,0.0,9195.0,Maintenance,2025,12,December,Saturday,1
2025-12-21,Haryana,857.0,1.0,0.0,858.0,393.0,2379.0,2772.0,0.0,0.0,0.0,3630.0,28204000,0.0304,3.23,Growth,2025,12,December,Sunday,1
2025-12-22,Haryana,2505.0,3.0,0.0,2508.0,345.0,4055.0,4400.0,0.0,0.0,0.0,6908.0,28204000,0.0889,1.75,Growth,2025,12,December,Monday,0
2025-12-23,Haryana,1155.0,0.0,0.0,1155.0,1193.0,10254.0,11447.0,3.0,2.0,5.0,12607.0,28204000,0.041,9.91,Maintenance,2025,12,December,Tuesday,0
2025-12-24,Haryana,1068.0,69.0,20.0,1157.0,589.0,5023.0,5612.0,0.0,0.0,0.0,6769.0,28204000,0.041,4.85,Growth,2025,12,December,Wednesday,0
2025-12-25,Haryana,709.0,110.0,2.0,821.0,391.0,3238.0,3629.0,4882.0,5952.0,10834.0,15284.0,28204000,0.0291,17.59,Maintenance,2025,12,December,Thursday,0
2025-12-26,Haryana,1008.0,51.0,1.0,1060.0,838.0,8347.0,9185.0,4225.0,6872.0,11097.0,21342.0,28204000,0.0376,19.12,Maintenance,2025,12,December,Friday,0
2025-12-27,Haryana,1449.0,92.0,1.0,1542.0,904.0,9259.0,10163.0,4565.0,5895.0,10460.0,22165.0,28204000,0.0547,13.37,Maintenance,2025,12,December,Saturday,1
2025-12-28,Haryana,902.0,49.0,1.0,952.0,501.0,3858.0,4359.0,784.0,1048.0,1832.0,7143.0,28204000,0.0338,6.5,Maintenance,2025,12,December,Sunday,1
2025-12-29,Haryana,803.0,41.0,5.0,849.0,242.0,3149.0,3391.0,3145.0,4482.0,7627.0,11867.0,28204000,0.0301,12.96,Maintenance,2025,12,December,Monday,0
2025-12-31,Haryana,1248.0,227.0,15.0,1490.0,0.0,0.0,0.0,0.0,0.0,0.0,1490.0,28204000,0.0528,0.0,Growth,2025,12,December,Wednesday,0
2025-03-01,Himachal Pradesh,0.0,0.0,0.0,0.0,4687.0,27114.0,31801.0,23067.0,32385.0,55452.0,87253.0,7503000,0.0,87253.0,Maintenance,2025,3,March,Saturday,1
2025-04-01,Himachal Pradesh,0.0,0.0,0.0,0.0,324.0,1534.0,1858.0,22612.0,29429.0,52041.0,53899.0,7503000,0.0,53899.0,Maintenance,2025,4,April,Tuesday,0
2025-05-01,Himachal Pradesh,0.0,0.0,0.0,0.0,136.0,1000.0,1136.0,11421.0,20633.0,32054.0,33190.0,7503000,0.0,33190.0,Maintenance,2025,5,May,Thursday,0
2025-06-01,Himachal Pradesh,0.0,0.0,0.0,0.0,362.0,3526.0,3888.0,13310.0,25629.0,38939.0,42827.0,7503000,0.0,42827.0,Maintenance,2025,6,June,Sunday,1
2025-07-01,Himachal Pradesh,57.0,24.0,33.0,114.0,83.0,744.0,827.0,16848.0,31566.0,48414.0,49355.0,7503000,0.0152,428.18,Maintenance,2025,7,July,Tuesday,0
2025-09-01,Himachal Pradesh,106.0,4.0,0.0,110.0,183.0,1588.0,1771.0,493.0,732.0,1225.0,3106.0,7503000,0.0147,26.99,Maintenance,2025,9,September,Monday,0
2025-09-02,Himachal Pradesh,82.0,7.0,1.0,90.0,121.0,1481.0,1602.0,377.0,669.0,1046.0,2738.0,7503000,0.012,29.1,Maintenance,2025,9,September,Tuesday,0
2025-09-03,Himachal Pradesh,120.0,1.0,0.0,121.0,79.0,1159.0,1238.0,327.0,575.0,902.0,2261.0,7503000,0.0161,17.54,Maintenance,2025,9,September,Wednesday,0
2025-09-04,Himachal Pradesh,112.0,12.0,0.0,124.0,88.0,1218.0,1306.0,430.0,848.0,1278.0,2708.0,7503000,0.0165,20.67,Maintenance,2025,9,September,Thursday,0
2025-09-05,Himachal Pradesh,219.0,6.0,0.0,225.0,139.0,1668.0,1807.0,576.0,869.0,1445.0,3477.0,7503000,0.03,14.39,Maintenance,2025,9,September,Friday,0
2025-09-06,Himachal Pradesh,210.0,7.0,0.0,217.0,151.0,1172.0,1323.0,508.0,664.0,1172.0,2712.0,7503000,0.0289,11.44,Maintenance,2025,9,September,Saturday,1
2025-09-07,Himachal Pradesh,20.0,0.0,0.0,20.0,6.0,155.0,161.0,21.0,40.0,61.0,242.0,7503000,0.0027,10.57,Maintenance,2025,9,September,Sunday,1
2025-09-08,Himachal Pradesh,312.0,9.0,1.0,322.0,142.0,3019.0,3161.0,352.0,1206.0,1558.0,5041.0,7503000,0.0429,14.61,Maintenance,2025,9,September,Monday,0
2025-09-09,Himachal Pradesh,337.0,11.0,3.0,351.0,175.0,2424.0,2599.0,499.0,1171.0,1670.0,4620.0,7503000,0.0468,12.13,Maintenance,2025,9,September,Tuesday,0
2025-09-10,Himachal Pradesh,316.0,10.0,1.0,327.0,251.0,3109.0,3360.0,509.0,926.0,1435.0,5122.0,7503000,0.0436,14.62,Maintenance,2025,9,September,Wednesday,0
2025-09-11,Himachal Pradesh,221.0,8.0,0.0,229.0,171.0,1854.0,2025.0,845.0,1055.0,1900.0,4154.0,7503000,0.0305,17.07,Maintenance,2025,9,September,Thursday,0
2025-09-12,Himachal Pradesh,244.0,10.0,1.0,255.0,208.0,2032.0,2240.0,962.0,1154.0,2116.0,4611.0,7503000,0.034,17.02,Maintenance,2025,9,September,Friday,0
2025-09-13,Himachal Pradesh,105.0,7.0,0.0,112.0,157.0,1137.0,1294.0,473.0,359.0,832.0,2238.0,7503000,0.0149,18.81,Maintenance,2025,9,September,Saturday,1
2025-09-14,Himachal Pradesh,14.0,0.0,0.0,14.0,7.0,179.0,186.0,11.0,22.0,33.0,233.0,7503000,0.0019,14.6,Maintenance,2025,9,September,Sunday,1
2025-09-15,Himachal Pradesh,186.0,12.0,0.0,198.0,240.0,2703.0,2943.0,939.0,1184.0,2123.0,5264.0,7503000,0.0264,25.46,Maintenance,2025,9,September,Monday,0
2025-09-16,Himachal Pradesh,163.0,4.0,1.0,168.0,171.0,1485.0,1656.0,770.0,754.0,1524.0,3348.0,7503000,0.0224,18.82,Maintenance,2025,9,September,Tuesday,0
2025-09-17,Himachal Pradesh,240.0,21.0,1.0,262.0,182.0,1764.0,1946.0,1189.0,1071.0,2260.0,4468.0,7503000,0.0349,15.99,Maintenance,2025,9,September,Wednesday,0
2025-09-18,Himachal Pradesh,169.0,8.0,1.0,178.0,180.0,1593.0,1773.0,1215.0,1009.0,2224.0,4175.0,7503000,0.0237,22.33,Maintenance,2025,9,September,Thursday,0
2025-09-19,Himachal Pradesh,185.0,5.0,4.0,194.0,244.0,1536.0,1780.0,1337.0,1070.0,2407.0,4381.0,7503000,0.0259,21.47,Maintenance,2025,9,September,Friday,0
2025-09-20,Himachal Pradesh,144.0,13.0,1.0,158.0,188.0,1129.0,1317.0,1565.0,977.0,2542.0,4017.0,7503000,0.0211,24.27,Maintenance,2025,9,September,Saturday,1
2025-09-21,Himachal Pradesh,4.0,6.0,0.0,10.0,0.0,0.0,0.0,0.0,0.0,0.0,10.0,7503000,0.0013,0.0,Growth,2025,9,September,Sunday,1
2025-09-22,Himachal Pradesh,172.0,12.0,2.0,186.0,0.0,0.0,0.0,0.0,0.0,0.0,186.0,7503000,0.0248,0.0,Growth,2025,9,September,Monday,0
2025-09-23,Himachal Pradesh,193.0,11.0,2.0,206.0,0.0,0.0,0.0,0.0,0.0,0.0,206.0,7503000,0.0275,0.0,Growth,2025,9,September,Tuesday,0
2025-09-24,Himachal Pradesh,208.0,19.0,1.0,228.0,0.0,0.0,0.0,0.0,0.0,0.0,228.0,7503000,0.0304,0.0,Growth,2025,9,September,Wednesday,0
2025-09-25,Himachal Pradesh,172.0,25.0,2.0,199.0,0.0,0.0,0.0,0.0,0.0,0.0,199.0,7503000,0.0265,0.0,Growth,2025,9,September,Thursday,0
2025-09-26,Himachal Pradesh,149.0,16.0,2.0,167.0,0.0,0.0,0.0,0.0,0.0,0.0,167.0,7503000,0.0223,0.0,Growth,2025,9,September,Friday,0
2025-09-27,Himachal Pradesh,49.0,5.0,0.0,54.0,0.0,0.0,0.0,0.0,0.0,0.0,54.0,7503000,0.0072,0.0,Growth,2025,9,September,Saturday,1
2025-09-28,Himachal Pradesh,3.0,0.0,0.0,3.0,0.0,0.0,0.0,0.0,0.0,0.0,3.0,7503000,0.0004,0.0,Growth,2025,9,September,Sunday,1
2025-09-29,Himachal Pradesh,21.0,4.0,0.0,25.0,0.0,0.0,0.0,0.0,0.0,0.0,25.0,7503000,0.0033,0.0,Growth,2025,9,September,Monday,0
2025-10-13,Himachal Pradesh,183.0,9.0,2.0,194.0,25.0,443.0,468.0,2.0,0.0,2.0,664.0,7503000,0.0259,2.41,Growth,2025,10,October,Monday,0
2025-10-15,Himachal Pradesh,222.0,10.0,5.0,237.0,188.0,1326.0,1514.0,2464.0,865.0,3329.0,5080.0,7503000,0.0316,20.35,Maintenance,2025,10,October,Wednesday,0
2025-10-16,Himachal Pradesh,109.0,6.0,4.0,119.0,221.0,1375.0,1596.0,2627.0,792.0,3419.0,5134.0,7503000,0.0159,41.79,Maintenance,2025,10,October,Thursday,0
2025-10-17,Himachal Pradesh,403.0,21.0,2.0,426.0,170.0,1139.0,1309.0,2602.0,675.0,3277.0,5012.0,7503000,0.0568,10.74,Maintenance,2025,10,October,Friday,0
2025-10-18,Himachal Pradesh,344.0,9.0,1.0,354.0,50.0,305.0,355.0,2364.0,708.0,3072.0,3781.0,7503000,0.0472,9.65,Maintenance,2025,10,October,Saturday,1
2025-10-19,Himachal Pradesh,263.0,10.0,1.0,274.0,96.0,605.0,701.0,1541.0,671.0,2212.0,3187.0,7503000,0.0365,10.59,Maintenance,2025,10,October,Sunday,1
2025-10-20,Himachal Pradesh,34.0,5.0,3.0,42.0,44.0,188.0,232.0,54.0,51.0,105.0,379.0,7503000,0.0056,7.84,Maintenance,2025,10,October,Monday,0
2025-10-21,Himachal Pradesh,7.0,0.0,0.0,7.0,53.0,205.0,258.0,70.0,60.0,130.0,395.0,7503000,0.0009,48.5,Maintenance,2025,10,October,Tuesday,0
2025-10-22,Himachal Pradesh,1.0,0.0,0.0,1.0,8.0,37.0,45.0,8.0,11.0,19.0,65.0,7503000,0.0001,32.0,Maintenance,2025,10,October,Wednesday,0
2025-10-23,Himachal Pradesh,0.0,0.0,5.0,5.0,23.0,71.0,94.0,76.0,47.0,123.0,222.0,7503000,0.0007,36.17,Maintenance,2025,10,October,Thursday,0
2025-10-24,Himachal Pradesh,264.0,2.0,5.0,271.0,245.0,1636.0,1881.0,1617.0,852.0,2469.0,4621.0,7503000,0.0361,15.99,Maintenance,2025,10,October,Friday,0
2025-10-25,Himachal Pradesh,359.0,4.0,0.0,363.0,144.0,1118.0,1262.0,1319.0,671.0,1990.0,3615.0,7503000,0.0484,8.93,Maintenance,2025,10,October,Saturday,1
2025-10-26,Himachal Pradesh,116.0,10.0,2.0,128.0,124.0,848.0,972.0,2606.0,1259.0,3865.0,4965.0,7503000,0.0171,37.5,Maintenance,2025,10,October,Sunday,1
2025-10-27,Himachal Pradesh,119.0,5.0,4.0,128.0,47.0,438.0,485.0,2013.0,1026.0,3039.0,3652.0,7503000,0.0171,27.32,Maintenance,2025,10,October,Monday,0
2025-10-28,Himachal Pradesh,211.0,7.0,4.0,222.0,122.0,912.0,1034.0,1077.0,667.0,1744.0,3000.0,7503000,0.0296,12.46,Maintenance,2025,10,October,Tuesday,0
2025-10-29,Himachal Pradesh,149.0,3.0,1.0,153.0,180.0,1110.0,1290.0,1762.0,798.0,2560.0,4003.0,7503000,0.0204,25.0,Maintenance,2025,10,October,Wednesday,0
2025-10-30,Himachal Pradesh,744.0,23.0,2.0,769.0,159.0,924.0,1083.0,1204.0,620.0,1824.0,3676.0,7503000,0.1025,3.78,Growth,2025,10,October,Thursday,0
2025-10-31,Himachal Pradesh,296.0,9.0,1.0,306.0,176.0,1072.0,1248.0,2102.0,774.0,2876.0,4430.0,7503000,0.0408,13.43,Maintenance,2025,10,October,Friday,0
2025-11-01,Himachal Pradesh,75.0,1.0,3.0,79.0,183.0,1007.0,1190.0,1952.0,803.0,2755.0,4024.0,7503000,0.0105,49.31,Maintenance,2025,11,November,Saturday,1
2025-11-02,Himachal Pradesh,438.0,14.0,1.0,453.0,146.0,313.0,459.0,3406.0,1033.0,4439.0,5351.0,7503000,0.0604,10.79,Maintenance,2025,11,November,Sunday,1
2025-11-03,Himachal Pradesh,150.0,5.0,6.0,161.0,238.0,825.0,1063.0,2897.0,1202.0,4099.0,5323.0,7503000,0.0215,31.86,Maintenance,2025,11,November,Monday,0
2025-11-04,Himachal Pradesh,11.0,0.0,0.0,11.0,100.0,749.0,849.0,320.0,253.0,573.0,1433.0,7503000,0.0015,118.5,Maintenance,2025,11,November,Tuesday,0
2025-11-05,Himachal Pradesh,275.0,6.0,1.0,282.0,106.0,313.0,419.0,1395.0,638.0,2033.0,2734.0,7503000,0.0376,8.66,Maintenance,2025,11,November,Wednesday,0
2025-11-06,Himachal Pradesh,178.0,8.0,2.0,188.0,335.0,1665.0,2000.0,3889.0,1465.0,5354.0,7542.0,7503000,0.0251,38.91,Maintenance,2025,11,November,Thursday,0
2025-11-07,Himachal Pradesh,211.0,10.0,2.0,223.0,212.0,966.0,1178.0,1804.0,824.0,2628.0,4029.0,7503000,0.0297,16.99,Maintenance,2025,11,November,Friday,0
2025-11-08,Himachal Pradesh,247.0,12.0,3.0,262.0,178.0,661.0,839.0,1102.0,484.0,1586.0,2687.0,7503000,0.0349,9.22,Maintenance,2025,11,November,Saturday,1
2025-11-09,Himachal Pradesh,259.0,5.0,2.0,266.0,78.0,177.0,255.0,1376.0,661.0,2037.0,2558.0,7503000,0.0355,8.58,Maintenance,2025,11,November,Sunday,1
2025-11-10,Himachal Pradesh,276.0,8.0,2.0,286.0,162.0,1091.0,1253.0,1899.0,894.0,2793.0,4332.0,7503000,0.0381,14.1,Maintenance,2025,11,November,Monday,0
2025-11-11,Himachal Pradesh,238.0,10.0,3.0,251.0,188.0,862.0,1050.0,1743.0,815.0,2558.0,3859.0,7503000,0.0335,14.32,Maintenance,2025,11,November,Tuesday,0
2025-11-12,Himachal Pradesh,140.0,4.0,3.0,147.0,163.0,1223.0,1386.0,1341.0,634.0,1975.0,3508.0,7503000,0.0196,22.71,Maintenance,2025,11,November,Wednesday,0
2025-11-13,Himachal Pradesh,165.0,11.0,5.0,181.0,79.0,394.0,473.0,1478.0,945.0,2423.0,3077.0,7503000,0.0241,15.91,Maintenance,2025,11,November,Thursday,0
2025-11-14,Himachal Pradesh,167.0,4.0,2.0,173.0,111.0,718.0,829.0,742.0,579.0,1321.0,2323.0,7503000,0.0231,12.36,Maintenance,2025,11,November,Friday,0
2025-11-15,Himachal Pradesh,842.0,16.0,11.0,869.0,173.0,1081.0,1254.0,935.0,527.0,1462.0,3585.0,7503000,0.1158,3.12,Growth,2025,11,November,Saturday,1
2025-11-16,Himachal Pradesh,282.0,10.0,2.0,294.0,73.0,251.0,324.0,2424.0,1006.0,3430.0,4048.0,7503000,0.0392,12.73,Maintenance,2025,11,November,Sunday,1
2025-11-17,Himachal Pradesh,124.0,7.0,3.0,134.0,118.0,785.0,903.0,2223.0,1164.0,3387.0,4424.0,7503000,0.0179,31.78,Maintenance,2025,11,November,Monday,0
2025-11-18,Himachal Pradesh,240.0,7.0,1.0,248.0,187.0,1347.0,1534.0,1484.0,825.0,2309.0,4091.0,7503000,0.0331,15.43,Maintenance,2025,11,November,Tuesday,0
2025-11-19,Himachal Pradesh,706.0,15.0,11.0,732.0,246.0,1387.0,1633.0,727.0,491.0,1218.0,3583.0,7503000,0.0976,3.89,Growth,2025,11,November,Wednesday,0
2025-11-25,Himachal Pradesh,328.0,10.0,2.0,340.0,77.0,312.0,389.0,4916.0,1522.0,6438.0,7167.0,7503000,0.0453,20.02,Maintenance,2025,11,November,Tuesday,0
2025-11-26,Himachal Pradesh,0.0,0.0,0.0,0.0,113.0,791.0,904.0,0.0,0.0,0.0,904.0,7503000,0.0,904.0,Maintenance,2025,11,November,Wednesday,0
2025-11-27,Himachal Pradesh,0.0,0.0,0.0,0.0,257.0,2080.0,2337.0,0.0,0.0,0.0,2337.0,7503000,0.0,2337.0,Maintenance,2025,11,November,Thursday,0
2025-11-28,Himachal Pradesh,0.0,0.0,0.0,0.0,204.0,1588.0,1792.0,0.0,0.0,0.0,1792.0,7503000,0.0,1792.0,Maintenance,2025,11,November,Friday,0
2025-11-29,Himachal Pradesh,0.0,0.0,0.0,0.0,94.0,691.0,785.0,0.0,0.0,0.0,785.0,7503000,0.0,785.0,Maintenance,2025,11,November,Saturday,1
2025-12-01,Himachal Pradesh,0.0,0.0,0.0,0.0,116.0,576.0,692.0,2085.0,836.0,2921.0,3613.0,7503000,0.0,3613.0,Maintenance,2025,12,December,Monday,0
2025-12-02,Himachal Pradesh,0.0,0.0,0.0,0.0,217.0,1000.0,1217.0,2079.0,992.0,3071.0,4288.0,7503000,0.0,4288.0,Maintenance,2025,12,December,Tuesday,0
2025-12-03,Himachal Pradesh,0.0,0.0,0.0,0.0,314.0,1224.0,1538.0,2027.0,1061.0,3088.0,4626.0,7503000,0.0,4626.0,Maintenance,2025,12,December,Wednesday,0
2025-12-04,Himachal Pradesh,0.0,0.0,0.0,0.0,323.0,1698.0,2021.0,1680.0,875.0,2555.0,4576.0,7503000,0.0,4576.0,Maintenance,2025,12,December,Thursday,0
2025-12-05,Himachal Pradesh,0.0,0.0,0.0,0.0,155.0,991.0,1146.0,1263.0,781.0,2044.0,3190.0,7503000,0.0,3190.0,Maintenance,2025,12,December,Friday,0
2025-12-06,Himachal Pradesh,0.0,0.0,0.0,0.0,263.0,1261.0,1524.0,1209.0,806.0,2015.0,3539.0,7503000,0.0,3539.0,Maintenance,2025,12,December,Saturday,1
2025-12-07,Himachal Pradesh,0.0,0.0,0.0,0.0,138.0,393.0,531.0,1441.0,912.0,2353.0,2884.0,7503000,0.0,2884.0,Maintenance,2025,12,December,Sunday,1
2025-12-08,Himachal Pradesh,0.0,0.0,0.0,0.0,284.0,1741.0,2025.0,939.0,856.0,1795.0,3820.0,7503000,0.0,3820.0,Maintenance,2025,12,December,Monday,0
2025-12-09,Himachal Pradesh,0.0,0.0,0.0,0.0,223.0,1235.0,1458.0,1605.0,1139.0,2744.0,4202.0,7503000,0.0,4202.0,Maintenance,2025,12,December,Tuesday,0
2025-12-10,Himachal Pradesh,0.0,0.0,0.0,0.0,123.0,855.0,978.0,1076.0,800.0,1876.0,2854.0,7503000,0.0,2854.0,Maintenance,2025,12,December,Wednesday,0
2025-12-11,Himachal Pradesh,0.0,0.0,0.0,0.0,178.0,1081.0,1259.0,1315.0,1046.0,2361.0,3620.0,7503000,0.0,3620.0,Maintenance,2025,12,December,Thursday,0
2025-12-12,Himachal Pradesh,0.0,0.0,0.0,0.0,324.0,1535.0,1859.0,1012.0,915.0,1927.0,3786.0,7503000,0.0,3786.0,Maintenance,2025,12,December,Friday,0
2025-12-13,Himachal Pradesh,0.0,0.0,0.0,0.0,66.0,352.0,418.0,1469.0,1079.0,2548.0,2966.0,7503000,0.0,2966.0,Maintenance,2025,12,December,Saturday,1
2025-12-14,Himachal Pradesh,0.0,0.0,0.0,0.0,126.0,357.0,483.0,223.0,422.0,645.0,1128.0,7503000,0.0,1128.0,Maintenance,2025,12,December,Sunday,1
2025-12-15,Himachal Pradesh,375.0,18.0,4.0,397.0,142.0,1157.0,1299.0,780.0,789.0,1569.0,3265.0,7503000,0.0529,7.21,Maintenance,2025,12,December,Monday,0
2025-12-16,Himachal Pradesh,0.0,0.0,0.0,0.0,191.0,1442.0,1633.0,1360.0,1109.0,2469.0,4102.0,7503000,0.0,4102.0,Maintenance,2025,12,December,Tuesday,0
2025-12-18,Himachal Pradesh,0.0,0.0,0.0,0.0,27.0,181.0,208.0,62.0,58.0,120.0,328.0,7503000,0.0,328.0,Maintenance,2025,12,December,Thursday,0
2025-12-19,Himachal Pradesh,0.0,0.0,0.0,0.0,211.0,1279.0,1490.0,1284.0,1205.0,2489.0,3979.0,7503000,0.0,3979.0,Maintenance,2025,12,December,Friday,0
2025-12-20,Himachal Pradesh,0.0,0.0,0.0,0.0,174.0,927.0,1101.0,546.0,518.0,1064.0,2165.0,7503000,0.0,2165.0,Maintenance,2025,12,December,Saturday,1
2025-12-21,Himachal Pradesh,165.0,0.0,0.0,165.0,58.0,294.0,352.0,0.0,0.0,0.0,517.0,7503000,0.022,2.12,Growth,2025,12,December,Sunday,1
2025-12-22,Himachal Pradesh,527.0,0.0,0.0,527.0,71.0,809.0,880.0,0.0,0.0,0.0,1407.0,7503000,0.0702,1.67,Growth,2025,12,December,Monday,0
2025-12-23,Himachal Pradesh,245.0,0.0,0.0,245.0,247.0,2155.0,2402.0,2.0,0.0,2.0,2649.0,7503000,0.0327,9.77,Maintenance,2025,12,December,Tuesday,0
2025-12-24,Himachal Pradesh,187.0,2.0,9.0,198.0,151.0,989.0,1140.0,0.0,0.0,0.0,1338.0,7503000,0.0264,5.73,Maintenance,2025,12,December,Wednesday,0
2025-12-25,Himachal Pradesh,129.0,13.0,0.0,142.0,86.0,398.0,484.0,975.0,1174.0,2149.0,2775.0,7503000,0.0189,18.41,Maintenance,2025,12,December,Thursday,0
2025-12-26,Himachal Pradesh,216.0,7.0,2.0,225.0,256.0,1608.0,1864.0,987.0,1522.0,2509.0,4598.0,7503000,0.03,19.35,Maintenance,2025,12,December,Friday,0
2025-12-27,Himachal Pradesh,353.0,9.0,6.0,368.0,195.0,1696.0,1891.0,964.0,1112.0,2076.0,4335.0,7503000,0.049,10.75,Maintenance,2025,12,December,Saturday,1
2025-12-28,Himachal Pradesh,199.0,7.0,0.0,206.0,121.0,483.0,604.0,234.0,398.0,632.0,1442.0,7503000,0.0275,5.97,Maintenance,2025,12,December,Sunday,1
2025-12-29,Himachal Pradesh,149.0,4.0,0.0,153.0,73.0,721.0,794.0,732.0,954.0,1686.0,2633.0,7503000,0.0204,16.1,Maintenance,2025,12,December,Monday,0
2025-12-31,Himachal Pradesh,385.0,28.0,1.0,414.0,0.0,0.0,0.0,0.0,0.0,0.0,414.0,7503000,0.0552,0.0,Growth,2025,12,December,Wednesday,0
2025-12-26,Jaipur,0.0,0.0,0.0,0.0,0.0,2.0,2.0,0.0,0.0,0.0,2.0,24435828,0.0,2.0,Growth,2025,12,December,Friday,0
2025-03-01,Jammu and Kashmir,0.0,0.0,0.0,0.0,12688.0,79556.0,92244.0,35456.0,62843.0,98299.0,190543.0,14999397,0.0,190543.0,Maintenance,2025,3,March,Saturday,1
2025-04-01,Jammu and Kashmir,142.0,59.0,10.0,211.0,7915.0,39798.0,47713.0,36268.0,53664.0,89932.0,137856.0,14999397,0.0141,649.27,Maintenance,2025,4,April,Tuesday,0
2025-05-01,Jammu and Kashmir,191.0,55.0,22.0,268.0,3992.0,16536.0,20528.0,36095.0,41203.0,77298.0,98094.0,14999397,0.0179,363.67,Maintenance,2025,5,May,Thursday,0
2025-06-01,Jammu and Kashmir,0.0,0.0,0.0,0.0,2014.0,11094.0,13108.0,38896.0,40319.0,79215.0,92323.0,14999397,0.0,92323.0,Maintenance,2025,6,June,Sunday,1
2025-07-01,Jammu and Kashmir,569.0,344.0,37.0,950.0,3811.0,21778.0,25589.0,48013.0,54238.0,102251.0,128790.0,14999397,0.0633,134.43,Maintenance,2025,7,July,Tuesday,0
2025-09-01,Jammu and Kashmir,646.0,139.0,2.0,787.0,316.0,2599.0,2915.0,1675.0,1776.0,3451.0,7153.0,14999397,0.0525,8.08,Maintenance,2025,9,September,Monday,0
2025-09-02,Jammu and Kashmir,471.0,110.0,1.0,582.0,315.0,2514.0,2829.0,1332.0,1472.0,2804.0,6215.0,14999397,0.0388,9.66,Maintenance,2025,9,September,Tuesday,0
2025-09-03,Jammu and Kashmir,219.0,62.0,0.0,281.0,150.0,1072.0,1222.0,723.0,669.0,1392.0,2895.0,14999397,0.0187,9.27,Maintenance,2025,9,September,Wednesday,0
2025-09-04,Jammu and Kashmir,359.0,87.0,1.0,447.0,187.0,1339.0,1526.0,1286.0,1391.0,2677.0,4650.0,14999397,0.0298,9.38,Maintenance,2025,9,September,Thursday,0
2025-09-05,Jammu and Kashmir,307.0,68.0,0.0,375.0,152.0,1159.0,1311.0,844.0,818.0,1662.0,3348.0,14999397,0.025,7.91,Maintenance,2025,9,September,Friday,0
2025-09-06,Jammu and Kashmir,366.0,79.0,1.0,446.0,180.0,1263.0,1443.0,813.0,904.0,1717.0,3606.0,14999397,0.0297,7.07,Maintenance,2025,9,September,Saturday,1
2025-09-07,Jammu and Kashmir,26.0,6.0,1.0,33.0,24.0,167.0,191.0,74.0,95.0,169.0,393.0,14999397,0.0022,10.59,Maintenance,2025,9,September,Sunday,1
2025-09-08,Jammu and Kashmir,549.0,121.0,1.0,671.0,413.0,3241.0,3654.0,1200.0,1508.0,2708.0,7033.0,14999397,0.0447,9.47,Maintenance,2025,9,September,Monday,0
2025-09-09,Jammu and Kashmir,579.0,136.0,1.0,716.0,328.0,2653.0,2981.0,1733.0,1829.0,3562.0,7259.0,14999397,0.0477,9.13,Maintenance,2025,9,September,Tuesday,0
2025-09-10,Jammu and Kashmir,578.0,103.0,2.0,683.0,421.0,3277.0,3698.0,1267.0,1320.0,2587.0,6968.0,14999397,0.0455,9.19,Maintenance,2025,9,September,Wednesday,0
2025-09-11,Jammu and Kashmir,418.0,80.0,2.0,500.0,210.0,1700.0,1910.0,1407.0,1424.0,2831.0,5241.0,14999397,0.0333,9.46,Maintenance,2025,9,September,Thursday,0
2025-09-12,Jammu and Kashmir,174.0,40.0,1.0,215.0,88.0,766.0,854.0,453.0,367.0,820.0,1889.0,14999397,0.0143,7.75,Maintenance,2025,9,September,Friday,0
2025-09-13,Jammu and Kashmir,528.0,86.0,1.0,615.0,309.0,2296.0,2605.0,1622.0,1386.0,3008.0,6228.0,14999397,0.041,9.11,Maintenance,2025,9,September,Saturday,1
2025-09-14,Jammu and Kashmir,52.0,10.0,0.0,62.0,22.0,206.0,228.0,195.0,115.0,310.0,600.0,14999397,0.0041,8.54,Maintenance,2025,9,September,Sunday,1
2025-09-15,Jammu and Kashmir,382.0,91.0,0.0,473.0,323.0,2643.0,2966.0,1550.0,1545.0,3095.0,6534.0,14999397,0.0315,12.79,Maintenance,2025,9,September,Monday,0
2025-09-16,Jammu and Kashmir,448.0,76.0,0.0,524.0,241.0,2116.0,2357.0,1689.0,1499.0,3188.0,6069.0,14999397,0.0349,10.56,Maintenance,2025,9,September,Tuesday,0
2025-09-17,Jammu and Kashmir,460.0,86.0,1.0,547.0,290.0,2096.0,2386.0,1872.0,1516.0,3388.0,6321.0,14999397,0.0365,10.54,Maintenance,2025,9,September,Wednesday,0
2025-09-18,Jammu and Kashmir,374.0,104.0,1.0,479.0,211.0,1761.0,1972.0,1707.0,1472.0,3179.0,5630.0,14999397,0.0319,10.73,Maintenance,2025,9,September,Thursday,0
2025-09-19,Jammu and Kashmir,437.0,122.0,2.0,561.0,196.0,1188.0,1384.0,2002.0,1393.0,3395.0,5340.0,14999397,0.0374,8.5,Maintenance,2025,9,September,Friday,0
2025-09-20,Jammu and Kashmir,408.0,105.0,1.0,514.0,177.0,1130.0,1307.0,1999.0,1370.0,3369.0,5190.0,14999397,0.0343,9.08,Maintenance,2025,9,September,Saturday,1
2025-09-21,Jammu and Kashmir,29.0,5.0,0.0,34.0,0.0,0.0,0.0,0.0,0.0,0.0,34.0,14999397,0.0023,0.0,Growth,2025,9,September,Sunday,1
2025-09-22,Jammu and Kashmir,369.0,112.0,1.0,482.0,0.0,0.0,0.0,0.0,0.0,0.0,482.0,14999397,0.0321,0.0,Growth,2025,9,September,Monday,0
2025-09-23,Jammu and Kashmir,120.0,36.0,0.0,156.0,0.0,0.0,0.0,0.0,0.0,0.0,156.0,14999397,0.0104,0.0,Growth,2025,9,September,Tuesday,0
2025-09-24,Jammu and Kashmir,515.0,94.0,0.0,609.0,0.0,0.0,0.0,0.0,0.0,0.0,609.0,14999397,0.0406,0.0,Growth,2025,9,September,Wednesday,0
2025-09-25,Jammu and Kashmir,360.0,98.0,1.0,459.0,0.0,0.0,0.0,0.0,0.0,0.0,459.0,14999397,0.0306,0.0,Growth,2025,9,September,Thursday,0
2025-09-26,Jammu and Kashmir,296.0,76.0,1.0,373.0,0.0,0.0,0.0,0.0,0.0,0.0,373.0,14999397,0.0249,0.0,Growth,2025,9,September,Friday,0
2025-09-27,Jammu and Kashmir,123.0,30.0,2.0,155.0,0.0,0.0,0.0,0.0,0.0,0.0,155.0,14999397,0.0103,0.0,Growth,2025,9,September,Saturday,1
2025-09-28,Jammu and Kashmir,15.0,8.0,0.0,23.0,0.0,0.0,0.0,0.0,0.0,0.0,23.0,14999397,0.0015,0.0,Growth,2025,9,September,Sunday,1
2025-09-29,Jammu and Kashmir,52.0,8.0,0.0,60.0,0.0,0.0,0.0,0.0,0.0,0.0,60.0,14999397,0.004,0.0,Growth,2025,9,September,Monday,0
2025-09-30,Jammu and Kashmir,3.0,3.0,0.0,6.0,0.0,0.0,0.0,0.0,0.0,0.0,6.0,14999397,0.0004,0.0,Growth,2025,9,September,Tuesday,0
2025-10-13,Jammu and Kashmir,700.0,166.0,7.0,873.0,82.0,871.0,953.0,24.0,9.0,33.0,1859.0,14999397,0.0582,1.13,Growth,2025,10,October,Monday,0
2025-10-15,Jammu and Kashmir,509.0,97.0,4.0,610.0,357.0,2482.0,2839.0,2888.0,1452.0,4340.0,7789.0,14999397,0.0407,11.75,Maintenance,2025,10,October,Wednesday,0
2025-10-16,Jammu and Kashmir,300.0,71.0,1.0,372.0,482.0,2822.0,3304.0,2947.0,1417.0,4364.0,8040.0,14999397,0.0248,20.56,Maintenance,2025,10,October,Thursday,0
2025-10-17,Jammu and Kashmir,1052.0,248.0,4.0,1304.0,252.0,2156.0,2408.0,4219.0,1580.0,5799.0,9511.0,14999397,0.0869,6.29,Maintenance,2025,10,October,Friday,0
2025-10-18,Jammu and Kashmir,578.0,90.0,7.0,675.0,129.0,770.0,899.0,3367.0,1514.0,4881.0,6455.0,14999397,0.045,8.55,Maintenance,2025,10,October,Saturday,1
2025-10-19,Jammu and Kashmir,727.0,115.0,1.0,843.0,298.0,1881.0,2179.0,3796.0,1744.0,5540.0,8562.0,14999397,0.0562,9.15,Maintenance,2025,10,October,Sunday,1
2025-10-20,Jammu and Kashmir,292.0,51.0,0.0,343.0,135.0,917.0,1052.0,365.0,323.0,688.0,2083.0,14999397,0.0229,5.06,Maintenance,2025,10,October,Monday,0
2025-10-21,Jammu and Kashmir,61.0,20.0,0.0,81.0,78.0,259.0,337.0,202.0,146.0,348.0,766.0,14999397,0.0054,8.35,Maintenance,2025,10,October,Tuesday,0
2025-10-22,Jammu and Kashmir,4.0,0.0,0.0,4.0,31.0,83.0,114.0,28.0,11.0,39.0,157.0,14999397,0.0003,30.6,Maintenance,2025,10,October,Wednesday,0
2025-10-23,Jammu and Kashmir,3.0,0.0,1.0,4.0,24.0,141.0,165.0,63.0,41.0,104.0,273.0,14999397,0.0003,53.8,Maintenance,2025,10,October,Thursday,0
2025-10-24,Jammu and Kashmir,377.0,95.0,4.0,476.0,427.0,3568.0,3995.0,2369.0,1053.0,3422.0,7893.0,14999397,0.0317,15.55,Maintenance,2025,10,October,Friday,0
2025-10-25,Jammu and Kashmir,687.0,150.0,7.0,844.0,268.0,2494.0,2762.0,4867.0,2604.0,7471.0,11077.0,14999397,0.0563,12.11,Maintenance,2025,10,October,Saturday,1
2025-10-26,Jammu and Kashmir,232.0,68.0,4.0,304.0,258.0,2202.0,2460.0,4682.0,2757.0,7439.0,10203.0,14999397,0.0203,32.46,Maintenance,2025,10,October,Sunday,1
2025-10-27,Jammu and Kashmir,365.0,86.0,5.0,456.0,142.0,1315.0,1457.0,2963.0,2058.0,5021.0,6934.0,14999397,0.0304,14.18,Maintenance,2025,10,October,Monday,0
2025-10-28,Jammu and Kashmir,365.0,82.0,7.0,454.0,250.0,1981.0,2231.0,1746.0,1210.0,2956.0,5641.0,14999397,0.0303,11.4,Maintenance,2025,10,October,Tuesday,0
2025-10-29,Jammu and Kashmir,346.0,75.0,33.0,454.0,112.0,1577.0,1689.0,1798.0,1032.0,2830.0,4973.0,14999397,0.0303,9.93,Maintenance,2025,10,October,Wednesday,0
2025-10-30,Jammu and Kashmir,1426.0,307.0,7.0,1740.0,319.0,2075.0,2394.0,3913.0,1869.0,5782.0,9916.0,14999397,0.116,4.7,Growth,2025,10,October,Thursday,0
2025-10-31,Jammu and Kashmir,431.0,135.0,4.0,570.0,386.0,2162.0,2548.0,5081.0,1987.0,7068.0,10186.0,14999397,0.038,16.84,Maintenance,2025,10,October,Friday,0
2025-11-01,Jammu and Kashmir,102.0,19.0,2.0,123.0,420.0,2818.0,3238.0,2848.0,1271.0,4119.0,7480.0,14999397,0.0082,59.33,Maintenance,2025,11,November,Saturday,1
2025-11-02,Jammu and Kashmir,986.0,241.0,0.0,1227.0,191.0,592.0,783.0,2512.0,1178.0,3690.0,5700.0,14999397,0.0818,3.64,Growth,2025,11,November,Sunday,1
2025-11-03,Jammu and Kashmir,310.0,87.0,4.0,401.0,196.0,1453.0,1649.0,1890.0,1105.0,2995.0,5045.0,14999397,0.0267,11.55,Maintenance,2025,11,November,Monday,0
2025-11-04,Jammu and Kashmir,6.0,2.0,0.0,8.0,211.0,1830.0,2041.0,4758.0,2083.0,6841.0,8890.0,14999397,0.0005,986.89,Maintenance,2025,11,November,Tuesday,0
2025-11-05,Jammu and Kashmir,489.0,134.0,59.0,682.0,253.0,1001.0,1254.0,1894.0,1203.0,3097.0,5033.0,14999397,0.0455,6.37,Maintenance,2025,11,November,Wednesday,0
2025-11-06,Jammu and Kashmir,323.0,72.0,76.0,471.0,787.0,4423.0,5210.0,2536.0,1621.0,4157.0,9838.0,14999397,0.0314,19.85,Maintenance,2025,11,November,Thursday,0
2025-11-07,Jammu and Kashmir,468.0,88.0,51.0,607.0,264.0,1799.0,2063.0,4083.0,2153.0,6236.0,8906.0,14999397,0.0405,13.65,Maintenance,2025,11,November,Friday,0
2025-11-08,Jammu and Kashmir,500.0,133.0,21.0,654.0,348.0,2073.0,2421.0,3242.0,1531.0,4773.0,7848.0,14999397,0.0436,10.98,Maintenance,2025,11,November,Saturday,1
2025-11-09,Jammu and Kashmir,672.0,131.0,0.0,803.0,131.0,402.0,533.0,1225.0,680.0,1905.0,3241.0,14999397,0.0535,3.03,Growth,2025,11,November,Sunday,1
2025-11-10,Jammu and Kashmir,684.0,127.0,3.0,814.0,319.0,2140.0,2459.0,3023.0,1253.0,4276.0,7549.0,14999397,0.0543,8.26,Maintenance,2025,11,November,Monday,0
2025-11-11,Jammu and Kashmir,412.0,89.0,3.0,504.0,300.0,1686.0,1986.0,2792.0,1143.0,3935.0,6425.0,14999397,0.0336,11.72,Maintenance,2025,11,November,Tuesday,0
2025-11-12,Jammu and Kashmir,239.0,57.0,2.0,298.0,331.0,2716.0,3047.0,5109.0,1982.0,7091.0,10436.0,14999397,0.0199,33.91,Maintenance,2025,11,November,Wednesday,0
2025-11-13,Jammu and Kashmir,269.0,45.0,2.0,316.0,154.0,992.0,1146.0,3944.0,1683.0,5627.0,7089.0,14999397,0.0211,21.37,Maintenance,2025,11,November,Thursday,0
2025-11-14,Jammu and Kashmir,326.0,62.0,2.0,390.0,191.0,1230.0,1421.0,5262.0,1754.0,7016.0,8827.0,14999397,0.026,21.58,Maintenance,2025,11,November,Friday,0
2025-11-15,Jammu and Kashmir,1931.0,384.0,4.0,2319.0,262.0,2228.0,2490.0,3245.0,1118.0,4363.0,9172.0,14999397,0.1546,2.95,Growth,2025,11,November,Saturday,1
2025-11-16,Jammu and Kashmir,591.0,137.0,2.0,730.0,289.0,939.0,1228.0,2442.0,1033.0,3475.0,5433.0,14999397,0.0487,6.43,Maintenance,2025,11,November,Sunday,1
2025-11-17,Jammu and Kashmir,234.0,55.0,3.0,292.0,270.0,1648.0,1918.0,2719.0,1325.0,4044.0,6254.0,14999397,0.0195,20.35,Maintenance,2025,11,November,Monday,0
2025-11-18,Jammu and Kashmir,535.0,149.0,4.0,688.0,282.0,2540.0,2822.0,4006.0,1677.0,5683.0,9193.0,14999397,0.0459,12.34,Maintenance,2025,11,November,Tuesday,0
2025-11-19,Jammu and Kashmir,1265.0,286.0,56.0,1607.0,320.0,3163.0,3483.0,2241.0,996.0,3237.0,8327.0,14999397,0.1071,4.18,Growth,2025,11,November,Wednesday,0
2025-11-25,Jammu and Kashmir,711.0,136.0,7.0,854.0,166.0,745.0,911.0,13749.0,3242.0,16991.0,18756.0,14999397,0.0569,20.94,Maintenance,2025,11,November,Tuesday,0
2025-11-26,Jammu and Kashmir,0.0,0.0,0.0,0.0,197.0,1677.0,1874.0,0.0,0.0,0.0,1874.0,14999397,0.0,1874.0,Maintenance,2025,11,November,Wednesday,0
2025-11-27,Jammu and Kashmir,0.0,0.0,0.0,0.0,497.0,3514.0,4011.0,0.0,0.0,0.0,4011.0,14999397,0.0,4011.0,Maintenance,2025,11,November,Thursday,0
2025-11-28,Jammu and Kashmir,0.0,0.0,0.0,0.0,590.0,2991.0,3581.0,0.0,0.0,0.0,3581.0,14999397,0.0,3581.0,Maintenance,2025,11,November,Friday,0
2025-11-29,Jammu and Kashmir,0.0,0.0,0.0,0.0,147.0,938.0,1085.0,0.0,0.0,0.0,1085.0,14999397,0.0,1085.0,Maintenance,2025,11,November,Saturday,1
2025-12-01,Jammu and Kashmir,0.0,0.0,0.0,0.0,321.0,1483.0,1804.0,3059.0,909.0,3968.0,5772.0,14999397,0.0,5772.0,Maintenance,2025,12,December,Monday,0
2025-12-02,Jammu and Kashmir,0.0,0.0,0.0,0.0,505.0,3010.0,3515.0,5726.0,1745.0,7471.0,10986.0,14999397,0.0,10986.0,Maintenance,2025,12,December,Tuesday,0
2025-12-03,Jammu and Kashmir,0.0,0.0,0.0,0.0,634.0,3201.0,3835.0,5461.0,2238.0,7699.0,11534.0,14999397,0.0,11534.0,Maintenance,2025,12,December,Wednesday,0
2025-12-04,Jammu and Kashmir,0.0,0.0,0.0,0.0,849.0,4546.0,5395.0,3777.0,1677.0,5454.0,10849.0,14999397,0.0,10849.0,Maintenance,2025,12,December,Thursday,0
2025-12-05,Jammu and Kashmir,0.0,0.0,0.0,0.0,444.0,2404.0,2848.0,3012.0,1672.0,4684.0,7532.0,14999397,0.0,7532.0,Maintenance,2025,12,December,Friday,0
2025-12-06,Jammu and Kashmir,0.0,0.0,0.0,0.0,435.0,2826.0,3261.0,3530.0,1927.0,5457.0,8718.0,14999397,0.0,8718.0,Maintenance,2025,12,December,Saturday,1
2025-12-07,Jammu and Kashmir,0.0,0.0,0.0,0.0,248.0,1066.0,1314.0,1891.0,1112.0,3003.0,4317.0,14999397,0.0,4317.0,Maintenance,2025,12,December,Sunday,1
2025-12-08,Jammu and Kashmir,0.0,0.0,0.0,0.0,844.0,4310.0,5154.0,3435.0,1828.0,5263.0,10417.0,14999397,0.0,10417.0,Maintenance,2025,12,December,Monday,0
2025-12-09,Jammu and Kashmir,0.0,0.0,0.0,0.0,421.0,2804.0,3225.0,3956.0,2086.0,6042.0,9267.0,14999397,0.0,9267.0,Maintenance,2025,12,December,Tuesday,0
2025-12-10,Jammu and Kashmir,0.0,0.0,0.0,0.0,289.0,1883.0,2172.0,3364.0,1702.0,5066.0,7238.0,14999397,0.0,7238.0,Maintenance,2025,12,December,Wednesday,0
2025-12-11,Jammu and Kashmir,0.0,0.0,0.0,0.0,334.0,2448.0,2782.0,3372.0,1950.0,5322.0,8104.0,14999397,0.0,8104.0,Maintenance,2025,12,December,Thursday,0
2025-12-12,Jammu and Kashmir,0.0,0.0,0.0,0.0,575.0,3619.0,4194.0,3589.0,2066.0,5655.0,9849.0,14999397,0.0,9849.0,Maintenance,2025,12,December,Friday,0
2025-12-13,Jammu and Kashmir,0.0,0.0,0.0,0.0,172.0,911.0,1083.0,3250.0,1878.0,5128.0,6211.0,14999397,0.0,6211.0,Maintenance,2025,12,December,Saturday,1
2025-12-14,Jammu and Kashmir,0.0,0.0,0.0,0.0,199.0,928.0,1127.0,1288.0,932.0,2220.0,3347.0,14999397,0.0,3347.0,Maintenance,2025,12,December,Sunday,1
2025-12-15,Jammu and Kashmir,1607.0,222.0,5.0,1834.0,365.0,2508.0,2873.0,2395.0,1347.0,3742.0,8449.0,14999397,0.1223,3.6,Growth,2025,12,December,Monday,0
2025-12-16,Jammu and Kashmir,0.0,0.0,0.0,0.0,596.0,3742.0,4338.0,4947.0,2471.0,7418.0,11756.0,14999397,0.0,11756.0,Maintenance,2025,12,December,Tuesday,0
2025-12-18,Jammu and Kashmir,0.0,0.0,0.0,0.0,39.0,384.0,423.0,670.0,270.0,940.0,1363.0,14999397,0.0,1363.0,Maintenance,2025,12,December,Thursday,0
2025-12-19,Jammu and Kashmir,0.0,0.0,0.0,0.0,464.0,2713.0,3177.0,5233.0,2292.0,7525.0,10702.0,14999397,0.0,10702.0,Maintenance,2025,12,December,Friday,0
2025-12-20,Jammu and Kashmir,0.0,0.0,0.0,0.0,375.0,1944.0,2319.0,1802.0,945.0,2747.0,5066.0,14999397,0.0,5066.0,Maintenance,2025,12,December,Saturday,1
2025-12-21,Jammu and Kashmir,504.0,0.0,0.0,504.0,202.0,792.0,994.0,0.0,0.0,0.0,1498.0,14999397,0.0336,1.97,Growth,2025,12,December,Sunday,1
2025-12-22,Jammu and Kashmir,1789.0,4.0,0.0,1793.0,180.0,1436.0,1616.0,0.0,0.0,0.0,3409.0,14999397,0.1195,0.9,Growth,2025,12,December,Monday,0
2025-12-23,Jammu and Kashmir,705.0,1.0,0.0,706.0,884.0,5108.0,5992.0,2.0,0.0,2.0,6700.0,14999397,0.0471,8.48,Maintenance,2025,12,December,Tuesday,0
2025-12-24,Jammu and Kashmir,636.0,56.0,10.0,702.0,276.0,1987.0,2263.0,0.0,0.0,0.0,2965.0,14999397,0.0468,3.22,Growth,2025,12,December,Wednesday,0
2025-12-25,Jammu and Kashmir,377.0,121.0,3.0,501.0,246.0,1440.0,1686.0,4911.0,2405.0,7316.0,9503.0,14999397,0.0334,17.93,Maintenance,2025,12,December,Thursday,0
2025-12-26,Jammu and Kashmir,701.0,69.0,5.0,775.0,701.0,4645.0,5346.0,4123.0,3073.0,7196.0,13317.0,14999397,0.0517,16.16,Maintenance,2025,12,December,Friday,0
2025-12-27,Jammu and Kashmir,937.0,79.0,18.0,1034.0,556.0,4767.0,5323.0,4357.0,2832.0,7189.0,13546.0,14999397,0.0689,12.09,Maintenance,2025,12,December,Saturday,1
2025-12-28,Jammu and Kashmir,841.0,86.0,0.0,927.0,374.0,1579.0,1953.0,924.0,1019.0,1943.0,4823.0,14999397,0.0618,4.2,Growth,2025,12,December,Sunday,1
2025-12-29,Jammu and Kashmir,1524.0,61.0,0.0,1585.0,226.0,1603.0,1829.0,3266.0,1948.0,5214.0,8628.0,14999397,0.1057,4.44,Growth,2025,12,December,Monday,0
2025-12-31,Jammu and Kashmir,845.0,394.0,4.0,1243.0,0.0,0.0,0.0,0.0,0.0,0.0,1243.0,14999397,0.0829,0.0,Growth,2025,12,December,Wednesday,0
2025-03-01,Jharkhand,0.0,0.0,0.0,0.0,22953.0,535664.0,558617.0,142789.0,187497.0,330286.0,888903.0,36480000,0.0,888903.0,Maintenance,2025,3,March,Saturday,1
2025-03-27,Jharkhand,12.0,25.0,18.0,55.0,0.0,0.0,0.0,0.0,0.0,0.0,55.0,36480000,0.0015,0.0,Growth,2025,3,March,Thursday,0
2025-04-01,Jharkhand,2026.0,1496.0,184.0,3706.0,606.0,5520.0,6126.0,185766.0,193196.0,378962.0,388794.0,36480000,0.1016,103.88,Maintenance,2025,4,April,Tuesday,0
2025-05-01,Jharkhand,0.0,0.0,0.0,0.0,320.0,3226.0,3546.0,99271.0,133125.0,232396.0,235942.0,36480000,0.0,235942.0,Maintenance,2025,5,May,Thursday,0
2025-06-01,Jharkhand,1564.0,1644.0,116.0,3324.0,0.0,0.0,0.0,82593.0,116336.0,198929.0,202253.0,36480000,0.0911,59.83,Maintenance,2025,6,June,Sunday,1
2025-07-01,Jharkhand,5707.0,5194.0,332.0,11233.0,0.0,0.0,0.0,95157.0,161641.0,256798.0,268031.0,36480000,0.3079,22.86,Maintenance,2025,7,July,Tuesday,0
2025-09-01,Jharkhand,1658.0,1155.0,19.0,2832.0,1473.0,16742.0,18215.0,5039.0,7364.0,12403.0,33450.0,36480000,0.0776,10.81,Maintenance,2025,9,September,Monday,0
2025-09-02,Jharkhand,1452.0,1062.0,7.0,2521.0,1292.0,12718.0,14010.0,5133.0,7355.0,12488.0,29019.0,36480000,0.0691,10.51,Maintenance,2025,9,September,Tuesday,0
2025-09-03,Jharkhand,612.0,384.0,10.0,1006.0,624.0,5992.0,6616.0,976.0,1506.0,2482.0,10104.0,36480000,0.0276,9.03,Maintenance,2025,9,September,Wednesday,0
2025-09-04,Jharkhand,733.0,448.0,9.0,1190.0,491.0,4317.0,4808.0,1683.0,2557.0,4240.0,10238.0,36480000,0.0326,7.6,Maintenance,2025,9,September,Thursday,0
2025-09-05,Jharkhand,425.0,249.0,2.0,676.0,515.0,4959.0,5474.0,484.0,872.0,1356.0,7506.0,36480000,0.0185,10.09,Maintenance,2025,9,September,Friday,0
2025-09-06,Jharkhand,1442.0,926.0,6.0,2374.0,581.0,5504.0,6085.0,2857.0,3727.0,6584.0,15043.0,36480000,0.0651,5.33,Maintenance,2025,9,September,Saturday,1
2025-09-07,Jharkhand,410.0,230.0,5.0,645.0,229.0,2146.0,2375.0,455.0,676.0,1131.0,4151.0,36480000,0.0177,5.43,Maintenance,2025,9,September,Sunday,1
2025-09-08,Jharkhand,1681.0,1130.0,19.0,2830.0,1905.0,19936.0,21841.0,4611.0,6802.0,11413.0,36084.0,36480000,0.0776,11.75,Maintenance,2025,9,September,Monday,0
2025-09-09,Jharkhand,1687.0,1153.0,12.0,2852.0,1582.0,17667.0,19249.0,5180.0,7407.0,12587.0,34688.0,36480000,0.0782,11.16,Maintenance,2025,9,September,Tuesday,0
2025-09-10,Jharkhand,1579.0,1033.0,8.0,2620.0,1652.0,18037.0,19689.0,3788.0,5342.0,9130.0,31439.0,36480000,0.0718,11.0,Maintenance,2025,9,September,Wednesday,0
2025-09-11,Jharkhand,1324.0,953.0,6.0,2283.0,979.0,10085.0,11064.0,4873.0,6296.0,11169.0,24516.0,36480000,0.0626,9.73,Maintenance,2025,9,September,Thursday,0
2025-09-12,Jharkhand,1523.0,973.0,5.0,2501.0,1183.0,11912.0,13095.0,4972.0,6551.0,11523.0,27119.0,36480000,0.0686,9.84,Maintenance,2025,9,September,Friday,0
2025-09-13,Jharkhand,1191.0,718.0,5.0,1914.0,949.0,9768.0,10717.0,3431.0,4272.0,7703.0,20334.0,36480000,0.0525,9.62,Maintenance,2025,9,September,Saturday,1
2025-09-14,Jharkhand,401.0,222.0,0.0,623.0,278.0,2891.0,3169.0,449.0,606.0,1055.0,4847.0,36480000,0.0171,6.77,Maintenance,2025,9,September,Sunday,1
2025-09-15,Jharkhand,832.0,559.0,1.0,1392.0,924.0,9996.0,10920.0,3816.0,5126.0,8942.0,21254.0,36480000,0.0382,14.26,Maintenance,2025,9,September,Monday,0
2025-09-16,Jharkhand,1282.0,805.0,6.0,2093.0,877.0,10494.0,11371.0,5375.0,6867.0,12242.0,25706.0,36480000,0.0574,11.28,Maintenance,2025,9,September,Tuesday,0
2025-09-17,Jharkhand,513.0,274.0,0.0,787.0,540.0,6352.0,6892.0,1239.0,1802.0,3041.0,10720.0,36480000,0.0216,12.61,Maintenance,2025,9,September,Wednesday,0
2025-09-18,Jharkhand,1363.0,774.0,6.0,2143.0,1067.0,16064.0,17131.0,5049.0,6821.0,11870.0,31144.0,36480000,0.0587,13.53,Maintenance,2025,9,September,Thursday,0
2025-09-19,Jharkhand,1249.0,747.0,2.0,1998.0,557.0,7735.0,8292.0,4970.0,6633.0,11603.0,21893.0,36480000,0.0548,9.95,Maintenance,2025,9,September,Friday,0
2025-09-20,Jharkhand,1211.0,712.0,1.0,1924.0,769.0,9702.0,10471.0,4723.0,5701.0,10424.0,22819.0,36480000,0.0527,10.85,Maintenance,2025,9,September,Saturday,1
2025-09-21,Jharkhand,120.0,90.0,1.0,211.0,0.0,0.0,0.0,0.0,0.0,0.0,211.0,36480000,0.0058,0.0,Growth,2025,9,September,Sunday,1
2025-09-22,Jharkhand,511.0,400.0,0.0,911.0,0.0,0.0,0.0,0.0,0.0,0.0,911.0,36480000,0.025,0.0,Growth,2025,9,September,Monday,0
2025-09-23,Jharkhand,880.0,731.0,7.0,1618.0,0.0,0.0,0.0,0.0,0.0,0.0,1618.0,36480000,0.0444,0.0,Growth,2025,9,September,Tuesday,0
2025-09-24,Jharkhand,1132.0,707.0,4.0,1843.0,0.0,0.0,0.0,0.0,0.0,0.0,1843.0,36480000,0.0505,0.0,Growth,2025,9,September,Wednesday,0
2025-09-25,Jharkhand,1162.0,595.0,5.0,1762.0,0.0,0.0,0.0,0.0,0.0,0.0,1762.0,36480000,0.0483,0.0,Growth,2025,9,September,Thursday,0
2025-09-26,Jharkhand,824.0,425.0,1.0,1250.0,0.0,0.0,0.0,0.0,0.0,0.0,1250.0,36480000,0.0343,0.0,Growth,2025,9,September,Friday,0
2025-09-27,Jharkhand,284.0,131.0,1.0,416.0,0.0,0.0,0.0,0.0,0.0,0.0,416.0,36480000,0.0114,0.0,Growth,2025,9,September,Saturday,1
2025-09-28,Jharkhand,44.0,15.0,0.0,59.0,0.0,0.0,0.0,0.0,0.0,0.0,59.0,36480000,0.0016,0.0,Growth,2025,9,September,Sunday,1
2025-09-29,Jharkhand,45.0,42.0,0.0,87.0,0.0,0.0,0.0,0.0,0.0,0.0,87.0,36480000,0.0024,0.0,Growth,2025,9,September,Monday,0
2025-09-30,Jharkhand,0.0,4.0,0.0,4.0,0.0,0.0,0.0,0.0,0.0,0.0,4.0,36480000,0.0001,0.0,Growth,2025,9,September,Tuesday,0
2025-10-13,Jharkhand,1926.0,1032.0,73.0,3031.0,435.0,6060.0,6495.0,19.0,27.0,46.0,9572.0,36480000,0.0831,2.16,Growth,2025,10,October,Monday,0
2025-10-15,Jharkhand,1383.0,727.0,44.0,2154.0,1028.0,11926.0,12954.0,4612.0,5246.0,9858.0,24966.0,36480000,0.059,10.59,Maintenance,2025,10,October,Wednesday,0
2025-10-16,Jharkhand,716.0,451.0,24.0,1191.0,1281.0,13475.0,14756.0,4768.0,5547.0,10315.0,26262.0,36480000,0.0326,21.03,Maintenance,2025,10,October,Thursday,0
2025-10-17,Jharkhand,2796.0,1675.0,7.0,4478.0,783.0,11020.0,11803.0,3385.0,3843.0,7228.0,23509.0,36480000,0.1228,4.25,Growth,2025,10,October,Friday,0
2025-10-18,Jharkhand,1192.0,665.0,11.0,1868.0,274.0,3016.0,3290.0,4319.0,4928.0,9247.0,14405.0,36480000,0.0512,6.71,Maintenance,2025,10,October,Saturday,1
2025-10-19,Jharkhand,1579.0,635.0,5.0,2219.0,936.0,6857.0,7793.0,3220.0,4003.0,7223.0,17235.0,36480000,0.0608,6.76,Maintenance,2025,10,October,Sunday,1
2025-10-20,Jharkhand,334.0,170.0,0.0,504.0,241.0,1645.0,1886.0,67.0,127.0,194.0,2584.0,36480000,0.0138,4.12,Growth,2025,10,October,Monday,0
2025-10-21,Jharkhand,123.0,69.0,0.0,192.0,302.0,1499.0,1801.0,146.0,216.0,362.0,2355.0,36480000,0.0053,11.21,Maintenance,2025,10,October,Tuesday,0
2025-10-22,Jharkhand,7.0,1.0,2.0,10.0,62.0,166.0,228.0,10.0,15.0,25.0,263.0,36480000,0.0003,23.0,Maintenance,2025,10,October,Wednesday,0
2025-10-23,Jharkhand,1.0,0.0,10.0,11.0,70.0,449.0,519.0,159.0,177.0,336.0,866.0,36480000,0.0003,71.25,Maintenance,2025,10,October,Thursday,0
2025-10-24,Jharkhand,705.0,417.0,11.0,1133.0,925.0,10300.0,11225.0,3146.0,3613.0,6759.0,19117.0,36480000,0.0311,15.86,Maintenance,2025,10,October,Friday,0
2025-10-25,Jharkhand,1176.0,711.0,4.0,1891.0,824.0,11462.0,12286.0,2681.0,3454.0,6135.0,20312.0,36480000,0.0518,9.74,Maintenance,2025,10,October,Saturday,1
2025-10-26,Jharkhand,552.0,379.0,3.0,934.0,534.0,7847.0,8381.0,5423.0,6706.0,12129.0,21444.0,36480000,0.0256,21.94,Maintenance,2025,10,October,Sunday,1
2025-10-27,Jharkhand,412.0,284.0,0.0,696.0,295.0,3302.0,3597.0,2990.0,4358.0,7348.0,11641.0,36480000,0.0191,15.7,Maintenance,2025,10,October,Monday,0
2025-10-28,Jharkhand,724.0,464.0,3.0,1191.0,345.0,2869.0,3214.0,1251.0,1905.0,3156.0,7561.0,36480000,0.0326,5.34,Maintenance,2025,10,October,Tuesday,0
2025-10-29,Jharkhand,486.0,309.0,27.0,822.0,503.0,3712.0,4215.0,1269.0,1899.0,3168.0,8205.0,36480000,0.0225,8.97,Maintenance,2025,10,October,Wednesday,0
2025-10-30,Jharkhand,1244.0,654.0,13.0,1911.0,578.0,6339.0,6917.0,1088.0,1631.0,2719.0,11547.0,36480000,0.0524,5.04,Maintenance,2025,10,October,Thursday,0
2025-10-31,Jharkhand,821.0,516.0,2.0,1339.0,668.0,9257.0,9925.0,1589.0,2375.0,3964.0,15228.0,36480000,0.0367,10.36,Maintenance,2025,10,October,Friday,0
2025-11-01,Jharkhand,204.0,146.0,9.0,359.0,787.0,10772.0,11559.0,1098.0,1675.0,2773.0,14691.0,36480000,0.0098,39.81,Maintenance,2025,11,November,Saturday,1
2025-11-02,Jharkhand,2415.0,1483.0,2.0,3900.0,349.0,2450.0,2799.0,4115.0,6459.0,10574.0,17273.0,36480000,0.1069,3.43,Growth,2025,11,November,Sunday,1
2025-11-03,Jharkhand,596.0,360.0,4.0,960.0,938.0,10558.0,11496.0,4066.0,6619.0,10685.0,23141.0,36480000,0.0263,23.08,Maintenance,2025,11,November,Monday,0
2025-11-04,Jharkhand,36.0,13.0,0.0,49.0,715.0,11689.0,12404.0,942.0,1700.0,2642.0,15095.0,36480000,0.0013,300.92,Maintenance,2025,11,November,Tuesday,0
2025-11-05,Jharkhand,2245.0,1084.0,3.0,3332.0,424.0,3660.0,4084.0,2853.0,4757.0,7610.0,15026.0,36480000,0.0913,3.51,Growth,2025,11,November,Wednesday,0
2025-11-06,Jharkhand,1118.0,514.0,14.0,1646.0,1846.0,16345.0,18191.0,6878.0,10394.0,17272.0,37109.0,36480000,0.0451,21.53,Maintenance,2025,11,November,Thursday,0
2025-11-07,Jharkhand,1472.0,808.0,20.0,2300.0,844.0,9109.0,9953.0,3157.0,4794.0,7951.0,20204.0,36480000,0.063,7.78,Maintenance,2025,11,November,Friday,0
2025-11-08,Jharkhand,1552.0,859.0,27.0,2438.0,879.0,9830.0,10709.0,2457.0,3755.0,6212.0,19359.0,36480000,0.0668,6.94,Maintenance,2025,11,November,Saturday,1
2025-11-09,Jharkhand,1726.0,780.0,3.0,2509.0,364.0,2345.0,2709.0,3460.0,5333.0,8793.0,14011.0,36480000,0.0688,4.58,Growth,2025,11,November,Sunday,1
2025-11-10,Jharkhand,1899.0,1020.0,12.0,2931.0,1020.0,10301.0,11321.0,3672.0,5750.0,9422.0,23674.0,36480000,0.0803,7.07,Maintenance,2025,11,November,Monday,0
2025-11-11,Jharkhand,1320.0,729.0,24.0,2073.0,971.0,9157.0,10128.0,3503.0,5769.0,9272.0,21473.0,36480000,0.0568,9.35,Maintenance,2025,11,November,Tuesday,0
2025-11-12,Jharkhand,781.0,487.0,3.0,1271.0,1035.0,13367.0,14402.0,3990.0,6406.0,10396.0,26069.0,36480000,0.0348,19.5,Maintenance,2025,11,November,Wednesday,0
2025-11-13,Jharkhand,681.0,371.0,7.0,1059.0,456.0,4453.0,4909.0,3868.0,6765.0,10633.0,16601.0,36480000,0.029,14.66,Maintenance,2025,11,November,Thursday,0
2025-11-14,Jharkhand,922.0,523.0,7.0,1452.0,670.0,6567.0,7237.0,1986.0,3153.0,5139.0,13828.0,36480000,0.0398,8.52,Maintenance,2025,11,November,Friday,0
2025-11-15,Jharkhand,4409.0,2528.0,4.0,6941.0,782.0,7745.0,8527.0,1790.0,2901.0,4691.0,20159.0,36480000,0.1903,1.9,Growth,2025,11,November,Saturday,1
2025-11-16,Jharkhand,1339.0,762.0,2.0,2103.0,342.0,2206.0,2548.0,3854.0,5973.0,9827.0,14478.0,36480000,0.0576,5.88,Maintenance,2025,11,November,Sunday,1
2025-11-17,Jharkhand,697.0,398.0,26.0,1121.0,722.0,7808.0,8530.0,4325.0,7026.0,11351.0,21002.0,36480000,0.0307,17.72,Maintenance,2025,11,November,Monday,0
2025-11-18,Jharkhand,961.0,577.0,11.0,1549.0,1264.0,14258.0,15522.0,3549.0,5887.0,9436.0,26507.0,36480000,0.0425,16.1,Maintenance,2025,11,November,Tuesday,0
2025-11-19,Jharkhand,3155.0,1365.0,63.0,4583.0,1437.0,14572.0,16009.0,1370.0,2430.0,3800.0,24392.0,36480000,0.1256,4.32,Growth,2025,11,November,Wednesday,0
2025-11-25,Jharkhand,1306.0,544.0,6.0,1856.0,338.0,2576.0,2914.0,7056.0,8524.0,15580.0,20350.0,36480000,0.0509,9.96,Maintenance,2025,11,November,Tuesday,0
2025-11-26,Jharkhand,0.0,0.0,0.0,0.0,504.0,6400.0,6904.0,0.0,0.0,0.0,6904.0,36480000,0.0,6904.0,Maintenance,2025,11,November,Wednesday,0
2025-11-27,Jharkhand,0.0,0.0,0.0,0.0,1924.0,22340.0,24264.0,0.0,0.0,0.0,24264.0,36480000,0.0,24264.0,Maintenance,2025,11,November,Thursday,0
2025-11-28,Jharkhand,0.0,0.0,0.0,0.0,1170.0,12418.0,13588.0,0.0,0.0,0.0,13588.0,36480000,0.0,13588.0,Maintenance,2025,11,November,Friday,0
2025-11-29,Jharkhand,0.0,0.0,0.0,0.0,598.0,5853.0,6451.0,0.0,0.0,0.0,6451.0,36480000,0.0,6451.0,Maintenance,2025,11,November,Saturday,1
2025-12-01,Jharkhand,0.0,0.0,0.0,0.0,653.0,5918.0,6571.0,4456.0,4126.0,8582.0,15153.0,36480000,0.0,15153.0,Maintenance,2025,12,December,Monday,0
2025-12-02,Jharkhand,0.0,0.0,0.0,0.0,1349.0,13488.0,14837.0,5617.0,5632.0,11249.0,26086.0,36480000,0.0,26086.0,Maintenance,2025,12,December,Tuesday,0
2025-12-03,Jharkhand,0.0,0.0,0.0,0.0,1170.0,9517.0,10687.0,5277.0,6514.0,11791.0,22478.0,36480000,0.0,22478.0,Maintenance,2025,12,December,Wednesday,0
2025-12-04,Jharkhand,0.0,0.0,0.0,0.0,1933.0,17362.0,19295.0,5095.0,6327.0,11422.0,30717.0,36480000,0.0,30717.0,Maintenance,2025,12,December,Thursday,0
2025-12-05,Jharkhand,0.0,0.0,0.0,0.0,866.0,7885.0,8751.0,2990.0,4071.0,7061.0,15812.0,36480000,0.0,15812.0,Maintenance,2025,12,December,Friday,0
2025-12-06,Jharkhand,0.0,0.0,0.0,0.0,1081.0,9775.0,10856.0,3018.0,3509.0,6527.0,17383.0,36480000,0.0,17383.0,Maintenance,2025,12,December,Saturday,1
2025-12-07,Jharkhand,0.0,0.0,0.0,0.0,458.0,2876.0,3334.0,3677.0,4672.0,8349.0,11683.0,36480000,0.0,11683.0,Maintenance,2025,12,December,Sunday,1
2025-12-08,Jharkhand,0.0,0.0,0.0,0.0,1724.0,15960.0,17684.0,2864.0,3972.0,6836.0,24520.0,36480000,0.0,24520.0,Maintenance,2025,12,December,Monday,0
2025-12-09,Jharkhand,0.0,0.0,0.0,0.0,871.0,8636.0,9507.0,4405.0,5845.0,10250.0,19757.0,36480000,0.0,19757.0,Maintenance,2025,12,December,Tuesday,0
2025-12-10,Jharkhand,0.0,0.0,0.0,0.0,782.0,7926.0,8708.0,3619.0,4398.0,8017.0,16725.0,36480000,0.0,16725.0,Maintenance,2025,12,December,Wednesday,0
2025-12-11,Jharkhand,0.0,0.0,0.0,0.0,1244.0,11078.0,12322.0,4554.0,5311.0,9865.0,22187.0,36480000,0.0,22187.0,Maintenance,2025,12,December,Thursday,0
2025-12-12,Jharkhand,0.0,0.0,0.0,0.0,1569.0,14194.0,15763.0,4554.0,5386.0,9940.0,25703.0,36480000,0.0,25703.0,Maintenance,2025,12,December,Friday,0
2025-12-13,Jharkhand,0.0,0.0,0.0,0.0,405.0,3151.0,3556.0,5557.0,6103.0,11660.0,15216.0,36480000,0.0,15216.0,Maintenance,2025,12,December,Saturday,1
2025-12-14,Jharkhand,0.0,0.0,0.0,0.0,429.0,2491.0,2920.0,618.0,684.0,1302.0,4222.0,36480000,0.0,4222.0,Maintenance,2025,12,December,Sunday,1
2025-12-15,Jharkhand,2289.0,1489.0,16.0,3794.0,561.0,6432.0,6993.0,3223.0,3595.0,6818.0,17605.0,36480000,0.104,3.64,Growth,2025,12,December,Monday,0
2025-12-16,Jharkhand,0.0,0.0,0.0,0.0,1545.0,13747.0,15292.0,6020.0,6315.0,12335.0,27627.0,36480000,0.0,27627.0,Maintenance,2025,12,December,Tuesday,0
2025-12-18,Jharkhand,0.0,0.0,0.0,0.0,122.0,1821.0,1943.0,381.0,456.0,837.0,2780.0,36480000,0.0,2780.0,Maintenance,2025,12,December,Thursday,0
2025-12-19,Jharkhand,0.0,0.0,0.0,0.0,1049.0,8577.0,9626.0,6169.0,6492.0,12661.0,22287.0,36480000,0.0,22287.0,Maintenance,2025,12,December,Friday,0
2025-12-20,Jharkhand,0.0,0.0,0.0,0.0,832.0,6044.0,6876.0,1735.0,1918.0,3653.0,10529.0,36480000,0.0,10529.0,Maintenance,2025,12,December,Saturday,1
2025-12-21,Jharkhand,906.0,18.0,0.0,924.0,566.0,2908.0,3474.0,0.0,0.0,0.0,4398.0,36480000,0.0253,3.76,Growth,2025,12,December,Sunday,1
2025-12-22,Jharkhand,2922.0,37.0,0.0,2959.0,538.0,5459.0,5997.0,1.0,0.0,1.0,8957.0,36480000,0.0811,2.03,Growth,2025,12,December,Monday,0
2025-12-23,Jharkhand,1194.0,20.0,0.0,1214.0,1543.0,13540.0,15083.0,2.0,0.0,2.0,16299.0,36480000,0.0333,12.42,Maintenance,2025,12,December,Tuesday,0
2025-12-24,Jharkhand,1052.0,430.0,25.0,1507.0,1074.0,7142.0,8216.0,0.0,0.0,0.0,9723.0,36480000,0.0413,5.45,Maintenance,2025,12,December,Wednesday,0
2025-12-25,Jharkhand,637.0,920.0,11.0,1568.0,479.0,3300.0,3779.0,5419.0,6128.0,11547.0,16894.0,36480000,0.043,9.77,Maintenance,2025,12,December,Thursday,0
2025-12-26,Jharkhand,1634.0,473.0,4.0,2111.0,1185.0,8537.0,9722.0,4316.0,5656.0,9972.0,21805.0,36480000,0.0579,9.32,Maintenance,2025,12,December,Friday,0
2025-12-27,Jharkhand,2022.0,617.0,82.0,2721.0,1460.0,10976.0,12436.0,4975.0,5161.0,10136.0,25293.0,36480000,0.0746,8.29,Maintenance,2025,12,December,Saturday,1
2025-12-28,Jharkhand,1113.0,432.0,1.0,1546.0,619.0,3332.0,3951.0,1473.0,1585.0,3058.0,8555.0,36480000,0.0424,4.53,Growth,2025,12,December,Sunday,1
2025-12-29,Jharkhand,1167.0,347.0,8.0,1522.0,460.0,4334.0,4794.0,3788.0,3610.0,7398.0,13714.0,36480000,0.0417,8.01,Maintenance,2025,12,December,Monday,0
2025-12-31,Jharkhand,1725.0,2240.0,18.0,3983.0,0.0,0.0,0.0,0.0,0.0,0.0,3983.0,36480000,0.1092,0.0,Growth,2025,12,December,Wednesday,0
2025-03-01,Karnataka,0.0,0.0,0.0,0.0,86046.0,313249.0,399295.0,134538.0,177591.0,312129.0,711424.0,66165000,0.0,711424.0,Maintenance,2025,3,March,Saturday,1
2025-03-09,Karnataka,63.0,80.0,105.0,248.0,0.0,0.0,0.0,0.0,0.0,0.0,248.0,66165000,0.0037,0.0,Growth,2025,3,March,Sunday,1
2025-03-20,Karnataka,246.0,112.0,126.0,484.0,0.0,0.0,0.0,0.0,0.0,0.0,484.0,66165000,0.0073,0.0,Growth,2025,3,March,Thursday,0
2025-04-01,Karnataka,7326.0,1165.0,1095.0,9586.0,10519.0,56719.0,67238.0,136997.0,163406.0,300403.0,377227.0,66165000,0.1449,38.35,Maintenance,2025,4,April,Tuesday,0
2025-05-01,Karnataka,2835.0,1758.0,898.0,5491.0,20199.0,86882.0,107081.0,185952.0,168074.0,354026.0,466598.0,66165000,0.083,83.96,Maintenance,2025,5,May,Thursday,0
2025-06-01,Karnataka,5863.0,3662.0,2160.0,11685.0,15555.0,69126.0,84681.0,158782.0,178722.0,337504.0,433870.0,66165000,0.1766,36.13,Maintenance,2025,6,June,Sunday,1
2025-07-01,Karnataka,8654.0,4460.0,2149.0,15263.0,11744.0,66016.0,77760.0,165546.0,208816.0,374362.0,467385.0,66165000,0.2307,29.62,Maintenance,2025,7,July,Tuesday,0
2025-09-01,Karnataka,3035.0,590.0,68.0,3693.0,1344.0,12174.0,13518.0,5609.0,7119.0,12728.0,29939.0,66165000,0.0558,7.11,Maintenance,2025,9,September,Monday,0
2025-09-02,Karnataka,2859.0,517.0,73.0,3449.0,1469.0,12932.0,14401.0,6341.0,9133.0,15474.0,33324.0,66165000,0.0521,8.66,Maintenance,2025,9,September,Tuesday,0
2025-09-03,Karnataka,2517.0,470.0,54.0,3041.0,1256.0,9336.0,10592.0,5041.0,6912.0,11953.0,25586.0,66165000,0.046,7.41,Maintenance,2025,9,September,Wednesday,0
2025-09-04,Karnataka,2432.0,460.0,57.0,2949.0,847.0,5981.0,6828.0,5577.0,7385.0,12962.0,22739.0,66165000,0.0446,6.71,Maintenance,2025,9,September,Thursday,0
2025-09-05,Karnataka,468.0,119.0,18.0,605.0,649.0,4450.0,5099.0,1537.0,1637.0,3174.0,8878.0,66165000,0.0091,13.65,Maintenance,2025,9,September,Friday,0
2025-09-06,Karnataka,2379.0,456.0,59.0,2894.0,1221.0,7840.0,9061.0,4076.0,3757.0,7833.0,19788.0,66165000,0.0437,5.84,Maintenance,2025,9,September,Saturday,1
2025-09-07,Karnataka,422.0,102.0,25.0,549.0,329.0,1699.0,2028.0,1395.0,1243.0,2638.0,5215.0,66165000,0.0083,8.48,Maintenance,2025,9,September,Sunday,1
2025-09-08,Karnataka,3083.0,546.0,54.0,3683.0,2627.0,17838.0,20465.0,6333.0,7832.0,14165.0,38313.0,66165000,0.0557,9.4,Maintenance,2025,9,September,Monday,0
2025-09-09,Karnataka,3033.0,457.0,66.0,3556.0,1911.0,14690.0,16601.0,5273.0,7576.0,12849.0,33006.0,66165000,0.0537,8.28,Maintenance,2025,9,September,Tuesday,0
2025-09-10,Karnataka,2851.0,455.0,43.0,3349.0,1749.0,12622.0,14371.0,3773.0,5594.0,9367.0,27087.0,66165000,0.0506,7.09,Maintenance,2025,9,September,Wednesday,0
2025-09-11,Karnataka,2651.0,426.0,56.0,3133.0,1116.0,9143.0,10259.0,4852.0,7368.0,12220.0,25612.0,66165000,0.0474,7.17,Maintenance,2025,9,September,Thursday,0
2025-09-12,Karnataka,2796.0,396.0,66.0,3258.0,1100.0,10355.0,11455.0,4136.0,7356.0,11492.0,26205.0,66165000,0.0492,7.04,Maintenance,2025,9,September,Friday,0
2025-09-13,Karnataka,1448.0,267.0,12.0,1727.0,1038.0,7163.0,8201.0,3711.0,4061.0,7772.0,17700.0,66165000,0.0261,9.24,Maintenance,2025,9,September,Saturday,1
2025-09-14,Karnataka,438.0,105.0,17.0,560.0,384.0,1961.0,2345.0,1426.0,1281.0,2707.0,5612.0,66165000,0.0085,9.01,Maintenance,2025,9,September,Sunday,1
2025-09-15,Karnataka,1730.0,250.0,44.0,2024.0,1496.0,14232.0,15728.0,4605.0,8568.0,13173.0,30925.0,66165000,0.0306,14.27,Maintenance,2025,9,September,Monday,0
2025-09-16,Karnataka,1942.0,261.0,56.0,2259.0,730.0,6776.0,7506.0,4699.0,7736.0,12435.0,22200.0,66165000,0.0341,8.82,Maintenance,2025,9,September,Tuesday,0
2025-09-17,Karnataka,1809.0,258.0,39.0,2106.0,1262.0,11738.0,13000.0,5049.0,7882.0,12931.0,28037.0,66165000,0.0318,12.31,Maintenance,2025,9,September,Wednesday,0
2025-09-18,Karnataka,1792.0,232.0,34.0,2058.0,1304.0,10748.0,12052.0,5295.0,7657.0,12952.0,27062.0,66165000,0.0311,12.14,Maintenance,2025,9,September,Thursday,0
2025-09-19,Karnataka,1707.0,246.0,26.0,1979.0,677.0,6070.0,6747.0,5723.0,7277.0,13000.0,21726.0,66165000,0.0299,9.97,Maintenance,2025,9,September,Friday,0
2025-09-20,Karnataka,1543.0,252.0,26.0,1821.0,1517.0,9698.0,11215.0,8912.0,6880.0,15792.0,28828.0,66165000,0.0275,14.82,Maintenance,2025,9,September,Saturday,1
2025-09-21,Karnataka,161.0,25.0,1.0,187.0,0.0,0.0,0.0,0.0,0.0,0.0,187.0,66165000,0.0028,0.0,Growth,2025,9,September,Sunday,1
2025-09-22,Karnataka,1608.0,251.0,33.0,1892.0,0.0,0.0,0.0,0.0,0.0,0.0,1892.0,66165000,0.0286,0.0,Growth,2025,9,September,Monday,0
2025-09-23,Karnataka,1672.0,240.0,30.0,1942.0,0.0,0.0,0.0,0.0,0.0,0.0,1942.0,66165000,0.0294,0.0,Growth,2025,9,September,Tuesday,0
2025-09-24,Karnataka,1801.0,233.0,20.0,2054.0,0.0,0.0,0.0,0.0,0.0,0.0,2054.0,66165000,0.031,0.0,Growth,2025,9,September,Wednesday,0
2025-09-25,Karnataka,1757.0,228.0,16.0,2001.0,0.0,0.0,0.0,0.0,0.0,0.0,2001.0,66165000,0.0302,0.0,Growth,2025,9,September,Thursday,0
2025-09-26,Karnataka,834.0,95.0,7.0,936.0,0.0,0.0,0.0,0.0,0.0,0.0,936.0,66165000,0.0141,0.0,Growth,2025,9,September,Friday,0
2025-09-27,Karnataka,189.0,48.0,11.0,248.0,0.0,0.0,0.0,0.0,0.0,0.0,248.0,66165000,0.0037,0.0,Growth,2025,9,September,Saturday,1
2025-09-28,Karnataka,79.0,20.0,2.0,101.0,0.0,0.0,0.0,0.0,0.0,0.0,101.0,66165000,0.0015,0.0,Growth,2025,9,September,Sunday,1
2025-09-29,Karnataka,236.0,44.0,6.0,286.0,0.0,0.0,0.0,0.0,0.0,0.0,286.0,66165000,0.0043,0.0,Growth,2025,9,September,Monday,0
2025-09-30,Karnataka,10.0,17.0,6.0,33.0,0.0,0.0,0.0,0.0,0.0,0.0,33.0,66165000,0.0005,0.0,Growth,2025,9,September,Tuesday,0
2025-10-13,Karnataka,3081.0,481.0,91.0,3653.0,312.0,3928.0,4240.0,24.0,43.0,67.0,7960.0,66165000,0.0552,1.18,Growth,2025,10,October,Monday,0
2025-10-15,Karnataka,1897.0,298.0,61.0,2256.0,1932.0,13131.0,15063.0,3889.0,4906.0,8795.0,26114.0,66165000,0.0341,10.57,Maintenance,2025,10,October,Wednesday,0
2025-10-16,Karnataka,1086.0,184.0,80.0,1350.0,2763.0,16854.0,19617.0,4693.0,6209.0,10902.0,31869.0,66165000,0.0204,22.59,Maintenance,2025,10,October,Thursday,0
2025-10-17,Karnataka,3352.0,471.0,54.0,3877.0,1299.0,9565.0,10864.0,4600.0,5754.0,10354.0,25095.0,66165000,0.0586,5.47,Maintenance,2025,10,October,Friday,0
2025-10-18,Karnataka,1911.0,212.0,45.0,2168.0,749.0,5152.0,5901.0,4426.0,5473.0,9899.0,17968.0,66165000,0.0328,7.28,Maintenance,2025,10,October,Saturday,1
2025-10-19,Karnataka,2694.0,366.0,38.0,3098.0,1535.0,8710.0,10245.0,7598.0,8102.0,15700.0,29043.0,66165000,0.0468,8.37,Maintenance,2025,10,October,Sunday,1
2025-10-20,Karnataka,380.0,61.0,18.0,459.0,1015.0,4161.0,5176.0,1242.0,1458.0,2700.0,8335.0,66165000,0.0069,17.12,Maintenance,2025,10,October,Monday,0
2025-10-21,Karnataka,379.0,56.0,17.0,452.0,310.0,1747.0,2057.0,332.0,411.0,743.0,3252.0,66165000,0.0068,6.18,Maintenance,2025,10,October,Tuesday,0
2025-10-22,Karnataka,2.0,0.0,1.0,3.0,75.0,342.0,417.0,23.0,20.0,43.0,463.0,66165000,0.0,115.0,Maintenance,2025,10,October,Wednesday,0
2025-10-23,Karnataka,7.0,0.0,6.0,13.0,276.0,1008.0,1284.0,13.0,8.0,21.0,1318.0,66165000,0.0002,93.21,Maintenance,2025,10,October,Thursday,0
2025-10-24,Karnataka,843.0,188.0,35.0,1066.0,2282.0,12909.0,15191.0,5213.0,5198.0,10411.0,26668.0,66165000,0.0161,23.99,Maintenance,2025,10,October,Friday,0
2025-10-25,Karnataka,769.0,122.0,27.0,918.0,1903.0,14867.0,16770.0,8350.0,9592.0,17942.0,35630.0,66165000,0.0139,37.77,Maintenance,2025,10,October,Saturday,1
2025-10-26,Karnataka,1373.0,279.0,31.0,1683.0,1464.0,9995.0,11459.0,6325.0,8185.0,14510.0,27652.0,66165000,0.0254,15.42,Maintenance,2025,10,October,Sunday,1
2025-10-27,Karnataka,478.0,98.0,59.0,635.0,904.0,5645.0,6549.0,5897.0,6553.0,12450.0,19634.0,66165000,0.0096,29.87,Maintenance,2025,10,October,Monday,0
2025-10-28,Karnataka,1099.0,197.0,72.0,1368.0,1415.0,9018.0,10433.0,3983.0,5037.0,9020.0,20821.0,66165000,0.0207,14.21,Maintenance,2025,10,October,Tuesday,0
2025-10-29,Karnataka,1902.0,346.0,15.0,2263.0,754.0,7410.0,8164.0,7402.0,9904.0,17306.0,27733.0,66165000,0.0342,11.25,Maintenance,2025,10,October,Wednesday,0
2025-10-30,Karnataka,4760.0,685.0,69.0,5514.0,1545.0,10049.0,11594.0,6127.0,9014.0,15141.0,32249.0,66165000,0.0833,4.85,Growth,2025,10,October,Thursday,0
2025-10-31,Karnataka,4477.0,741.0,59.0,5277.0,2383.0,14595.0,16978.0,7241.0,9842.0,17083.0,39338.0,66165000,0.0798,6.45,Maintenance,2025,10,October,Friday,0
2025-11-01,Karnataka,531.0,105.0,16.0,652.0,1493.0,8148.0,9641.0,3702.0,5116.0,8818.0,19111.0,66165000,0.0099,28.27,Maintenance,2025,11,November,Saturday,1
2025-11-02,Karnataka,3334.0,556.0,80.0,3970.0,607.0,2806.0,3413.0,4773.0,5566.0,10339.0,17722.0,66165000,0.06,3.46,Growth,2025,11,November,Sunday,1
2025-11-03,Karnataka,482.0,155.0,145.0,782.0,1622.0,9243.0,10865.0,2839.0,3894.0,6733.0,18380.0,66165000,0.0118,22.48,Maintenance,2025,11,November,Monday,0
2025-11-04,Karnataka,1.0,1.0,0.0,2.0,1991.0,13242.0,15233.0,4291.0,5876.0,10167.0,25402.0,66165000,0.0,8466.67,Maintenance,2025,11,November,Tuesday,0
2025-11-05,Karnataka,2244.0,328.0,88.0,2660.0,1129.0,6789.0,7918.0,7862.0,10535.0,18397.0,28975.0,66165000,0.0402,9.89,Maintenance,2025,11,November,Wednesday,0
2025-11-06,Karnataka,1533.0,279.0,96.0,1908.0,3348.0,17591.0,20939.0,6844.0,8227.0,15071.0,37918.0,66165000,0.0288,18.86,Maintenance,2025,11,November,Thursday,0
2025-11-07,Karnataka,1195.0,210.0,113.0,1518.0,2162.0,12596.0,14758.0,4021.0,4883.0,8904.0,25180.0,66165000,0.0229,15.58,Maintenance,2025,11,November,Friday,0
2025-11-08,Karnataka,1316.0,244.0,11.0,1571.0,1646.0,9712.0,11358.0,9586.0,10586.0,20172.0,33101.0,66165000,0.0237,20.06,Maintenance,2025,11,November,Saturday,1
2025-11-09,Karnataka,1179.0,164.0,7.0,1350.0,555.0,2563.0,3118.0,1585.0,1564.0,3149.0,7617.0,66165000,0.0204,4.64,Growth,2025,11,November,Sunday,1
2025-11-10,Karnataka,2487.0,434.0,73.0,2994.0,1517.0,10989.0,12506.0,6967.0,7225.0,14192.0,29692.0,66165000,0.0453,8.91,Maintenance,2025,11,November,Monday,0
2025-11-11,Karnataka,2226.0,379.0,83.0,2688.0,1587.0,9986.0,11573.0,3731.0,4303.0,8034.0,22295.0,66165000,0.0406,7.29,Maintenance,2025,11,November,Tuesday,0
2025-11-12,Karnataka,798.0,232.0,111.0,1141.0,1849.0,13855.0,15704.0,7793.0,8898.0,16691.0,33536.0,66165000,0.0172,28.37,Maintenance,2025,11,November,Wednesday,0
2025-11-13,Karnataka,927.0,190.0,81.0,1198.0,676.0,4284.0,4960.0,7162.0,8032.0,15194.0,21352.0,66165000,0.0181,16.81,Maintenance,2025,11,November,Thursday,0
2025-11-14,Karnataka,1572.0,257.0,51.0,1880.0,1306.0,8257.0,9563.0,6434.0,7373.0,13807.0,25250.0,66165000,0.0284,12.42,Maintenance,2025,11,November,Friday,0
2025-11-15,Karnataka,4559.0,543.0,108.0,5210.0,1387.0,9971.0,11358.0,6251.0,5321.0,11572.0,28140.0,66165000,0.0787,4.4,Growth,2025,11,November,Saturday,1
2025-11-16,Karnataka,2191.0,224.0,14.0,2429.0,512.0,2741.0,3253.0,2347.0,1774.0,4121.0,9803.0,66165000,0.0367,3.03,Growth,2025,11,November,Sunday,1
2025-11-17,Karnataka,2098.0,285.0,58.0,2441.0,754.0,6300.0,7054.0,4125.0,4021.0,8146.0,17641.0,66165000,0.0369,6.22,Maintenance,2025,11,November,Monday,0
2025-11-18,Karnataka,3221.0,453.0,33.0,3707.0,1106.0,8678.0,9784.0,8833.0,8199.0,17032.0,30523.0,66165000,0.056,7.23,Maintenance,2025,11,November,Tuesday,0
2025-11-19,Karnataka,4658.0,496.0,183.0,5337.0,889.0,9244.0,10133.0,6362.0,6465.0,12827.0,28297.0,66165000,0.0807,4.3,Growth,2025,11,November,Wednesday,0
2025-11-25,Karnataka,3370.0,400.0,52.0,3822.0,835.0,4612.0,5447.0,3871.0,3780.0,7651.0,16920.0,66165000,0.0578,3.43,Growth,2025,11,November,Tuesday,0
2025-11-26,Karnataka,0.0,0.0,0.0,0.0,594.0,4528.0,5122.0,0.0,0.0,0.0,5122.0,66165000,0.0,5122.0,Maintenance,2025,11,November,Wednesday,0
2025-11-27,Karnataka,0.0,0.0,0.0,0.0,1938.0,16437.0,18375.0,0.0,0.0,0.0,18375.0,66165000,0.0,18375.0,Maintenance,2025,11,November,Thursday,0
2025-11-28,Karnataka,0.0,0.0,0.0,0.0,1316.0,10215.0,11531.0,0.0,0.0,0.0,11531.0,66165000,0.0,11531.0,Maintenance,2025,11,November,Friday,0
2025-11-29,Karnataka,0.0,0.0,0.0,0.0,1554.0,8614.0,10168.0,0.0,0.0,0.0,10168.0,66165000,0.0,10168.0,Maintenance,2025,11,November,Saturday,1
2025-12-01,Karnataka,0.0,0.0,0.0,0.0,1384.0,8078.0,9462.0,5105.0,3337.0,8442.0,17904.0,66165000,0.0,17904.0,Maintenance,2025,12,December,Monday,0
2025-12-02,Karnataka,0.0,0.0,0.0,0.0,2064.0,17062.0,19126.0,14454.0,9704.0,24158.0,43284.0,66165000,0.0,43284.0,Maintenance,2025,12,December,Tuesday,0
2025-12-03,Karnataka,0.0,0.0,0.0,0.0,2725.0,17231.0,19956.0,8047.0,8391.0,16438.0,36394.0,66165000,0.0,36394.0,Maintenance,2025,12,December,Wednesday,0
2025-12-04,Karnataka,0.0,0.0,0.0,0.0,2528.0,20166.0,22694.0,4310.0,4498.0,8808.0,31502.0,66165000,0.0,31502.0,Maintenance,2025,12,December,Thursday,0
2025-12-05,Karnataka,0.0,0.0,0.0,0.0,1423.0,10456.0,11879.0,10090.0,10617.0,20707.0,32586.0,66165000,0.0,32586.0,Maintenance,2025,12,December,Friday,0
2025-12-06,Karnataka,0.0,0.0,0.0,0.0,1427.0,8672.0,10099.0,9260.0,8525.0,17785.0,27884.0,66165000,0.0,27884.0,Maintenance,2025,12,December,Saturday,1
2025-12-07,Karnataka,0.0,0.0,0.0,0.0,1299.0,6421.0,7720.0,3948.0,3644.0,7592.0,15312.0,66165000,0.0,15312.0,Maintenance,2025,12,December,Sunday,1
2025-12-08,Karnataka,0.0,0.0,0.0,0.0,2628.0,19043.0,21671.0,6429.0,6531.0,12960.0,34631.0,66165000,0.0,34631.0,Maintenance,2025,12,December,Monday,0
2025-12-09,Karnataka,0.0,0.0,0.0,0.0,1528.0,12623.0,14151.0,7124.0,7879.0,15003.0,29154.0,66165000,0.0,29154.0,Maintenance,2025,12,December,Tuesday,0
2025-12-10,Karnataka,0.0,0.0,0.0,0.0,1101.0,8917.0,10018.0,6738.0,7127.0,13865.0,23883.0,66165000,0.0,23883.0,Maintenance,2025,12,December,Wednesday,0
2025-12-11,Karnataka,0.0,0.0,0.0,0.0,1849.0,13090.0,14939.0,8273.0,8216.0,16489.0,31428.0,66165000,0.0,31428.0,Maintenance,2025,12,December,Thursday,0
2025-12-12,Karnataka,0.0,0.0,0.0,0.0,2631.0,19620.0,22251.0,7542.0,7476.0,15018.0,37269.0,66165000,0.0,37269.0,Maintenance,2025,12,December,Friday,0
2025-12-13,Karnataka,0.0,0.0,0.0,0.0,712.0,4523.0,5235.0,8406.0,6021.0,14427.0,19662.0,66165000,0.0,19662.0,Maintenance,2025,12,December,Saturday,1
2025-12-14,Karnataka,0.0,0.0,0.0,0.0,996.0,5105.0,6101.0,2299.0,1895.0,4194.0,10295.0,66165000,0.0,10295.0,Maintenance,2025,12,December,Sunday,1
2025-12-15,Karnataka,6547.0,812.0,89.0,7448.0,548.0,4934.0,5482.0,5355.0,4152.0,9507.0,22437.0,66165000,0.1126,2.01,Growth,2025,12,December,Monday,0
2025-12-16,Karnataka,0.0,0.0,0.0,0.0,1939.0,14272.0,16211.0,10205.0,8149.0,18354.0,34565.0,66165000,0.0,34565.0,Maintenance,2025,12,December,Tuesday,0
2025-12-18,Karnataka,0.0,0.0,0.0,0.0,69.0,1084.0,1153.0,3694.0,2826.0,6520.0,7673.0,66165000,0.0,7673.0,Maintenance,2025,12,December,Thursday,0
2025-12-19,Karnataka,0.0,0.0,0.0,0.0,1311.0,9578.0,10889.0,8117.0,6658.0,14775.0,25664.0,66165000,0.0,25664.0,Maintenance,2025,12,December,Friday,0
2025-12-20,Karnataka,0.0,0.0,0.0,0.0,1115.0,8273.0,9388.0,5833.0,4055.0,9888.0,19276.0,66165000,0.0,19276.0,Maintenance,2025,12,December,Saturday,1
2025-12-21,Karnataka,1894.0,5.0,0.0,1899.0,1159.0,5539.0,6698.0,0.0,0.0,0.0,8597.0,66165000,0.0287,3.53,Growth,2025,12,December,Sunday,1
2025-12-22,Karnataka,6588.0,11.0,1.0,6600.0,1053.0,7178.0,8231.0,1.0,0.0,1.0,14832.0,66165000,0.0998,1.25,Growth,2025,12,December,Monday,0
2025-12-23,Karnataka,2671.0,3.0,2.0,2676.0,2329.0,15928.0,18257.0,7.0,4.0,11.0,20944.0,66165000,0.0404,6.82,Maintenance,2025,12,December,Tuesday,0
2025-12-24,Karnataka,2419.0,304.0,91.0,2814.0,1464.0,10233.0,11697.0,0.0,0.0,0.0,14511.0,66165000,0.0425,4.16,Growth,2025,12,December,Wednesday,0
2025-12-25,Karnataka,1500.0,489.0,31.0,2020.0,1355.0,7639.0,8994.0,11567.0,7985.0,19552.0,30566.0,66165000,0.0305,14.12,Maintenance,2025,12,December,Thursday,0
2025-12-26,Karnataka,3156.0,254.0,14.0,3424.0,1624.0,11330.0,12954.0,11417.0,9614.0,21031.0,37409.0,66165000,0.0517,9.92,Maintenance,2025,12,December,Friday,0
2025-12-27,Karnataka,1382.0,308.0,9.0,1699.0,1802.0,12443.0,14245.0,11308.0,7138.0,18446.0,34390.0,66165000,0.0257,19.23,Maintenance,2025,12,December,Saturday,1
2025-12-28,Karnataka,1691.0,234.0,2.0,1927.0,1144.0,7198.0,8342.0,3243.0,2069.0,5312.0,15581.0,66165000,0.0291,7.08,Maintenance,2025,12,December,Sunday,1
2025-12-29,Karnataka,3761.0,195.0,29.0,3985.0,396.0,3743.0,4139.0,10292.0,6234.0,16526.0,24650.0,66165000,0.0602,5.18,Maintenance,2025,12,December,Monday,0
2025-12-31,Karnataka,2972.0,1225.0,103.0,4300.0,0.0,0.0,0.0,0.0,0.0,0.0,4300.0,66165000,0.065,0.0,Growth,2025,12,December,Wednesday,0
2025-03-01,Kerala,0.0,0.0,0.0,0.0,9410.0,91440.0,100850.0,67246.0,105479.0,172725.0,273575.0,35125000,0.0,273575.0,Maintenance,2025,3,March,Saturday,1
2025-04-01,Kerala,0.0,0.0,0.0,0.0,0.0,0.0,0.0,78509.0,101809.0,180318.0,180318.0,35125000,0.0,180318.0,Maintenance,2025,4,April,Tuesday,0
2025-05-01,Kerala,201.0,148.0,31.0,380.0,0.0,0.0,0.0,128235.0,119256.0,247491.0,247871.0,35125000,0.0108,649.58,Maintenance,2025,5,May,Thursday,0
2025-06-01,Kerala,85.0,80.0,21.0,186.0,0.0,0.0,0.0,90606.0,132577.0,223183.0,223369.0,35125000,0.0053,1193.49,Maintenance,2025,6,June,Sunday,1
2025-07-01,Kerala,158.0,216.0,100.0,474.0,0.0,0.0,0.0,72628.0,158692.0,231320.0,231794.0,35125000,0.0135,486.99,Maintenance,2025,7,July,Tuesday,0
2025-09-01,Kerala,753.0,389.0,29.0,1171.0,936.0,7915.0,8851.0,4246.0,5710.0,9956.0,19978.0,35125000,0.0333,16.05,Maintenance,2025,9,September,Monday,0
2025-09-02,Kerala,737.0,381.0,14.0,1132.0,760.0,6473.0,7233.0,4848.0,5922.0,10770.0,19135.0,35125000,0.0322,15.89,Maintenance,2025,9,September,Tuesday,0
2025-09-03,Kerala,599.0,387.0,15.0,1001.0,632.0,5035.0,5667.0,3613.0,4120.0,7733.0,14401.0,35125000,0.0285,13.37,Maintenance,2025,9,September,Wednesday,0
2025-09-04,Kerala,171.0,97.0,1.0,269.0,114.0,752.0,866.0,790.0,996.0,1786.0,2921.0,35125000,0.0077,9.82,Maintenance,2025,9,September,Thursday,0
2025-09-05,Kerala,4.0,1.0,0.0,5.0,4.0,95.0,99.0,11.0,21.0,32.0,136.0,35125000,0.0001,21.83,Maintenance,2025,9,September,Friday,0
2025-09-06,Kerala,90.0,52.0,0.0,142.0,84.0,494.0,578.0,403.0,395.0,798.0,1518.0,35125000,0.004,9.62,Maintenance,2025,9,September,Saturday,1
2025-09-07,Kerala,3.0,7.0,4.0,14.0,6.0,71.0,77.0,33.0,39.0,72.0,163.0,35125000,0.0004,9.93,Maintenance,2025,9,September,Sunday,1
2025-09-08,Kerala,896.0,369.0,14.0,1279.0,1095.0,10472.0,11567.0,3047.0,6626.0,9673.0,22519.0,35125000,0.0364,16.59,Maintenance,2025,9,September,Monday,0
2025-09-09,Kerala,914.0,389.0,12.0,1315.0,947.0,10257.0,11204.0,2861.0,6187.0,9048.0,21567.0,35125000,0.0374,15.39,Maintenance,2025,9,September,Tuesday,0
2025-09-10,Kerala,888.0,304.0,9.0,1201.0,838.0,8360.0,9198.0,2088.0,4888.0,6976.0,17375.0,35125000,0.0342,13.46,Maintenance,2025,9,September,Wednesday,0
2025-09-11,Kerala,863.0,276.0,16.0,1155.0,655.0,6201.0,6856.0,2536.0,5525.0,8061.0,16072.0,35125000,0.0329,12.9,Maintenance,2025,9,September,Thursday,0
2025-09-12,Kerala,790.0,262.0,7.0,1059.0,550.0,5501.0,6051.0,2622.0,5425.0,8047.0,15157.0,35125000,0.0301,13.3,Maintenance,2025,9,September,Friday,0
2025-09-13,Kerala,760.0,447.0,3.0,1210.0,1139.0,5308.0,6447.0,4535.0,3716.0,8251.0,15908.0,35125000,0.0344,12.14,Maintenance,2025,9,September,Saturday,1
2025-09-14,Kerala,13.0,6.0,1.0,20.0,8.0,139.0,147.0,44.0,52.0,96.0,263.0,35125000,0.0006,11.57,Maintenance,2025,9,September,Sunday,1
2025-09-15,Kerala,476.0,193.0,5.0,674.0,564.0,6034.0,6598.0,2414.0,5977.0,8391.0,15663.0,35125000,0.0192,22.21,Maintenance,2025,9,September,Monday,0
2025-09-16,Kerala,584.0,209.0,5.0,798.0,435.0,4740.0,5175.0,2415.0,5615.0,8030.0,14003.0,35125000,0.0227,16.53,Maintenance,2025,9,September,Tuesday,0
2025-09-17,Kerala,590.0,199.0,11.0,800.0,904.0,9263.0,10167.0,2144.0,5193.0,7337.0,18304.0,35125000,0.0228,21.85,Maintenance,2025,9,September,Wednesday,0
2025-09-18,Kerala,575.0,168.0,11.0,754.0,774.0,7503.0,8277.0,2258.0,5166.0,7424.0,16455.0,35125000,0.0215,20.8,Maintenance,2025,9,September,Thursday,0
2025-09-19,Kerala,503.0,159.0,3.0,665.0,417.0,4401.0,4818.0,2357.0,4900.0,7257.0,12740.0,35125000,0.0189,18.13,Maintenance,2025,9,September,Friday,0
2025-09-20,Kerala,638.0,381.0,3.0,1022.0,1124.0,6286.0,7410.0,5764.0,5169.0,10933.0,19365.0,35125000,0.0291,17.93,Maintenance,2025,9,September,Saturday,1
2025-09-21,Kerala,3.0,1.0,0.0,4.0,0.0,0.0,0.0,0.0,0.0,0.0,4.0,35125000,0.0001,0.0,Growth,2025,9,September,Sunday,1
2025-09-22,Kerala,585.0,190.0,4.0,779.0,0.0,0.0,0.0,0.0,0.0,0.0,779.0,35125000,0.0222,0.0,Growth,2025,9,September,Monday,0
2025-09-23,Kerala,528.0,169.0,5.0,702.0,0.0,0.0,0.0,0.0,0.0,0.0,702.0,35125000,0.02,0.0,Growth,2025,9,September,Tuesday,0
2025-09-24,Kerala,574.0,180.0,4.0,758.0,0.0,0.0,0.0,0.0,0.0,0.0,758.0,35125000,0.0216,0.0,Growth,2025,9,September,Wednesday,0
2025-09-25,Kerala,452.0,143.0,1.0,596.0,0.0,0.0,0.0,0.0,0.0,0.0,596.0,35125000,0.017,0.0,Growth,2025,9,September,Thursday,0
2025-09-26,Kerala,335.0,99.0,2.0,436.0,0.0,0.0,0.0,0.0,0.0,0.0,436.0,35125000,0.0124,0.0,Growth,2025,9,September,Friday,0
2025-09-27,Kerala,220.0,144.0,0.0,364.0,0.0,0.0,0.0,0.0,0.0,0.0,364.0,35125000,0.0104,0.0,Growth,2025,9,September,Saturday,1
2025-09-28,Kerala,2.0,2.0,0.0,4.0,0.0,0.0,0.0,0.0,0.0,0.0,4.0,35125000,0.0001,0.0,Growth,2025,9,September,Sunday,1
2025-09-29,Kerala,100.0,41.0,0.0,141.0,0.0,0.0,0.0,0.0,0.0,0.0,141.0,35125000,0.004,0.0,Growth,2025,9,September,Monday,0
2025-09-30,Kerala,13.0,16.0,0.0,29.0,0.0,0.0,0.0,0.0,0.0,0.0,29.0,35125000,0.0008,0.0,Growth,2025,9,September,Tuesday,0
2025-10-13,Kerala,794.0,359.0,80.0,1233.0,121.0,2634.0,2755.0,19.0,49.0,68.0,4056.0,35125000,0.0351,2.29,Growth,2025,10,October,Monday,0
2025-10-15,Kerala,437.0,157.0,47.0,641.0,794.0,8414.0,9208.0,1219.0,3113.0,4332.0,14181.0,35125000,0.0182,21.09,Maintenance,2025,10,October,Wednesday,0
2025-10-16,Kerala,417.0,177.0,35.0,629.0,1131.0,9495.0,10626.0,1167.0,3305.0,4472.0,15727.0,35125000,0.0179,23.97,Maintenance,2025,10,October,Thursday,0
2025-10-17,Kerala,1144.0,384.0,36.0,1564.0,568.0,6447.0,7015.0,1228.0,3204.0,4432.0,13011.0,35125000,0.0445,7.31,Maintenance,2025,10,October,Friday,0
2025-10-18,Kerala,557.0,182.0,36.0,775.0,498.0,4658.0,5156.0,2211.0,4406.0,6617.0,12548.0,35125000,0.0221,15.17,Maintenance,2025,10,October,Saturday,1
2025-10-19,Kerala,913.0,297.0,15.0,1225.0,976.0,6342.0,7318.0,4717.0,5987.0,10704.0,19247.0,35125000,0.0349,14.7,Maintenance,2025,10,October,Sunday,1
2025-10-20,Kerala,294.0,106.0,0.0,400.0,374.0,1945.0,2319.0,500.0,644.0,1144.0,3863.0,35125000,0.0114,8.64,Maintenance,2025,10,October,Monday,0
2025-10-21,Kerala,122.0,60.0,14.0,196.0,197.0,1341.0,1538.0,420.0,685.0,1105.0,2839.0,35125000,0.0056,13.42,Maintenance,2025,10,October,Tuesday,0
2025-10-22,Kerala,4.0,0.0,0.0,4.0,73.0,245.0,318.0,32.0,52.0,84.0,406.0,35125000,0.0001,80.4,Maintenance,2025,10,October,Wednesday,0
2025-10-23,Kerala,6.0,2.0,53.0,61.0,142.0,691.0,833.0,42.0,117.0,159.0,1053.0,35125000,0.0017,16.0,Maintenance,2025,10,October,Thursday,0
2025-10-24,Kerala,1052.0,272.0,16.0,1340.0,1411.0,13689.0,15100.0,2358.0,4966.0,7324.0,23764.0,35125000,0.0381,16.72,Maintenance,2025,10,October,Friday,0
2025-10-25,Kerala,1134.0,396.0,11.0,1541.0,776.0,9922.0,10698.0,4320.0,9257.0,13577.0,25816.0,35125000,0.0439,15.74,Maintenance,2025,10,October,Saturday,1
2025-10-26,Kerala,313.0,141.0,31.0,485.0,1307.0,10674.0,11981.0,3225.0,5544.0,8769.0,21235.0,35125000,0.0138,42.7,Maintenance,2025,10,October,Sunday,1
2025-10-27,Kerala,596.0,260.0,54.0,910.0,337.0,2837.0,3174.0,2163.0,3552.0,5715.0,9799.0,35125000,0.0259,9.76,Maintenance,2025,10,October,Monday,0
2025-10-28,Kerala,708.0,289.0,28.0,1025.0,503.0,5035.0,5538.0,1065.0,2710.0,3775.0,10338.0,35125000,0.0292,9.08,Maintenance,2025,10,October,Tuesday,0
2025-10-29,Kerala,508.0,249.0,17.0,774.0,321.0,4982.0,5303.0,1147.0,2465.0,3612.0,9689.0,35125000,0.022,11.5,Maintenance,2025,10,October,Wednesday,0
2025-10-30,Kerala,2275.0,769.0,26.0,3070.0,764.0,6299.0,7063.0,3525.0,7260.0,10785.0,20918.0,35125000,0.0874,5.81,Maintenance,2025,10,October,Thursday,0
2025-10-31,Kerala,910.0,304.0,39.0,1253.0,1199.0,12119.0,13318.0,2901.0,6799.0,9700.0,24271.0,35125000,0.0357,18.36,Maintenance,2025,10,October,Friday,0
2025-11-01,Kerala,166.0,79.0,22.0,267.0,863.0,6543.0,7406.0,1015.0,2169.0,3184.0,10857.0,35125000,0.0076,39.51,Maintenance,2025,11,November,Saturday,1
2025-11-02,Kerala,1544.0,620.0,12.0,2176.0,289.0,1283.0,1572.0,3287.0,3800.0,7087.0,10835.0,35125000,0.062,3.98,Growth,2025,11,November,Sunday,1
2025-11-03,Kerala,360.0,126.0,47.0,533.0,645.0,6465.0,7110.0,1031.0,3163.0,4194.0,11837.0,35125000,0.0152,21.17,Maintenance,2025,11,November,Monday,0
2025-11-04,Kerala,7.0,4.0,0.0,11.0,988.0,11391.0,12379.0,2310.0,6913.0,9223.0,21613.0,35125000,0.0003,1800.17,Maintenance,2025,11,November,Tuesday,0
2025-11-05,Kerala,1322.0,392.0,49.0,1763.0,799.0,7343.0,8142.0,2291.0,6382.0,8673.0,18578.0,35125000,0.0502,9.53,Maintenance,2025,11,November,Wednesday,0
2025-11-06,Kerala,584.0,214.0,65.0,863.0,1112.0,10877.0,11989.0,2225.0,6172.0,8397.0,21249.0,35125000,0.0246,23.59,Maintenance,2025,11,November,Thursday,0
2025-11-07,Kerala,449.0,143.0,41.0,633.0,794.0,9828.0,10622.0,2079.0,5067.0,7146.0,18401.0,35125000,0.018,28.03,Maintenance,2025,11,November,Friday,0
2025-11-08,Kerala,628.0,194.0,0.0,822.0,954.0,8041.0,8995.0,3943.0,5512.0,9455.0,19272.0,35125000,0.0234,22.42,Maintenance,2025,11,November,Saturday,1
2025-11-09,Kerala,811.0,237.0,0.0,1048.0,239.0,1682.0,1921.0,1528.0,2041.0,3569.0,6538.0,35125000,0.0298,5.23,Maintenance,2025,11,November,Sunday,1
2025-11-10,Kerala,784.0,263.0,45.0,1092.0,547.0,7656.0,8203.0,1334.0,3667.0,5001.0,14296.0,35125000,0.0311,12.08,Maintenance,2025,11,November,Monday,0
2025-11-11,Kerala,743.0,194.0,45.0,982.0,595.0,6059.0,6654.0,1557.0,4032.0,5589.0,13225.0,35125000,0.028,12.45,Maintenance,2025,11,November,Tuesday,0
2025-11-12,Kerala,487.0,188.0,30.0,705.0,633.0,9676.0,10309.0,2544.0,6956.0,9500.0,20514.0,35125000,0.0201,28.06,Maintenance,2025,11,November,Wednesday,0
2025-11-13,Kerala,413.0,117.0,95.0,625.0,200.0,3041.0,3241.0,1652.0,4502.0,6154.0,10020.0,35125000,0.0178,15.01,Maintenance,2025,11,November,Thursday,0
2025-11-14,Kerala,480.0,105.0,20.0,605.0,605.0,7892.0,8497.0,3445.0,6916.0,10361.0,19463.0,35125000,0.0172,31.12,Maintenance,2025,11,November,Friday,0
2025-11-15,Kerala,2600.0,614.0,48.0,3262.0,726.0,8877.0,9603.0,3760.0,3488.0,7248.0,20113.0,35125000,0.0929,5.16,Maintenance,2025,11,November,Saturday,1
2025-11-16,Kerala,671.0,208.0,3.0,882.0,226.0,2218.0,2444.0,2860.0,2639.0,5499.0,8825.0,35125000,0.0251,9.0,Maintenance,2025,11,November,Sunday,1
2025-11-17,Kerala,366.0,117.0,29.0,512.0,379.0,5395.0,5774.0,1687.0,3225.0,4912.0,11198.0,35125000,0.0146,20.83,Maintenance,2025,11,November,Monday,0
2025-11-18,Kerala,1378.0,518.0,24.0,1920.0,415.0,9346.0,9761.0,2979.0,5890.0,8869.0,20550.0,35125000,0.0547,9.7,Maintenance,2025,11,November,Tuesday,0
2025-11-19,Kerala,1675.0,516.0,810.0,3001.0,351.0,8116.0,8467.0,2320.0,4691.0,7011.0,18479.0,35125000,0.0854,5.16,Maintenance,2025,11,November,Wednesday,0
2025-11-25,Kerala,1016.0,291.0,37.0,1344.0,251.0,3989.0,4240.0,5251.0,6638.0,11889.0,17473.0,35125000,0.0383,11.99,Maintenance,2025,11,November,Tuesday,0
2025-11-26,Kerala,0.0,0.0,0.0,0.0,187.0,3801.0,3988.0,0.0,0.0,0.0,3988.0,35125000,0.0,3988.0,Maintenance,2025,11,November,Wednesday,0
2025-11-27,Kerala,0.0,0.0,0.0,0.0,876.0,14031.0,14907.0,0.0,0.0,0.0,14907.0,35125000,0.0,14907.0,Maintenance,2025,11,November,Thursday,0
2025-11-28,Kerala,0.0,0.0,0.0,0.0,634.0,9077.0,9711.0,0.0,0.0,0.0,9711.0,35125000,0.0,9711.0,Maintenance,2025,11,November,Friday,0
2025-11-29,Kerala,0.0,0.0,0.0,0.0,552.0,6684.0,7236.0,0.0,0.0,0.0,7236.0,35125000,0.0,7236.0,Maintenance,2025,11,November,Saturday,1
2025-12-01,Kerala,0.0,0.0,0.0,0.0,441.0,6709.0,7150.0,2116.0,2274.0,4390.0,11540.0,35125000,0.0,11540.0,Maintenance,2025,12,December,Monday,0
2025-12-02,Kerala,0.0,0.0,0.0,0.0,863.0,15005.0,15868.0,6691.0,5935.0,12626.0,28494.0,35125000,0.0,28494.0,Maintenance,2025,12,December,Tuesday,0
2025-12-03,Kerala,0.0,0.0,0.0,0.0,1073.0,14219.0,15292.0,4107.0,6629.0,10736.0,26028.0,35125000,0.0,26028.0,Maintenance,2025,12,December,Wednesday,0
2025-12-04,Kerala,0.0,0.0,0.0,0.0,952.0,15651.0,16603.0,2707.0,5533.0,8240.0,24843.0,35125000,0.0,24843.0,Maintenance,2025,12,December,Thursday,0
2025-12-05,Kerala,0.0,0.0,0.0,0.0,387.0,7914.0,8301.0,2437.0,5625.0,8062.0,16363.0,35125000,0.0,16363.0,Maintenance,2025,12,December,Friday,0
2025-12-06,Kerala,0.0,0.0,0.0,0.0,622.0,7270.0,7892.0,6921.0,8170.0,15091.0,22983.0,35125000,0.0,22983.0,Maintenance,2025,12,December,Saturday,1
2025-12-07,Kerala,0.0,0.0,0.0,0.0,366.0,4727.0,5093.0,2315.0,2932.0,5247.0,10340.0,35125000,0.0,10340.0,Maintenance,2025,12,December,Sunday,1
2025-12-08,Kerala,0.0,0.0,0.0,0.0,1062.0,14042.0,15104.0,2606.0,4843.0,7449.0,22553.0,35125000,0.0,22553.0,Maintenance,2025,12,December,Monday,0
2025-12-09,Kerala,0.0,0.0,0.0,0.0,609.0,8773.0,9382.0,1456.0,3051.0,4507.0,13889.0,35125000,0.0,13889.0,Maintenance,2025,12,December,Tuesday,0
2025-12-10,Kerala,0.0,0.0,0.0,0.0,517.0,6871.0,7388.0,3673.0,4159.0,7832.0,15220.0,35125000,0.0,15220.0,Maintenance,2025,12,December,Wednesday,0
2025-12-11,Kerala,0.0,0.0,0.0,0.0,601.0,7718.0,8319.0,2668.0,3659.0,6327.0,14646.0,35125000,0.0,14646.0,Maintenance,2025,12,December,Thursday,0
2025-12-12,Kerala,0.0,0.0,0.0,0.0,966.0,12550.0,13516.0,3375.0,4769.0,8144.0,21660.0,35125000,0.0,21660.0,Maintenance,2025,12,December,Friday,0
2025-12-13,Kerala,0.0,0.0,0.0,0.0,589.0,6204.0,6793.0,3483.0,3025.0,6508.0,13301.0,35125000,0.0,13301.0,Maintenance,2025,12,December,Saturday,1
2025-12-14,Kerala,0.0,0.0,0.0,0.0,244.0,2569.0,2813.0,1139.0,1262.0,2401.0,5214.0,35125000,0.0,5214.0,Maintenance,2025,12,December,Sunday,1
2025-12-15,Kerala,1937.0,471.0,59.0,2467.0,139.0,2553.0,2692.0,1270.0,2771.0,4041.0,9200.0,35125000,0.0702,2.73,Growth,2025,12,December,Monday,0
2025-12-16,Kerala,0.0,0.0,0.0,0.0,401.0,8199.0,8600.0,3081.0,5078.0,8159.0,16759.0,35125000,0.0,16759.0,Maintenance,2025,12,December,Tuesday,0
2025-12-18,Kerala,0.0,0.0,0.0,0.0,33.0,783.0,816.0,1072.0,1142.0,2214.0,3030.0,35125000,0.0,3030.0,Maintenance,2025,12,December,Thursday,0
2025-12-19,Kerala,0.0,0.0,0.0,0.0,424.0,8876.0,9300.0,3185.0,4648.0,7833.0,17133.0,35125000,0.0,17133.0,Maintenance,2025,12,December,Friday,0
2025-12-20,Kerala,0.0,0.0,0.0,0.0,456.0,6007.0,6463.0,2957.0,2666.0,5623.0,12086.0,35125000,0.0,12086.0,Maintenance,2025,12,December,Saturday,1
2025-12-21,Kerala,721.0,0.0,0.0,721.0,324.0,2106.0,2430.0,0.0,0.0,0.0,3151.0,35125000,0.0205,3.37,Growth,2025,12,December,Sunday,1
2025-12-22,Kerala,2958.0,5.0,0.0,2963.0,277.0,3488.0,3765.0,0.0,0.0,0.0,6728.0,35125000,0.0844,1.27,Growth,2025,12,December,Monday,0
2025-12-23,Kerala,1078.0,1.0,1.0,1080.0,560.0,9998.0,10558.0,1.0,1.0,2.0,11640.0,35125000,0.0307,9.77,Maintenance,2025,12,December,Tuesday,0
2025-12-24,Kerala,719.0,167.0,84.0,970.0,369.0,5939.0,6308.0,0.0,0.0,0.0,7278.0,35125000,0.0276,6.5,Maintenance,2025,12,December,Wednesday,0
2025-12-25,Kerala,516.0,330.0,51.0,897.0,403.0,4387.0,4790.0,5496.0,6244.0,11740.0,17427.0,35125000,0.0255,18.41,Maintenance,2025,12,December,Thursday,0
2025-12-26,Kerala,421.0,272.0,24.0,717.0,583.0,9855.0,10438.0,4127.0,6110.0,10237.0,21392.0,35125000,0.0204,28.8,Maintenance,2025,12,December,Friday,0
2025-12-27,Kerala,421.0,208.0,30.0,659.0,512.0,10077.0,10589.0,6344.0,6727.0,13071.0,24319.0,35125000,0.0188,35.85,Maintenance,2025,12,December,Saturday,1
2025-12-28,Kerala,436.0,154.0,0.0,590.0,372.0,4359.0,4731.0,1620.0,2359.0,3979.0,9300.0,35125000,0.0168,14.74,Maintenance,2025,12,December,Sunday,1
2025-12-29,Kerala,810.0,196.0,131.0,1137.0,171.0,3219.0,3390.0,5482.0,4746.0,10228.0,14755.0,35125000,0.0324,11.97,Maintenance,2025,12,December,Monday,0
2025-12-31,Kerala,949.0,1137.0,4.0,2090.0,0.0,0.0,0.0,0.0,0.0,0.0,2090.0,35125000,0.0595,0.0,Growth,2025,12,December,Wednesday,0
2025-03-01,Ladakh,0.0,0.0,0.0,0.0,749.0,1817.0,2566.0,458.0,498.0,956.0,3522.0,316000,0.0,3522.0,Maintenance,2025,3,March,Saturday,1
2025-04-01,Ladakh,0.0,0.0,0.0,0.0,0.0,0.0,0.0,438.0,565.0,1003.0,1003.0,316000,0.0,1003.0,Maintenance,2025,4,April,Tuesday,0
2025-05-01,Ladakh,0.0,0.0,0.0,0.0,0.0,0.0,0.0,236.0,316.0,552.0,552.0,316000,0.0,552.0,Maintenance,2025,5,May,Thursday,0
2025-06-01,Ladakh,0.0,0.0,0.0,0.0,0.0,0.0,0.0,100.0,239.0,339.0,339.0,316000,0.0,339.0,Maintenance,2025,6,June,Sunday,1
2025-07-01,Ladakh,0.0,0.0,0.0,0.0,0.0,0.0,0.0,127.0,525.0,652.0,652.0,316000,0.0,652.0,Maintenance,2025,7,July,Tuesday,0
2025-09-01,Ladakh,10.0,5.0,0.0,15.0,4.0,25.0,29.0,9.0,17.0,26.0,70.0,316000,0.0475,3.44,Growth,2025,9,September,Monday,0
2025-09-02,Ladakh,7.0,3.0,0.0,10.0,4.0,22.0,26.0,2.0,2.0,4.0,40.0,316000,0.0316,2.73,Growth,2025,9,September,Tuesday,0
2025-09-03,Ladakh,0.0,0.0,0.0,0.0,0.0,10.0,10.0,1.0,2.0,3.0,13.0,316000,0.0,13.0,Maintenance,2025,9,September,Wednesday,0
2025-09-04,Ladakh,7.0,1.0,2.0,10.0,3.0,22.0,25.0,6.0,13.0,19.0,54.0,316000,0.0316,4.0,Growth,2025,9,September,Thursday,0
2025-09-05,Ladakh,2.0,1.0,2.0,5.0,1.0,13.0,14.0,0.0,3.0,3.0,22.0,316000,0.0158,2.83,Growth,2025,9,September,Friday,0
2025-09-06,Ladakh,4.0,0.0,1.0,5.0,0.0,15.0,15.0,6.0,6.0,12.0,32.0,316000,0.0158,4.5,Growth,2025,9,September,Saturday,1
2025-09-07,Ladakh,1.0,0.0,0.0,1.0,2.0,2.0,4.0,2.0,2.0,4.0,9.0,316000,0.0032,4.0,Growth,2025,9,September,Sunday,1
2025-09-08,Ladakh,6.0,2.0,0.0,8.0,7.0,53.0,60.0,2.0,12.0,14.0,82.0,316000,0.0253,8.22,Maintenance,2025,9,September,Monday,0
2025-09-09,Ladakh,5.0,1.0,0.0,6.0,5.0,26.0,31.0,6.0,6.0,12.0,49.0,316000,0.019,6.14,Maintenance,2025,9,September,Tuesday,0
2025-09-10,Ladakh,22.0,2.0,0.0,24.0,0.0,29.0,29.0,7.0,11.0,18.0,71.0,316000,0.0759,1.88,Growth,2025,9,September,Wednesday,0
2025-09-11,Ladakh,3.0,0.0,0.0,3.0,2.0,31.0,33.0,3.0,2.0,5.0,41.0,316000,0.0095,9.5,Maintenance,2025,9,September,Thursday,0
2025-09-12,Ladakh,11.0,2.0,0.0,13.0,7.0,33.0,40.0,17.0,6.0,23.0,76.0,316000,0.0411,4.5,Growth,2025,9,September,Friday,0
2025-09-13,Ladakh,6.0,4.0,0.0,10.0,4.0,29.0,33.0,80.0,11.0,91.0,134.0,316000,0.0316,11.27,Maintenance,2025,9,September,Saturday,1
2025-09-14,Ladakh,0.0,0.0,0.0,0.0,0.0,3.0,3.0,2.0,0.0,2.0,5.0,316000,0.0,5.0,Growth,2025,9,September,Sunday,1
2025-09-15,Ladakh,9.0,1.0,0.0,10.0,4.0,5.0,9.0,96.0,12.0,108.0,127.0,316000,0.0316,10.64,Maintenance,2025,9,September,Monday,0
2025-09-16,Ladakh,4.0,4.0,0.0,8.0,2.0,25.0,27.0,77.0,14.0,91.0,126.0,316000,0.0253,13.11,Maintenance,2025,9,September,Tuesday,0
2025-09-17,Ladakh,5.0,2.0,0.0,7.0,6.0,44.0,50.0,70.0,12.0,82.0,139.0,316000,0.0222,16.5,Maintenance,2025,9,September,Wednesday,0
2025-09-18,Ladakh,5.0,3.0,0.0,8.0,3.0,15.0,18.0,75.0,2.0,77.0,103.0,316000,0.0253,10.56,Maintenance,2025,9,September,Thursday,0
2025-09-19,Ladakh,2.0,0.0,0.0,2.0,1.0,12.0,13.0,66.0,9.0,75.0,90.0,316000,0.0063,29.33,Maintenance,2025,9,September,Friday,0
2025-09-20,Ladakh,4.0,2.0,0.0,6.0,2.0,3.0,5.0,40.0,7.0,47.0,58.0,316000,0.019,7.43,Maintenance,2025,9,September,Saturday,1
2025-09-22,Ladakh,3.0,2.0,0.0,5.0,0.0,0.0,0.0,0.0,0.0,0.0,5.0,316000,0.0158,0.0,Growth,2025,9,September,Monday,0
2025-09-23,Ladakh,5.0,3.0,0.0,8.0,0.0,0.0,0.0,0.0,0.0,0.0,8.0,316000,0.0253,0.0,Growth,2025,9,September,Tuesday,0
2025-09-24,Ladakh,0.0,5.0,0.0,5.0,0.0,0.0,0.0,0.0,0.0,0.0,5.0,316000,0.0158,0.0,Growth,2025,9,September,Wednesday,0
2025-09-26,Ladakh,1.0,1.0,0.0,2.0,0.0,0.0,0.0,0.0,0.0,0.0,2.0,316000,0.0063,0.0,Growth,2025,9,September,Friday,0
2025-09-27,Ladakh,2.0,2.0,0.0,4.0,0.0,0.0,0.0,0.0,0.0,0.0,4.0,316000,0.0127,0.0,Growth,2025,9,September,Saturday,1
2025-10-13,Ladakh,6.0,4.0,0.0,10.0,0.0,1.0,1.0,0.0,0.0,0.0,11.0,316000,0.0316,0.09,Growth,2025,10,October,Monday,0
2025-10-15,Ladakh,5.0,2.0,2.0,9.0,8.0,22.0,30.0,29.0,10.0,39.0,78.0,316000,0.0285,6.9,Maintenance,2025,10,October,Wednesday,0
2025-10-16,Ladakh,7.0,3.0,0.0,10.0,8.0,35.0,43.0,17.0,12.0,29.0,82.0,316000,0.0316,6.55,Maintenance,2025,10,October,Thursday,0
2025-10-17,Ladakh,9.0,8.0,0.0,17.0,0.0,9.0,9.0,31.0,6.0,37.0,63.0,316000,0.0538,2.56,Growth,2025,10,October,Friday,0
2025-10-18,Ladakh,2.0,2.0,0.0,4.0,5.0,7.0,12.0,33.0,14.0,47.0,63.0,316000,0.0127,11.8,Maintenance,2025,10,October,Saturday,1
2025-10-19,Ladakh,0.0,0.0,0.0,0.0,4.0,17.0,21.0,14.0,4.0,18.0,39.0,316000,0.0,39.0,Maintenance,2025,10,October,Sunday,1
2025-10-20,Ladakh,1.0,2.0,0.0,3.0,5.0,5.0,10.0,2.0,1.0,3.0,16.0,316000,0.0095,3.25,Growth,2025,10,October,Monday,0
2025-10-21,Ladakh,1.0,0.0,1.0,2.0,0.0,6.0,6.0,6.0,2.0,8.0,16.0,316000,0.0063,4.67,Growth,2025,10,October,Tuesday,0
2025-10-22,Ladakh,0.0,0.0,0.0,0.0,1.0,0.0,1.0,1.0,0.0,1.0,2.0,316000,0.0,2.0,Growth,2025,10,October,Wednesday,0
2025-10-23,Ladakh,0.0,0.0,1.0,1.0,2.0,3.0,5.0,5.0,0.0,5.0,11.0,316000,0.0032,5.0,Growth,2025,10,October,Thursday,0
2025-10-24,Ladakh,5.0,5.0,0.0,10.0,5.0,16.0,21.0,37.0,6.0,43.0,74.0,316000,0.0316,5.82,Maintenance,2025,10,October,Friday,0
2025-10-25,Ladakh,6.0,1.0,0.0,7.0,4.0,10.0,14.0,46.0,9.0,55.0,76.0,316000,0.0222,8.62,Maintenance,2025,10,October,Saturday,1
2025-10-26,Ladakh,2.0,1.0,0.0,3.0,11.0,20.0,31.0,23.0,3.0,26.0,60.0,316000,0.0095,14.25,Maintenance,2025,10,October,Sunday,1
2025-10-27,Ladakh,1.0,0.0,0.0,1.0,3.0,15.0,18.0,18.0,7.0,25.0,44.0,316000,0.0032,21.5,Maintenance,2025,10,October,Monday,0
2025-10-28,Ladakh,2.0,1.0,0.0,3.0,7.0,23.0,30.0,11.0,3.0,14.0,47.0,316000,0.0095,11.0,Maintenance,2025,10,October,Tuesday,0
2025-10-29,Ladakh,3.0,1.0,0.0,4.0,3.0,10.0,13.0,16.0,4.0,20.0,37.0,316000,0.0127,6.6,Maintenance,2025,10,October,Wednesday,0
2025-10-30,Ladakh,11.0,8.0,0.0,19.0,9.0,22.0,31.0,18.0,16.0,34.0,84.0,316000,0.0601,3.25,Growth,2025,10,October,Thursday,0
2025-10-31,Ladakh,5.0,2.0,1.0,8.0,9.0,34.0,43.0,20.0,5.0,25.0,76.0,316000,0.0253,7.56,Maintenance,2025,10,October,Friday,0
2025-11-01,Ladakh,0.0,0.0,0.0,0.0,3.0,5.0,8.0,6.0,3.0,9.0,17.0,316000,0.0,17.0,Maintenance,2025,11,November,Saturday,1
2025-11-02,Ladakh,14.0,0.0,0.0,14.0,4.0,12.0,16.0,25.0,9.0,34.0,64.0,316000,0.0443,3.33,Growth,2025,11,November,Sunday,1
2025-11-03,Ladakh,4.0,2.0,0.0,6.0,8.0,32.0,40.0,17.0,12.0,29.0,75.0,316000,0.019,9.86,Maintenance,2025,11,November,Monday,0
2025-11-04,Ladakh,0.0,0.0,0.0,0.0,2.0,11.0,13.0,10.0,11.0,21.0,34.0,316000,0.0,34.0,Maintenance,2025,11,November,Tuesday,0
2025-11-05,Ladakh,11.0,2.0,0.0,13.0,6.0,26.0,32.0,11.0,8.0,19.0,64.0,316000,0.0411,3.64,Growth,2025,11,November,Wednesday,0
2025-11-06,Ladakh,3.0,2.0,0.0,5.0,7.0,42.0,49.0,13.0,9.0,22.0,76.0,316000,0.0158,11.83,Maintenance,2025,11,November,Thursday,0
2025-11-07,Ladakh,5.0,1.0,0.0,6.0,10.0,32.0,42.0,6.0,8.0,14.0,62.0,316000,0.019,8.0,Maintenance,2025,11,November,Friday,0
2025-11-08,Ladakh,6.0,1.0,0.0,7.0,7.0,17.0,24.0,11.0,6.0,17.0,48.0,316000,0.0222,5.12,Maintenance,2025,11,November,Saturday,1
2025-11-09,Ladakh,9.0,3.0,0.0,12.0,6.0,13.0,19.0,9.0,7.0,16.0,47.0,316000,0.038,2.69,Growth,2025,11,November,Sunday,1
2025-11-10,Ladakh,8.0,3.0,0.0,11.0,3.0,21.0,24.0,5.0,7.0,12.0,47.0,316000,0.0348,3.0,Growth,2025,11,November,Monday,0
2025-11-11,Ladakh,3.0,1.0,0.0,4.0,6.0,36.0,42.0,13.0,9.0,22.0,68.0,316000,0.0127,12.8,Maintenance,2025,11,November,Tuesday,0
2025-11-12,Ladakh,2.0,0.0,0.0,2.0,2.0,10.0,12.0,13.0,10.0,23.0,37.0,316000,0.0063,11.67,Maintenance,2025,11,November,Wednesday,0
2025-11-13,Ladakh,5.0,0.0,0.0,5.0,2.0,6.0,8.0,11.0,9.0,20.0,33.0,316000,0.0158,4.67,Growth,2025,11,November,Thursday,0
2025-11-14,Ladakh,6.0,2.0,2.0,10.0,8.0,23.0,31.0,14.0,7.0,21.0,62.0,316000,0.0316,4.73,Growth,2025,11,November,Friday,0
2025-11-15,Ladakh,18.0,5.0,2.0,25.0,7.0,35.0,42.0,6.0,8.0,14.0,81.0,316000,0.0791,2.15,Growth,2025,11,November,Saturday,1
2025-11-16,Ladakh,4.0,7.0,0.0,11.0,4.0,16.0,20.0,8.0,12.0,20.0,51.0,316000,0.0348,3.33,Growth,2025,11,November,Sunday,1
2025-11-17,Ladakh,2.0,0.0,0.0,2.0,6.0,30.0,36.0,15.0,17.0,32.0,70.0,316000,0.0063,22.67,Maintenance,2025,11,November,Monday,0
2025-11-18,Ladakh,6.0,1.0,0.0,7.0,18.0,72.0,90.0,12.0,13.0,25.0,122.0,316000,0.0222,14.38,Maintenance,2025,11,November,Tuesday,0
2025-11-19,Ladakh,16.0,2.0,1.0,19.0,5.0,73.0,78.0,16.0,14.0,30.0,127.0,316000,0.0601,5.4,Maintenance,2025,11,November,Wednesday,0
2025-11-25,Ladakh,13.0,0.0,1.0,14.0,6.0,28.0,34.0,17.0,11.0,28.0,76.0,316000,0.0443,4.13,Growth,2025,11,November,Tuesday,0
2025-11-26,Ladakh,0.0,0.0,0.0,0.0,2.0,3.0,5.0,0.0,0.0,0.0,5.0,316000,0.0,5.0,Growth,2025,11,November,Wednesday,0
2025-11-27,Ladakh,0.0,0.0,0.0,0.0,8.0,29.0,37.0,0.0,0.0,0.0,37.0,316000,0.0,37.0,Maintenance,2025,11,November,Thursday,0
2025-11-28,Ladakh,0.0,0.0,0.0,0.0,12.0,42.0,54.0,0.0,0.0,0.0,54.0,316000,0.0,54.0,Maintenance,2025,11,November,Friday,0
2025-11-29,Ladakh,0.0,0.0,0.0,0.0,5.0,16.0,21.0,0.0,0.0,0.0,21.0,316000,0.0,21.0,Maintenance,2025,11,November,Saturday,1
2025-12-01,Ladakh,0.0,0.0,0.0,0.0,7.0,27.0,34.0,12.0,16.0,28.0,62.0,316000,0.0,62.0,Maintenance,2025,12,December,Monday,0
2025-12-02,Ladakh,0.0,0.0,0.0,0.0,17.0,88.0,105.0,14.0,16.0,30.0,135.0,316000,0.0,135.0,Maintenance,2025,12,December,Tuesday,0
2025-12-03,Ladakh,0.0,0.0,0.0,0.0,23.0,68.0,91.0,14.0,13.0,27.0,118.0,316000,0.0,118.0,Maintenance,2025,12,December,Wednesday,0
2025-12-04,Ladakh,0.0,0.0,0.0,0.0,12.0,67.0,79.0,21.0,7.0,28.0,107.0,316000,0.0,107.0,Maintenance,2025,12,December,Thursday,0
2025-12-05,Ladakh,0.0,0.0,0.0,0.0,10.0,33.0,43.0,9.0,10.0,19.0,62.0,316000,0.0,62.0,Maintenance,2025,12,December,Friday,0
2025-12-06,Ladakh,0.0,0.0,0.0,0.0,10.0,62.0,72.0,15.0,13.0,28.0,100.0,316000,0.0,100.0,Maintenance,2025,12,December,Saturday,1
2025-12-07,Ladakh,0.0,0.0,0.0,0.0,15.0,39.0,54.0,6.0,19.0,25.0,79.0,316000,0.0,79.0,Maintenance,2025,12,December,Sunday,1
2025-12-08,Ladakh,0.0,0.0,0.0,0.0,18.0,75.0,93.0,12.0,16.0,28.0,121.0,316000,0.0,121.0,Maintenance,2025,12,December,Monday,0
2025-12-09,Ladakh,0.0,0.0,0.0,0.0,16.0,41.0,57.0,16.0,20.0,36.0,93.0,316000,0.0,93.0,Maintenance,2025,12,December,Tuesday,0
2025-12-10,Ladakh,0.0,0.0,0.0,0.0,18.0,39.0,57.0,8.0,9.0,17.0,74.0,316000,0.0,74.0,Maintenance,2025,12,December,Wednesday,0
2025-12-11,Ladakh,0.0,0.0,0.0,0.0,16.0,55.0,71.0,28.0,28.0,56.0,127.0,316000,0.0,127.0,Maintenance,2025,12,December,Thursday,0
2025-12-12,Ladakh,0.0,0.0,0.0,0.0,12.0,73.0,85.0,13.0,18.0,31.0,116.0,316000,0.0,116.0,Maintenance,2025,12,December,Friday,0
2025-12-13,Ladakh,0.0,0.0,0.0,0.0,18.0,71.0,89.0,13.0,8.0,21.0,110.0,316000,0.0,110.0,Maintenance,2025,12,December,Saturday,1
2025-12-14,Ladakh,0.0,0.0,0.0,0.0,7.0,37.0,44.0,2.0,22.0,24.0,68.0,316000,0.0,68.0,Maintenance,2025,12,December,Sunday,1
2025-12-15,Ladakh,27.0,3.0,1.0,31.0,4.0,22.0,26.0,15.0,17.0,32.0,89.0,316000,0.0981,1.81,Growth,2025,12,December,Monday,0
2025-12-16,Ladakh,0.0,0.0,0.0,0.0,12.0,40.0,52.0,22.0,17.0,39.0,91.0,316000,0.0,91.0,Maintenance,2025,12,December,Tuesday,0
2025-12-18,Ladakh,0.0,0.0,0.0,0.0,1.0,2.0,3.0,1.0,2.0,3.0,6.0,316000,0.0,6.0,Maintenance,2025,12,December,Thursday,0
2025-12-19,Ladakh,0.0,0.0,0.0,0.0,17.0,55.0,72.0,14.0,10.0,24.0,96.0,316000,0.0,96.0,Maintenance,2025,12,December,Friday,0
2025-12-20,Ladakh,0.0,0.0,0.0,0.0,11.0,21.0,32.0,8.0,7.0,15.0,47.0,316000,0.0,47.0,Maintenance,2025,12,December,Saturday,1
2025-12-21,Ladakh,9.0,0.0,0.0,9.0,4.0,26.0,30.0,0.0,0.0,0.0,39.0,316000,0.0285,3.0,Growth,2025,12,December,Sunday,1
2025-12-22,Ladakh,10.0,0.0,0.0,10.0,9.0,33.0,42.0,0.0,0.0,0.0,52.0,316000,0.0316,3.82,Growth,2025,12,December,Monday,0
2025-12-23,Ladakh,5.0,0.0,0.0,5.0,11.0,39.0,50.0,0.0,0.0,0.0,55.0,316000,0.0158,8.33,Maintenance,2025,12,December,Tuesday,0
2025-12-24,Ladakh,8.0,1.0,0.0,9.0,11.0,21.0,32.0,0.0,0.0,0.0,41.0,316000,0.0285,3.2,Growth,2025,12,December,Wednesday,0
2025-12-25,Ladakh,5.0,2.0,0.0,7.0,10.0,34.0,44.0,19.0,22.0,41.0,92.0,316000,0.0222,10.62,Maintenance,2025,12,December,Thursday,0
2025-12-26,Ladakh,18.0,1.0,0.0,19.0,16.0,65.0,81.0,17.0,27.0,44.0,144.0,316000,0.0601,6.25,Maintenance,2025,12,December,Friday,0
2025-12-27,Ladakh,10.0,4.0,0.0,14.0,5.0,20.0,25.0,13.0,15.0,28.0,67.0,316000,0.0443,3.53,Growth,2025,12,December,Saturday,1
2025-12-28,Ladakh,20.0,3.0,0.0,23.0,21.0,60.0,81.0,5.0,25.0,30.0,134.0,316000,0.0728,4.62,Growth,2025,12,December,Sunday,1
2025-12-29,Ladakh,26.0,0.0,1.0,27.0,7.0,28.0,35.0,21.0,13.0,34.0,96.0,316000,0.0854,2.46,Growth,2025,12,December,Monday,0
2025-12-31,Ladakh,3.0,1.0,0.0,4.0,0.0,0.0,0.0,0.0,0.0,0.0,4.0,316000,0.0127,0.0,Growth,2025,12,December,Wednesday,0
2025-03-01,Lakshadweep,0.0,0.0,0.0,0.0,0.0,0.0,0.0,198.0,227.0,425.0,425.0,73183,0.0,425.0,Maintenance,2025,3,March,Saturday,1
2025-04-01,Lakshadweep,0.0,0.0,0.0,0.0,0.0,0.0,0.0,386.0,320.0,706.0,706.0,73183,0.0,706.0,Maintenance,2025,4,April,Tuesday,0
2025-05-01,Lakshadweep,0.0,0.0,0.0,0.0,0.0,0.0,0.0,330.0,371.0,701.0,701.0,73183,0.0,701.0,Maintenance,2025,5,May,Thursday,0
2025-06-01,Lakshadweep,0.0,0.0,0.0,0.0,0.0,0.0,0.0,221.0,353.0,574.0,574.0,73183,0.0,574.0,Maintenance,2025,6,June,Sunday,1
2025-07-01,Lakshadweep,0.0,0.0,0.0,0.0,0.0,0.0,0.0,138.0,470.0,608.0,608.0,73183,0.0,608.0,Maintenance,2025,7,July,Tuesday,0
2025-09-01,Lakshadweep,1.0,0.0,0.0,1.0,0.0,10.0,10.0,1.0,14.0,15.0,26.0,73183,0.0137,12.5,Maintenance,2025,9,September,Monday,0
2025-09-02,Lakshadweep,1.0,0.0,0.0,1.0,2.0,17.0,19.0,7.0,7.0,14.0,34.0,73183,0.0137,16.5,Maintenance,2025,9,September,Tuesday,0
2025-09-03,Lakshadweep,3.0,0.0,0.0,3.0,0.0,13.0,13.0,3.0,8.0,11.0,27.0,73183,0.041,6.0,Maintenance,2025,9,September,Wednesday,0
2025-09-04,Lakshadweep,2.0,0.0,0.0,2.0,0.0,3.0,3.0,1.0,5.0,6.0,11.0,73183,0.0273,3.0,Growth,2025,9,September,Thursday,0
2025-09-06,Lakshadweep,1.0,1.0,0.0,2.0,0.0,7.0,7.0,4.0,9.0,13.0,22.0,73183,0.0273,6.67,Maintenance,2025,9,September,Saturday,1
2025-09-07,Lakshadweep,0.0,0.0,0.0,0.0,0.0,0.0,0.0,7.0,1.0,8.0,8.0,73183,0.0,8.0,Maintenance,2025,9,September,Sunday,1
2025-09-08,Lakshadweep,3.0,0.0,0.0,3.0,6.0,20.0,26.0,15.0,24.0,39.0,68.0,73183,0.041,16.25,Maintenance,2025,9,September,Monday,0
2025-09-09,Lakshadweep,3.0,0.0,0.0,3.0,2.0,3.0,5.0,4.0,15.0,19.0,27.0,73183,0.041,6.0,Maintenance,2025,9,September,Tuesday,0
2025-09-10,Lakshadweep,3.0,0.0,0.0,3.0,5.0,24.0,29.0,18.0,14.0,32.0,64.0,73183,0.041,15.25,Maintenance,2025,9,September,Wednesday,0
2025-09-11,Lakshadweep,6.0,1.0,0.0,7.0,0.0,13.0,13.0,5.0,9.0,14.0,34.0,73183,0.0957,3.38,Growth,2025,9,September,Thursday,0
2025-09-12,Lakshadweep,4.0,0.0,0.0,4.0,0.0,5.0,5.0,5.0,6.0,11.0,20.0,73183,0.0547,3.2,Growth,2025,9,September,Friday,0
2025-09-13,Lakshadweep,3.0,0.0,0.0,3.0,6.0,19.0,25.0,15.0,9.0,24.0,52.0,73183,0.041,12.25,Maintenance,2025,9,September,Saturday,1
2025-09-14,Lakshadweep,0.0,0.0,0.0,0.0,0.0,1.0,1.0,2.0,1.0,3.0,4.0,73183,0.0,4.0,Growth,2025,9,September,Sunday,1
2025-09-15,Lakshadweep,4.0,0.0,0.0,4.0,4.0,16.0,20.0,13.0,15.0,28.0,52.0,73183,0.0547,9.6,Maintenance,2025,9,September,Monday,0
2025-09-16,Lakshadweep,2.0,0.0,0.0,2.0,2.0,10.0,12.0,5.0,13.0,18.0,32.0,73183,0.0273,10.0,Maintenance,2025,9,September,Tuesday,0
2025-09-17,Lakshadweep,6.0,0.0,0.0,6.0,3.0,18.0,21.0,11.0,12.0,23.0,50.0,73183,0.082,6.29,Maintenance,2025,9,September,Wednesday,0
2025-09-18,Lakshadweep,5.0,1.0,0.0,6.0,3.0,6.0,9.0,6.0,17.0,23.0,38.0,73183,0.082,4.57,Growth,2025,9,September,Thursday,0
2025-09-19,Lakshadweep,1.0,1.0,0.0,2.0,2.0,7.0,9.0,10.0,8.0,18.0,29.0,73183,0.0273,9.0,Maintenance,2025,9,September,Friday,0
2025-09-20,Lakshadweep,1.0,0.0,0.0,1.0,0.0,16.0,16.0,10.0,12.0,22.0,39.0,73183,0.0137,19.0,Maintenance,2025,9,September,Saturday,1
2025-09-22,Lakshadweep,5.0,0.0,0.0,5.0,0.0,0.0,0.0,0.0,0.0,0.0,5.0,73183,0.0683,0.0,Growth,2025,9,September,Monday,0
2025-09-23,Lakshadweep,3.0,0.0,0.0,3.0,0.0,0.0,0.0,0.0,0.0,0.0,3.0,73183,0.041,0.0,Growth,2025,9,September,Tuesday,0
2025-09-24,Lakshadweep,1.0,0.0,0.0,1.0,0.0,0.0,0.0,0.0,0.0,0.0,1.0,73183,0.0137,0.0,Growth,2025,9,September,Wednesday,0
2025-09-25,Lakshadweep,2.0,0.0,0.0,2.0,0.0,0.0,0.0,0.0,0.0,0.0,2.0,73183,0.0273,0.0,Growth,2025,9,September,Thursday,0
2025-10-13,Lakshadweep,1.0,0.0,0.0,1.0,0.0,5.0,5.0,0.0,0.0,0.0,6.0,73183,0.0137,2.5,Growth,2025,10,October,Monday,0
2025-10-15,Lakshadweep,0.0,1.0,0.0,1.0,6.0,13.0,19.0,17.0,9.0,26.0,46.0,73183,0.0137,22.5,Maintenance,2025,10,October,Wednesday,0
2025-10-16,Lakshadweep,3.0,0.0,0.0,3.0,5.0,38.0,43.0,19.0,10.0,29.0,75.0,73183,0.041,18.0,Maintenance,2025,10,October,Thursday,0
2025-10-17,Lakshadweep,10.0,0.0,0.0,10.0,6.0,13.0,19.0,14.0,9.0,23.0,52.0,73183,0.1366,3.82,Growth,2025,10,October,Friday,0
2025-10-18,Lakshadweep,1.0,0.0,0.0,1.0,1.0,4.0,5.0,17.0,12.0,29.0,35.0,73183,0.0137,17.0,Maintenance,2025,10,October,Saturday,1
2025-10-19,Lakshadweep,3.0,0.0,0.0,3.0,5.0,9.0,14.0,52.0,19.0,71.0,88.0,73183,0.041,21.25,Maintenance,2025,10,October,Sunday,1
2025-10-20,Lakshadweep,2.0,0.0,0.0,2.0,2.0,6.0,8.0,22.0,5.0,27.0,37.0,73183,0.0273,11.67,Maintenance,2025,10,October,Monday,0
2025-10-21,Lakshadweep,3.0,0.0,0.0,3.0,2.0,1.0,3.0,12.0,2.0,14.0,20.0,73183,0.041,4.25,Growth,2025,10,October,Tuesday,0
2025-10-23,Lakshadweep,0.0,0.0,0.0,0.0,1.0,4.0,5.0,1.0,0.0,1.0,6.0,73183,0.0,6.0,Maintenance,2025,10,October,Thursday,0
2025-10-24,Lakshadweep,0.0,0.0,0.0,0.0,4.0,40.0,44.0,15.0,4.0,19.0,63.0,73183,0.0,63.0,Maintenance,2025,10,October,Friday,0
2025-10-25,Lakshadweep,3.0,1.0,0.0,4.0,0.0,4.0,4.0,45.0,19.0,64.0,72.0,73183,0.0547,13.6,Maintenance,2025,10,October,Saturday,1
2025-10-26,Lakshadweep,2.0,0.0,0.0,2.0,1.0,19.0,20.0,17.0,16.0,33.0,55.0,73183,0.0273,17.67,Maintenance,2025,10,October,Sunday,1
2025-10-27,Lakshadweep,0.0,0.0,0.0,0.0,2.0,8.0,10.0,13.0,11.0,24.0,34.0,73183,0.0,34.0,Maintenance,2025,10,October,Monday,0
2025-10-28,Lakshadweep,2.0,0.0,0.0,2.0,0.0,0.0,0.0,10.0,5.0,15.0,17.0,73183,0.0273,5.0,Growth,2025,10,October,Tuesday,0
2025-10-29,Lakshadweep,0.0,0.0,0.0,0.0,2.0,11.0,13.0,8.0,4.0,12.0,25.0,73183,0.0,25.0,Maintenance,2025,10,October,Wednesday,0
2025-10-30,Lakshadweep,9.0,0.0,0.0,9.0,1.0,12.0,13.0,17.0,19.0,36.0,58.0,73183,0.123,4.9,Growth,2025,10,October,Thursday,0
2025-10-31,Lakshadweep,3.0,0.0,0.0,3.0,0.0,17.0,17.0,21.0,14.0,35.0,55.0,73183,0.041,13.0,Maintenance,2025,10,October,Friday,0
2025-11-01,Lakshadweep,2.0,0.0,0.0,2.0,0.0,16.0,16.0,3.0,5.0,8.0,26.0,73183,0.0273,8.0,Maintenance,2025,11,November,Saturday,1
2025-11-02,Lakshadweep,10.0,2.0,0.0,12.0,2.0,1.0,3.0,11.0,4.0,15.0,30.0,73183,0.164,1.38,Growth,2025,11,November,Sunday,1
2025-11-03,Lakshadweep,2.0,0.0,0.0,2.0,4.0,10.0,14.0,8.0,6.0,14.0,30.0,73183,0.0273,9.33,Maintenance,2025,11,November,Monday,0
2025-11-04,Lakshadweep,0.0,0.0,0.0,0.0,2.0,9.0,11.0,10.0,12.0,22.0,33.0,73183,0.0,33.0,Maintenance,2025,11,November,Tuesday,0
2025-11-05,Lakshadweep,4.0,1.0,0.0,5.0,3.0,7.0,10.0,13.0,18.0,31.0,46.0,73183,0.0683,6.83,Maintenance,2025,11,November,Wednesday,0
2025-11-06,Lakshadweep,5.0,0.0,0.0,5.0,3.0,20.0,23.0,6.0,6.0,12.0,40.0,73183,0.0683,5.83,Maintenance,2025,11,November,Thursday,0
2025-11-07,Lakshadweep,1.0,0.0,0.0,1.0,4.0,12.0,16.0,6.0,6.0,12.0,29.0,73183,0.0137,14.0,Maintenance,2025,11,November,Friday,0
2025-11-08,Lakshadweep,1.0,0.0,0.0,1.0,4.0,10.0,14.0,5.0,15.0,20.0,35.0,73183,0.0137,17.0,Maintenance,2025,11,November,Saturday,1
2025-11-09,Lakshadweep,2.0,0.0,0.0,2.0,4.0,0.0,4.0,4.0,7.0,11.0,17.0,73183,0.0273,5.0,Growth,2025,11,November,Sunday,1
2025-11-10,Lakshadweep,7.0,0.0,0.0,7.0,3.0,22.0,25.0,2.0,6.0,8.0,40.0,73183,0.0957,4.12,Growth,2025,11,November,Monday,0
2025-11-11,Lakshadweep,1.0,0.0,0.0,1.0,2.0,5.0,7.0,9.0,10.0,19.0,27.0,73183,0.0137,13.0,Maintenance,2025,11,November,Tuesday,0
2025-11-12,Lakshadweep,0.0,0.0,0.0,0.0,2.0,6.0,8.0,24.0,20.0,44.0,52.0,73183,0.0,52.0,Maintenance,2025,11,November,Wednesday,0
2025-11-13,Lakshadweep,1.0,0.0,0.0,1.0,0.0,4.0,4.0,25.0,19.0,44.0,49.0,73183,0.0137,24.0,Maintenance,2025,11,November,Thursday,0
2025-11-14,Lakshadweep,2.0,0.0,0.0,2.0,1.0,4.0,5.0,27.0,15.0,42.0,49.0,73183,0.0273,15.67,Maintenance,2025,11,November,Friday,0
2025-11-15,Lakshadweep,5.0,0.0,0.0,5.0,5.0,16.0,21.0,10.0,6.0,16.0,42.0,73183,0.0683,6.17,Maintenance,2025,11,November,Saturday,1
2025-11-16,Lakshadweep,3.0,0.0,0.0,3.0,2.0,9.0,11.0,10.0,7.0,17.0,31.0,73183,0.041,7.0,Maintenance,2025,11,November,Sunday,1
2025-11-17,Lakshadweep,1.0,0.0,1.0,2.0,2.0,10.0,12.0,4.0,6.0,10.0,24.0,73183,0.0273,7.33,Maintenance,2025,11,November,Monday,0
2025-11-18,Lakshadweep,1.0,0.0,0.0,1.0,4.0,14.0,18.0,7.0,8.0,15.0,34.0,73183,0.0137,16.5,Maintenance,2025,11,November,Tuesday,0
2025-11-19,Lakshadweep,5.0,1.0,0.0,6.0,1.0,17.0,18.0,5.0,11.0,16.0,40.0,73183,0.082,4.86,Growth,2025,11,November,Wednesday,0
2025-11-25,Lakshadweep,6.0,0.0,0.0,6.0,0.0,4.0,4.0,38.0,26.0,64.0,74.0,73183,0.082,9.71,Maintenance,2025,11,November,Tuesday,0
2025-11-26,Lakshadweep,0.0,0.0,0.0,0.0,0.0,2.0,2.0,0.0,0.0,0.0,2.0,73183,0.0,2.0,Growth,2025,11,November,Wednesday,0
2025-11-27,Lakshadweep,0.0,0.0,0.0,0.0,0.0,34.0,34.0,0.0,0.0,0.0,34.0,73183,0.0,34.0,Maintenance,2025,11,November,Thursday,0
2025-11-28,Lakshadweep,0.0,0.0,0.0,0.0,2.0,9.0,11.0,0.0,0.0,0.0,11.0,73183,0.0,11.0,Maintenance,2025,11,November,Friday,0
2025-11-29,Lakshadweep,0.0,0.0,0.0,0.0,1.0,11.0,12.0,0.0,0.0,0.0,12.0,73183,0.0,12.0,Maintenance,2025,11,November,Saturday,1
2025-12-01,Lakshadweep,0.0,0.0,0.0,0.0,0.0,0.0,0.0,17.0,13.0,30.0,30.0,73183,0.0,30.0,Maintenance,2025,12,December,Monday,0
2025-12-02,Lakshadweep,0.0,0.0,0.0,0.0,0.0,9.0,9.0,29.0,13.0,42.0,51.0,73183,0.0,51.0,Maintenance,2025,12,December,Tuesday,0
2025-12-03,Lakshadweep,0.0,0.0,0.0,0.0,3.0,25.0,28.0,14.0,13.0,27.0,55.0,73183,0.0,55.0,Maintenance,2025,12,December,Wednesday,0
2025-12-04,Lakshadweep,0.0,0.0,0.0,0.0,0.0,18.0,18.0,7.0,11.0,18.0,36.0,73183,0.0,36.0,Maintenance,2025,12,December,Thursday,0
2025-12-05,Lakshadweep,0.0,0.0,0.0,0.0,3.0,2.0,5.0,15.0,18.0,33.0,38.0,73183,0.0,38.0,Maintenance,2025,12,December,Friday,0
2025-12-06,Lakshadweep,0.0,0.0,0.0,0.0,1.0,24.0,25.0,16.0,15.0,31.0,56.0,73183,0.0,56.0,Maintenance,2025,12,December,Saturday,1
2025-12-07,Lakshadweep,0.0,0.0,0.0,0.0,0.0,12.0,12.0,14.0,20.0,34.0,46.0,73183,0.0,46.0,Maintenance,2025,12,December,Sunday,1
2025-12-08,Lakshadweep,0.0,0.0,0.0,0.0,8.0,25.0,33.0,11.0,12.0,23.0,56.0,73183,0.0,56.0,Maintenance,2025,12,December,Monday,0
2025-12-09,Lakshadweep,0.0,0.0,0.0,0.0,2.0,17.0,19.0,9.0,17.0,26.0,45.0,73183,0.0,45.0,Maintenance,2025,12,December,Tuesday,0
2025-12-10,Lakshadweep,0.0,0.0,0.0,0.0,0.0,15.0,15.0,8.0,18.0,26.0,41.0,73183,0.0,41.0,Maintenance,2025,12,December,Wednesday,0
2025-12-11,Lakshadweep,0.0,0.0,0.0,0.0,1.0,20.0,21.0,16.0,14.0,30.0,51.0,73183,0.0,51.0,Maintenance,2025,12,December,Thursday,0
2025-12-12,Lakshadweep,0.0,0.0,0.0,0.0,3.0,19.0,22.0,7.0,14.0,21.0,43.0,73183,0.0,43.0,Maintenance,2025,12,December,Friday,0
2025-12-13,Lakshadweep,0.0,0.0,0.0,0.0,1.0,22.0,23.0,20.0,11.0,31.0,54.0,73183,0.0,54.0,Maintenance,2025,12,December,Saturday,1
2025-12-14,Lakshadweep,0.0,0.0,0.0,0.0,0.0,8.0,8.0,14.0,9.0,23.0,31.0,73183,0.0,31.0,Maintenance,2025,12,December,Sunday,1
2025-12-15,Lakshadweep,9.0,0.0,0.0,9.0,0.0,1.0,1.0,6.0,6.0,12.0,22.0,73183,0.123,1.3,Growth,2025,12,December,Monday,0
2025-12-16,Lakshadweep,0.0,0.0,0.0,0.0,4.0,23.0,27.0,10.0,12.0,22.0,49.0,73183,0.0,49.0,Maintenance,2025,12,December,Tuesday,0
2025-12-18,Lakshadweep,0.0,0.0,0.0,0.0,0.0,3.0,3.0,4.0,0.0,4.0,7.0,73183,0.0,7.0,Maintenance,2025,12,December,Thursday,0
2025-12-19,Lakshadweep,0.0,0.0,0.0,0.0,3.0,11.0,14.0,7.0,8.0,15.0,29.0,73183,0.0,29.0,Maintenance,2025,12,December,Friday,0
2025-12-20,Lakshadweep,0.0,0.0,0.0,0.0,2.0,8.0,10.0,4.0,7.0,11.0,21.0,73183,0.0,21.0,Maintenance,2025,12,December,Saturday,1
2025-12-21,Lakshadweep,2.0,0.0,0.0,2.0,1.0,2.0,3.0,0.0,0.0,0.0,5.0,73183,0.0273,1.0,Growth,2025,12,December,Sunday,1
2025-12-22,Lakshadweep,5.0,0.0,0.0,5.0,0.0,2.0,2.0,0.0,0.0,0.0,7.0,73183,0.0683,0.33,Growth,2025,12,December,Monday,0
2025-12-23,Lakshadweep,2.0,0.0,0.0,2.0,4.0,5.0,9.0,0.0,0.0,0.0,11.0,73183,0.0273,3.0,Growth,2025,12,December,Tuesday,0
2025-12-24,Lakshadweep,2.0,0.0,0.0,2.0,2.0,21.0,23.0,0.0,0.0,0.0,25.0,73183,0.0273,7.67,Maintenance,2025,12,December,Wednesday,0
2025-12-25,Lakshadweep,1.0,0.0,0.0,1.0,0.0,5.0,5.0,17.0,15.0,32.0,38.0,73183,0.0137,18.5,Maintenance,2025,12,December,Thursday,0
2025-12-26,Lakshadweep,0.0,0.0,0.0,0.0,6.0,10.0,16.0,13.0,13.0,26.0,42.0,73183,0.0,42.0,Maintenance,2025,12,December,Friday,0
2025-12-27,Lakshadweep,0.0,0.0,0.0,0.0,0.0,23.0,23.0,11.0,7.0,18.0,41.0,73183,0.0,41.0,Maintenance,2025,12,December,Saturday,1
2025-12-28,Lakshadweep,1.0,0.0,0.0,1.0,1.0,10.0,11.0,2.0,5.0,7.0,19.0,73183,0.0137,9.0,Maintenance,2025,12,December,Sunday,1
2025-12-29,Lakshadweep,6.0,0.0,0.0,6.0,1.0,2.0,3.0,13.0,12.0,25.0,34.0,73183,0.082,4.0,Growth,2025,12,December,Monday,0
2025-12-31,Lakshadweep,3.0,0.0,0.0,3.0,0.0,0.0,0.0,0.0,0.0,0.0,3.0,73183,0.041,0.0,Growth,2025,12,December,Wednesday,0
2025-12-27,Madanapalle,0.0,0.0,0.0,0.0,0.0,2.0,2.0,0.0,0.0,0.0,2.0,24435828,0.0,2.0,Growth,2025,12,December,Saturday,1
2025-03-01,Madhya Pradesh,0.0,0.0,0.0,0.0,73640.0,590312.0,663952.0,294961.0,368397.0,663358.0,1327310.0,82232000,0.0,1327310.0,Maintenance,2025,3,March,Saturday,1
2025-03-09,Madhya Pradesh,132.0,74.0,36.0,242.0,0.0,0.0,0.0,0.0,0.0,0.0,242.0,82232000,0.0029,0.0,Growth,2025,3,March,Sunday,1
2025-03-20,Madhya Pradesh,73.0,25.0,18.0,116.0,0.0,0.0,0.0,0.0,0.0,0.0,116.0,82232000,0.0014,0.0,Growth,2025,3,March,Thursday,0
2025-03-23,Madhya Pradesh,10.0,21.0,16.0,47.0,0.0,0.0,0.0,0.0,0.0,0.0,47.0,82232000,0.0006,0.0,Growth,2025,3,March,Sunday,1
2025-03-27,Madhya Pradesh,71.0,41.0,25.0,137.0,0.0,0.0,0.0,0.0,0.0,0.0,137.0,82232000,0.0017,0.0,Growth,2025,3,March,Thursday,0
2025-04-01,Madhya Pradesh,12077.0,4146.0,1128.0,17351.0,29556.0,151458.0,181014.0,501173.0,333497.0,834670.0,1033035.0,82232000,0.211,58.53,Maintenance,2025,4,April,Tuesday,0
2025-05-01,Madhya Pradesh,7221.0,3018.0,364.0,10603.0,40292.0,222970.0,263262.0,469737.0,309327.0,779064.0,1052929.0,82232000,0.1289,98.3,Maintenance,2025,5,May,Thursday,0
2025-06-01,Madhya Pradesh,9708.0,7774.0,672.0,18154.0,37214.0,166666.0,203880.0,538546.0,352585.0,891131.0,1113165.0,82232000,0.2208,60.31,Maintenance,2025,6,June,Sunday,1
2025-07-01,Madhya Pradesh,34979.0,26040.0,2169.0,63188.0,65004.0,271813.0,336817.0,536751.0,467284.0,1004035.0,1404040.0,82232000,0.7684,21.22,Maintenance,2025,7,July,Tuesday,0
2025-09-01,Madhya Pradesh,4503.0,1747.0,55.0,6305.0,1868.0,14464.0,16332.0,13912.0,19678.0,33590.0,56227.0,82232000,0.0767,7.92,Maintenance,2025,9,September,Monday,0
2025-09-02,Madhya Pradesh,4984.0,1718.0,57.0,6759.0,1956.0,16458.0,18414.0,11081.0,15589.0,26670.0,51843.0,82232000,0.0822,6.67,Maintenance,2025,9,September,Tuesday,0
2025-09-03,Madhya Pradesh,4070.0,1522.0,53.0,5645.0,1919.0,11044.0,12963.0,10505.0,13539.0,24044.0,42652.0,82232000,0.0686,6.55,Maintenance,2025,9,September,Wednesday,0
2025-09-04,Madhya Pradesh,4123.0,1531.0,44.0,5698.0,2206.0,11812.0,14018.0,12784.0,16602.0,29386.0,49102.0,82232000,0.0693,7.62,Maintenance,2025,9,September,Thursday,0
2025-09-05,Madhya Pradesh,636.0,206.0,4.0,846.0,789.0,5776.0,6565.0,952.0,1024.0,1976.0,9387.0,82232000,0.0103,10.08,Maintenance,2025,9,September,Friday,0
2025-09-06,Madhya Pradesh,2954.0,915.0,43.0,3912.0,1289.0,7317.0,8606.0,7175.0,8131.0,15306.0,27824.0,82232000,0.0476,6.11,Maintenance,2025,9,September,Saturday,1
2025-09-07,Madhya Pradesh,418.0,71.0,7.0,496.0,175.0,1461.0,1636.0,308.0,290.0,598.0,2730.0,82232000,0.006,4.49,Growth,2025,9,September,Sunday,1
2025-09-08,Madhya Pradesh,5697.0,2023.0,59.0,7779.0,4335.0,23734.0,28069.0,17897.0,22679.0,40576.0,76424.0,82232000,0.0946,8.82,Maintenance,2025,9,September,Monday,0
2025-09-09,Madhya Pradesh,6435.0,2133.0,52.0,8620.0,3453.0,19753.0,23206.0,14824.0,17921.0,32745.0,64571.0,82232000,0.1048,6.49,Maintenance,2025,9,September,Tuesday,0
2025-09-10,Madhya Pradesh,6175.0,2020.0,65.0,8260.0,3997.0,22200.0,26197.0,9169.0,10897.0,20066.0,54523.0,82232000,0.1004,5.6,Maintenance,2025,9,September,Wednesday,0
2025-09-11,Madhya Pradesh,4890.0,1764.0,53.0,6707.0,2868.0,16448.0,19316.0,14035.0,16835.0,30870.0,56893.0,82232000,0.0816,7.48,Maintenance,2025,9,September,Thursday,0
2025-09-12,Madhya Pradesh,6058.0,1827.0,45.0,7930.0,2955.0,16851.0,19806.0,14084.0,16170.0,30254.0,57990.0,82232000,0.0964,6.31,Maintenance,2025,9,September,Friday,0
2025-09-13,Madhya Pradesh,4696.0,1457.0,33.0,6186.0,2930.0,15217.0,18147.0,11838.0,12407.0,24245.0,48578.0,82232000,0.0752,6.85,Maintenance,2025,9,September,Saturday,1
2025-09-14,Madhya Pradesh,479.0,96.0,29.0,604.0,200.0,1924.0,2124.0,542.0,508.0,1050.0,3778.0,82232000,0.0073,5.25,Maintenance,2025,9,September,Sunday,1
2025-09-15,Madhya Pradesh,3693.0,1509.0,36.0,5238.0,2534.0,15517.0,18051.0,14836.0,17223.0,32059.0,55348.0,82232000,0.0637,9.56,Maintenance,2025,9,September,Monday,0
2025-09-16,Madhya Pradesh,4924.0,1752.0,60.0,6736.0,2424.0,15848.0,18272.0,14783.0,17499.0,32282.0,57290.0,82232000,0.0819,7.5,Maintenance,2025,9,September,Tuesday,0
2025-09-17,Madhya Pradesh,5157.0,1806.0,55.0,7018.0,3332.0,22937.0,26269.0,13803.0,16576.0,30379.0,63666.0,82232000,0.0853,8.07,Maintenance,2025,9,September,Wednesday,0
2025-09-18,Madhya Pradesh,4583.0,1482.0,39.0,6104.0,2406.0,19116.0,21522.0,13345.0,16595.0,29940.0,57566.0,82232000,0.0742,8.43,Maintenance,2025,9,September,Thursday,0
2025-09-19,Madhya Pradesh,3545.0,819.0,35.0,4399.0,1193.0,10006.0,11199.0,7223.0,7238.0,14461.0,30059.0,82232000,0.0535,5.83,Maintenance,2025,9,September,Friday,0
2025-09-20,Madhya Pradesh,3412.0,1150.0,16.0,4578.0,1551.0,12428.0,13979.0,11224.0,12776.0,24000.0,42557.0,82232000,0.0557,8.29,Maintenance,2025,9,September,Saturday,1
2025-09-21,Madhya Pradesh,72.0,38.0,0.0,110.0,0.0,0.0,0.0,0.0,0.0,0.0,110.0,82232000,0.0013,0.0,Growth,2025,9,September,Sunday,1
2025-09-22,Madhya Pradesh,2591.0,1284.0,24.0,3899.0,0.0,0.0,0.0,0.0,0.0,0.0,3899.0,82232000,0.0474,0.0,Growth,2025,9,September,Monday,0
2025-09-23,Madhya Pradesh,3050.0,1348.0,16.0,4414.0,0.0,0.0,0.0,0.0,0.0,0.0,4414.0,82232000,0.0537,0.0,Growth,2025,9,September,Tuesday,0
2025-09-24,Madhya Pradesh,3838.0,1148.0,16.0,5002.0,0.0,0.0,0.0,0.0,0.0,0.0,5002.0,82232000,0.0608,0.0,Growth,2025,9,September,Wednesday,0
2025-09-25,Madhya Pradesh,3408.0,1047.0,20.0,4475.0,0.0,0.0,0.0,0.0,0.0,0.0,4475.0,82232000,0.0544,0.0,Growth,2025,9,September,Thursday,0
2025-09-26,Madhya Pradesh,2448.0,768.0,11.0,3227.0,0.0,0.0,0.0,0.0,0.0,0.0,3227.0,82232000,0.0392,0.0,Growth,2025,9,September,Friday,0
2025-09-27,Madhya Pradesh,772.0,221.0,7.0,1000.0,0.0,0.0,0.0,0.0,0.0,0.0,1000.0,82232000,0.0122,0.0,Growth,2025,9,September,Saturday,1
2025-09-28,Madhya Pradesh,51.0,10.0,0.0,61.0,0.0,0.0,0.0,0.0,0.0,0.0,61.0,82232000,0.0007,0.0,Growth,2025,9,September,Sunday,1
2025-09-29,Madhya Pradesh,336.0,129.0,5.0,470.0,0.0,0.0,0.0,0.0,0.0,0.0,470.0,82232000,0.0057,0.0,Growth,2025,9,September,Monday,0
2025-09-30,Madhya Pradesh,18.0,21.0,0.0,39.0,0.0,0.0,0.0,0.0,0.0,0.0,39.0,82232000,0.0005,0.0,Growth,2025,9,September,Tuesday,0
2025-10-13,Madhya Pradesh,3646.0,818.0,54.0,4518.0,352.0,5872.0,6224.0,12.0,6.0,18.0,10760.0,82232000,0.0549,1.38,Growth,2025,10,October,Monday,0
2025-10-15,Madhya Pradesh,3915.0,867.0,144.0,4926.0,2799.0,15376.0,18175.0,11189.0,10859.0,22048.0,45149.0,82232000,0.0599,8.16,Maintenance,2025,10,October,Wednesday,0
2025-10-16,Madhya Pradesh,1890.0,489.0,114.0,2493.0,3633.0,18762.0,22395.0,9493.0,9610.0,19103.0,43991.0,82232000,0.0303,16.64,Maintenance,2025,10,October,Thursday,0
2025-10-17,Madhya Pradesh,5961.0,1490.0,276.0,7727.0,905.0,7966.0,8871.0,6422.0,5959.0,12381.0,28979.0,82232000,0.094,2.75,Growth,2025,10,October,Friday,0
2025-10-18,Madhya Pradesh,3372.0,735.0,86.0,4193.0,1249.0,7808.0,9057.0,12454.0,12063.0,24517.0,37767.0,82232000,0.051,8.01,Maintenance,2025,10,October,Saturday,1
2025-10-19,Madhya Pradesh,2811.0,542.0,3.0,3356.0,2359.0,9041.0,11400.0,6647.0,6886.0,13533.0,28289.0,82232000,0.0408,7.43,Maintenance,2025,10,October,Sunday,1
2025-10-20,Madhya Pradesh,505.0,84.0,2.0,591.0,432.0,1834.0,2266.0,164.0,319.0,483.0,3340.0,82232000,0.0072,4.64,Growth,2025,10,October,Monday,0
2025-10-21,Madhya Pradesh,203.0,60.0,18.0,281.0,693.0,2369.0,3062.0,358.0,586.0,944.0,4287.0,82232000,0.0034,14.21,Maintenance,2025,10,October,Tuesday,0
2025-10-22,Madhya Pradesh,12.0,1.0,1.0,14.0,92.0,323.0,415.0,16.0,35.0,51.0,480.0,82232000,0.0002,31.07,Maintenance,2025,10,October,Wednesday,0
2025-10-23,Madhya Pradesh,9.0,1.0,16.0,26.0,227.0,1069.0,1296.0,255.0,256.0,511.0,1833.0,82232000,0.0003,66.93,Maintenance,2025,10,October,Thursday,0
2025-10-24,Madhya Pradesh,1062.0,225.0,38.0,1325.0,1197.0,9518.0,10715.0,4030.0,4279.0,8309.0,20349.0,82232000,0.0161,14.35,Maintenance,2025,10,October,Friday,0
2025-10-25,Madhya Pradesh,3126.0,612.0,14.0,3752.0,1182.0,13321.0,14503.0,5220.0,5819.0,11039.0,29294.0,82232000,0.0456,6.81,Maintenance,2025,10,October,Saturday,1
2025-10-26,Madhya Pradesh,1425.0,468.0,27.0,1920.0,1154.0,15189.0,16343.0,7859.0,9009.0,16868.0,35131.0,82232000,0.0233,17.29,Maintenance,2025,10,October,Sunday,1
2025-10-27,Madhya Pradesh,1223.0,248.0,133.0,1604.0,452.0,4231.0,4683.0,10939.0,13305.0,24244.0,30531.0,82232000,0.0195,18.02,Maintenance,2025,10,October,Monday,0
2025-10-28,Madhya Pradesh,2416.0,535.0,70.0,3021.0,755.0,7763.0,8518.0,5659.0,6817.0,12476.0,24015.0,82232000,0.0367,6.95,Maintenance,2025,10,October,Tuesday,0
2025-10-29,Madhya Pradesh,1587.0,300.0,61.0,1948.0,1347.0,12519.0,13866.0,11820.0,13464.0,25284.0,41098.0,82232000,0.0237,20.09,Maintenance,2025,10,October,Wednesday,0
2025-10-30,Madhya Pradesh,11394.0,2991.0,161.0,14546.0,1303.0,11919.0,13222.0,9957.0,11788.0,21745.0,49513.0,82232000,0.1769,2.4,Growth,2025,10,October,Thursday,0
2025-10-31,Madhya Pradesh,5814.0,1477.0,93.0,7384.0,1680.0,19359.0,21039.0,8764.0,9308.0,18072.0,46495.0,82232000,0.0898,5.3,Maintenance,2025,10,October,Friday,0
2025-11-01,Madhya Pradesh,1048.0,231.0,18.0,1297.0,986.0,10232.0,11218.0,6110.0,6585.0,12695.0,25210.0,82232000,0.0158,18.42,Maintenance,2025,11,November,Saturday,1
2025-11-02,Madhya Pradesh,7914.0,2097.0,5.0,10016.0,834.0,4353.0,5187.0,17690.0,17118.0,34808.0,50011.0,82232000,0.1218,3.99,Growth,2025,11,November,Sunday,1
2025-11-03,Madhya Pradesh,2137.0,556.0,60.0,2753.0,3190.0,17246.0,20436.0,18496.0,19568.0,38064.0,61253.0,82232000,0.0335,21.24,Maintenance,2025,11,November,Monday,0
2025-11-04,Madhya Pradesh,114.0,18.0,0.0,132.0,1914.0,18293.0,20207.0,1193.0,1783.0,2976.0,23315.0,82232000,0.0016,174.31,Maintenance,2025,11,November,Tuesday,0
2025-11-05,Madhya Pradesh,5978.0,1078.0,17.0,7073.0,1555.0,8569.0,10124.0,8183.0,10198.0,18381.0,35578.0,82232000,0.086,4.03,Growth,2025,11,November,Wednesday,0
2025-11-06,Madhya Pradesh,3151.0,586.0,125.0,3862.0,3790.0,19276.0,23066.0,13575.0,14156.0,27731.0,54659.0,82232000,0.047,13.15,Maintenance,2025,11,November,Thursday,0
2025-11-07,Madhya Pradesh,3459.0,658.0,89.0,4206.0,3313.0,20280.0,23593.0,5643.0,7021.0,12664.0,40463.0,82232000,0.0511,8.62,Maintenance,2025,11,November,Friday,0
2025-11-08,Madhya Pradesh,4637.0,958.0,30.0,5625.0,1576.0,11272.0,12848.0,6552.0,7220.0,13772.0,32245.0,82232000,0.0684,4.73,Growth,2025,11,November,Saturday,1
2025-11-09,Madhya Pradesh,4342.0,733.0,3.0,5078.0,1074.0,4507.0,5581.0,12900.0,14351.0,27251.0,37910.0,82232000,0.0618,6.46,Maintenance,2025,11,November,Sunday,1
2025-11-10,Madhya Pradesh,5038.0,980.0,66.0,6084.0,1743.0,13827.0,15570.0,8726.0,9111.0,17837.0,39491.0,82232000,0.074,5.49,Maintenance,2025,11,November,Monday,0
2025-11-11,Madhya Pradesh,4085.0,891.0,112.0,5088.0,2079.0,12872.0,14951.0,10474.0,12092.0,22566.0,42605.0,82232000,0.0619,7.37,Maintenance,2025,11,November,Tuesday,0
2025-11-12,Madhya Pradesh,2377.0,587.0,226.0,3190.0,1611.0,14236.0,15847.0,8837.0,9654.0,18491.0,37528.0,82232000,0.0388,10.76,Maintenance,2025,11,November,Wednesday,0
2025-11-13,Madhya Pradesh,2152.0,437.0,156.0,2745.0,833.0,5954.0,6787.0,12327.0,14511.0,26838.0,36370.0,82232000,0.0334,12.25,Maintenance,2025,11,November,Thursday,0
2025-11-14,Madhya Pradesh,3799.0,678.0,87.0,4564.0,1564.0,12869.0,14433.0,3830.0,4782.0,8612.0,27609.0,82232000,0.0555,5.05,Maintenance,2025,11,November,Friday,0
2025-11-15,Madhya Pradesh,10837.0,2038.0,55.0,12930.0,1321.0,9999.0,11320.0,4562.0,5533.0,10095.0,34345.0,82232000,0.1572,1.66,Growth,2025,11,November,Saturday,1
2025-11-16,Madhya Pradesh,3757.0,700.0,20.0,4477.0,376.0,2416.0,2792.0,11613.0,12720.0,24333.0,31602.0,82232000,0.0544,6.06,Maintenance,2025,11,November,Sunday,1
2025-11-17,Madhya Pradesh,2178.0,472.0,145.0,2795.0,988.0,8661.0,9649.0,11806.0,13300.0,25106.0,37550.0,82232000,0.034,12.43,Maintenance,2025,11,November,Monday,0
2025-11-18,Madhya Pradesh,4246.0,836.0,284.0,5366.0,1876.0,15982.0,17858.0,8201.0,10980.0,19181.0,42405.0,82232000,0.0653,6.9,Maintenance,2025,11,November,Tuesday,0
2025-11-19,Madhya Pradesh,9395.0,1666.0,254.0,11315.0,2105.0,17286.0,19391.0,4979.0,7249.0,12228.0,42934.0,82232000,0.1376,2.79,Growth,2025,11,November,Wednesday,0
2025-11-25,Madhya Pradesh,4118.0,730.0,95.0,4943.0,651.0,4651.0,5302.0,12548.0,12342.0,24890.0,35135.0,82232000,0.0601,6.11,Maintenance,2025,11,November,Tuesday,0
2025-11-26,Madhya Pradesh,0.0,0.0,0.0,0.0,666.0,7401.0,8067.0,0.0,0.0,0.0,8067.0,82232000,0.0,8067.0,Maintenance,2025,11,November,Wednesday,0
2025-11-27,Madhya Pradesh,0.0,0.0,0.0,0.0,1890.0,20155.0,22045.0,0.0,0.0,0.0,22045.0,82232000,0.0,22045.0,Maintenance,2025,11,November,Thursday,0
2025-11-28,Madhya Pradesh,0.0,0.0,0.0,0.0,1678.0,14763.0,16441.0,0.0,0.0,0.0,16441.0,82232000,0.0,16441.0,Maintenance,2025,11,November,Friday,0
2025-11-29,Madhya Pradesh,0.0,0.0,0.0,0.0,1212.0,7918.0,9130.0,0.0,0.0,0.0,9130.0,82232000,0.0,9130.0,Maintenance,2025,11,November,Saturday,1
2025-12-01,Madhya Pradesh,0.0,0.0,0.0,0.0,1373.0,8235.0,9608.0,23893.0,16531.0,40424.0,50032.0,82232000,0.0,50032.0,Maintenance,2025,12,December,Monday,0
2025-12-02,Madhya Pradesh,0.0,0.0,0.0,0.0,1792.0,11636.0,13428.0,19239.0,14884.0,34123.0,47551.0,82232000,0.0,47551.0,Maintenance,2025,12,December,Tuesday,0
2025-12-03,Madhya Pradesh,0.0,0.0,0.0,0.0,3188.0,19948.0,23136.0,15422.0,13817.0,29239.0,52375.0,82232000,0.0,52375.0,Maintenance,2025,12,December,Wednesday,0
2025-12-04,Madhya Pradesh,0.0,0.0,0.0,0.0,3314.0,19615.0,22929.0,19205.0,16068.0,35273.0,58202.0,82232000,0.0,58202.0,Maintenance,2025,12,December,Thursday,0
2025-12-05,Madhya Pradesh,0.0,0.0,0.0,0.0,1180.0,7751.0,8931.0,14444.0,11337.0,25781.0,34712.0,82232000,0.0,34712.0,Maintenance,2025,12,December,Friday,0
2025-12-06,Madhya Pradesh,0.0,0.0,0.0,0.0,1522.0,9978.0,11500.0,14051.0,11120.0,25171.0,36671.0,82232000,0.0,36671.0,Maintenance,2025,12,December,Saturday,1
2025-12-07,Madhya Pradesh,0.0,0.0,0.0,0.0,1490.0,7084.0,8574.0,13034.0,10636.0,23670.0,32244.0,82232000,0.0,32244.0,Maintenance,2025,12,December,Sunday,1
2025-12-08,Madhya Pradesh,0.0,0.0,0.0,0.0,2899.0,20645.0,23544.0,10999.0,10371.0,21370.0,44914.0,82232000,0.0,44914.0,Maintenance,2025,12,December,Monday,0
2025-12-09,Madhya Pradesh,0.0,0.0,0.0,0.0,2455.0,18572.0,21027.0,16060.0,14611.0,30671.0,51698.0,82232000,0.0,51698.0,Maintenance,2025,12,December,Tuesday,0
2025-12-10,Madhya Pradesh,0.0,0.0,0.0,0.0,1940.0,15847.0,17787.0,13555.0,11555.0,25110.0,42897.0,82232000,0.0,42897.0,Maintenance,2025,12,December,Wednesday,0
2025-12-11,Madhya Pradesh,0.0,0.0,0.0,0.0,2346.0,19176.0,21522.0,15933.0,14164.0,30097.0,51619.0,82232000,0.0,51619.0,Maintenance,2025,12,December,Thursday,0
2025-12-12,Madhya Pradesh,0.0,0.0,0.0,0.0,3096.0,22320.0,25416.0,15981.0,14475.0,30456.0,55872.0,82232000,0.0,55872.0,Maintenance,2025,12,December,Friday,0
2025-12-13,Madhya Pradesh,0.0,0.0,0.0,0.0,2886.0,20516.0,23402.0,21034.0,17693.0,38727.0,62129.0,82232000,0.0,62129.0,Maintenance,2025,12,December,Saturday,1
2025-12-14,Madhya Pradesh,0.0,0.0,0.0,0.0,1662.0,9158.0,10820.0,2045.0,2917.0,4962.0,15782.0,82232000,0.0,15782.0,Maintenance,2025,12,December,Sunday,1
2025-12-15,Madhya Pradesh,10747.0,2538.0,149.0,13434.0,556.0,5729.0,6285.0,12439.0,10348.0,22787.0,42506.0,82232000,0.1634,2.16,Growth,2025,12,December,Monday,0
2025-12-16,Madhya Pradesh,0.0,0.0,0.0,0.0,2194.0,15608.0,17802.0,20823.0,16031.0,36854.0,54656.0,82232000,0.0,54656.0,Maintenance,2025,12,December,Tuesday,0
2025-12-18,Madhya Pradesh,0.0,0.0,0.0,0.0,245.0,2169.0,2414.0,1340.0,1094.0,2434.0,4848.0,82232000,0.0,4848.0,Maintenance,2025,12,December,Thursday,0
2025-12-19,Madhya Pradesh,0.0,0.0,0.0,0.0,2840.0,19504.0,22344.0,19068.0,15400.0,34468.0,56812.0,82232000,0.0,56812.0,Maintenance,2025,12,December,Friday,0
2025-12-20,Madhya Pradesh,0.0,0.0,0.0,0.0,2098.0,10971.0,13069.0,7873.0,7032.0,14905.0,27974.0,82232000,0.0,27974.0,Maintenance,2025,12,December,Saturday,1
2025-12-21,Madhya Pradesh,3425.0,5.0,0.0,3430.0,1684.0,6614.0,8298.0,0.0,0.0,0.0,11728.0,82232000,0.0417,2.42,Growth,2025,12,December,Sunday,1
2025-12-22,Madhya Pradesh,14184.0,41.0,1.0,14226.0,963.0,7691.0,8654.0,1.0,0.0,1.0,22881.0,82232000,0.173,0.61,Growth,2025,12,December,Monday,0
2025-12-23,Madhya Pradesh,6070.0,15.0,2.0,6087.0,2892.0,19109.0,22001.0,11.0,4.0,15.0,28103.0,82232000,0.074,3.62,Growth,2025,12,December,Tuesday,0
2025-12-24,Madhya Pradesh,4228.0,701.0,297.0,5226.0,2678.0,13915.0,16593.0,0.0,0.0,0.0,21819.0,82232000,0.0636,3.17,Growth,2025,12,December,Wednesday,0
2025-12-25,Madhya Pradesh,3181.0,1447.0,181.0,4809.0,1609.0,7627.0,9236.0,20724.0,19085.0,39809.0,53854.0,82232000,0.0585,10.2,Maintenance,2025,12,December,Thursday,0
2025-12-26,Madhya Pradesh,4792.0,804.0,86.0,5682.0,3123.0,20729.0,23852.0,14349.0,17954.0,32303.0,61837.0,82232000,0.0691,9.88,Maintenance,2025,12,December,Friday,0
2025-12-27,Madhya Pradesh,6015.0,961.0,97.0,7073.0,2147.0,17174.0,19321.0,16704.0,16887.0,33591.0,59985.0,82232000,0.086,7.48,Maintenance,2025,12,December,Saturday,1
2025-12-28,Madhya Pradesh,3419.0,453.0,16.0,3888.0,1358.0,8814.0,10172.0,5399.0,5890.0,11289.0,25349.0,82232000,0.0473,5.52,Maintenance,2025,12,December,Sunday,1
2025-12-29,Madhya Pradesh,4084.0,693.0,123.0,4900.0,846.0,8918.0,9764.0,11500.0,11841.0,23341.0,38005.0,82232000,0.0596,6.75,Maintenance,2025,12,December,Monday,0
2025-12-31,Madhya Pradesh,10425.0,5149.0,122.0,15696.0,0.0,0.0,0.0,0.0,0.0,0.0,15696.0,82232000,0.1909,0.0,Growth,2025,12,December,Wednesday,0
2025-03-01,Maharashtra,0.0,0.0,0.0,0.0,45650.0,666552.0,712202.0,300370.0,658779.0,959149.0,1671351.0,123144000,0.0,1671351.0,Maintenance,2025,3,March,Saturday,1
2025-03-09,Maharashtra,42.0,46.0,12.0,100.0,0.0,0.0,0.0,0.0,0.0,0.0,100.0,123144000,0.0008,0.0,Growth,2025,3,March,Sunday,1
2025-03-15,Maharashtra,17.0,14.0,37.0,68.0,0.0,0.0,0.0,0.0,0.0,0.0,68.0,123144000,0.0006,0.0,Growth,2025,3,March,Saturday,1
2025-03-20,Maharashtra,153.0,51.0,33.0,237.0,0.0,0.0,0.0,0.0,0.0,0.0,237.0,123144000,0.0019,0.0,Growth,2025,3,March,Thursday,0
2025-03-27,Maharashtra,20.0,19.0,16.0,55.0,0.0,0.0,0.0,0.0,0.0,0.0,55.0,123144000,0.0004,0.0,Growth,2025,3,March,Thursday,0
2025-04-01,Maharashtra,7986.0,1901.0,704.0,10591.0,6110.0,56326.0,62436.0,282523.0,563526.0,846049.0,919076.0,123144000,0.086,85.77,Maintenance,2025,4,April,Tuesday,0
2025-05-01,Maharashtra,6706.0,2352.0,791.0,9849.0,9959.0,80772.0,90731.0,300215.0,647561.0,947776.0,1048356.0,123144000,0.08,105.43,Maintenance,2025,5,May,Thursday,0
2025-06-01,Maharashtra,6521.0,3518.0,610.0,10649.0,12811.0,94291.0,107102.0,339273.0,678217.0,1017490.0,1135241.0,123144000,0.0865,105.6,Maintenance,2025,6,June,Sunday,1
2025-07-01,Maharashtra,34468.0,18536.0,1763.0,54767.0,15732.0,117649.0,133381.0,453411.0,776958.0,1230369.0,1418517.0,123144000,0.4447,24.9,Maintenance,2025,7,July,Tuesday,0
2025-09-01,Maharashtra,2639.0,996.0,58.0,3693.0,1398.0,14167.0,15565.0,14394.0,17792.0,32186.0,51444.0,123144000,0.03,12.93,Maintenance,2025,9,September,Monday,0
2025-09-02,Maharashtra,3347.0,1142.0,39.0,4528.0,1470.0,14076.0,15546.0,18918.0,24144.0,43062.0,63136.0,123144000,0.0368,12.94,Maintenance,2025,9,September,Tuesday,0
2025-09-03,Maharashtra,3736.0,1170.0,49.0,4955.0,1509.0,14309.0,15818.0,15655.0,22304.0,37959.0,58732.0,123144000,0.0402,10.85,Maintenance,2025,9,September,Wednesday,0
2025-09-04,Maharashtra,3283.0,1217.0,57.0,4557.0,2045.0,17975.0,20020.0,20686.0,25750.0,46436.0,71013.0,123144000,0.037,14.58,Maintenance,2025,9,September,Thursday,0
2025-09-05,Maharashtra,609.0,211.0,7.0,827.0,859.0,8581.0,9440.0,3187.0,3728.0,6915.0,17182.0,123144000,0.0067,19.75,Maintenance,2025,9,September,Friday,0
2025-09-06,Maharashtra,1489.0,494.0,4.0,1987.0,676.0,5338.0,6014.0,8161.0,8124.0,16285.0,24286.0,123144000,0.0161,11.22,Maintenance,2025,9,September,Saturday,1
2025-09-07,Maharashtra,333.0,143.0,12.0,488.0,296.0,2131.0,2427.0,1366.0,1249.0,2615.0,5530.0,123144000,0.004,10.31,Maintenance,2025,9,September,Sunday,1
2025-09-08,Maharashtra,4019.0,1289.0,38.0,5346.0,2513.0,22397.0,24910.0,28339.0,33854.0,62193.0,92449.0,123144000,0.0434,16.29,Maintenance,2025,9,September,Monday,0
2025-09-09,Maharashtra,4441.0,1552.0,50.0,6043.0,2636.0,23308.0,25944.0,30306.0,28704.0,59010.0,90997.0,123144000,0.0491,14.06,Maintenance,2025,9,September,Tuesday,0
2025-09-10,Maharashtra,4249.0,1556.0,52.0,5857.0,3319.0,28263.0,31582.0,29528.0,24160.0,53688.0,91127.0,123144000,0.0476,14.56,Maintenance,2025,9,September,Wednesday,0
2025-09-11,Maharashtra,3837.0,1569.0,48.0,5454.0,2049.0,16408.0,18457.0,40047.0,26619.0,66666.0,90577.0,123144000,0.0443,15.6,Maintenance,2025,9,September,Thursday,0
2025-09-12,Maharashtra,4254.0,1612.0,58.0,5924.0,2669.0,21368.0,24037.0,49953.0,28258.0,78211.0,108172.0,123144000,0.0481,17.26,Maintenance,2025,9,September,Friday,0
2025-09-13,Maharashtra,3120.0,1148.0,20.0,4288.0,2767.0,17580.0,20347.0,42141.0,16780.0,58921.0,83556.0,123144000,0.0348,18.48,Maintenance,2025,9,September,Saturday,1
2025-09-14,Maharashtra,565.0,257.0,6.0,828.0,482.0,2952.0,3434.0,8411.0,2488.0,10899.0,15161.0,123144000,0.0067,17.29,Maintenance,2025,9,September,Sunday,1
2025-09-15,Maharashtra,2479.0,1060.0,28.0,3567.0,2326.0,18363.0,20689.0,59333.0,28013.0,87346.0,111602.0,123144000,0.029,30.28,Maintenance,2025,9,September,Monday,0
2025-09-16,Maharashtra,3217.0,1417.0,30.0,4664.0,2963.0,20906.0,23869.0,65768.0,28965.0,94733.0,123266.0,123144000,0.0379,25.42,Maintenance,2025,9,September,Tuesday,0
2025-09-17,Maharashtra,3148.0,1308.0,30.0,4486.0,3376.0,25538.0,28914.0,62200.0,26838.0,89038.0,122438.0,123144000,0.0364,26.29,Maintenance,2025,9,September,Wednesday,0
2025-09-18,Maharashtra,3405.0,1390.0,42.0,4837.0,2958.0,20110.0,23068.0,71006.0,29268.0,100274.0,128179.0,123144000,0.0393,25.49,Maintenance,2025,9,September,Thursday,0
2025-09-19,Maharashtra,3169.0,1292.0,29.0,4490.0,1890.0,14865.0,16755.0,70879.0,28297.0,99176.0,120421.0,123144000,0.0365,25.81,Maintenance,2025,9,September,Friday,0
2025-09-20,Maharashtra,3095.0,991.0,10.0,4096.0,2504.0,18072.0,20576.0,58369.0,20467.0,78836.0,103508.0,123144000,0.0333,24.26,Maintenance,2025,9,September,Saturday,1
2025-09-21,Maharashtra,288.0,113.0,4.0,405.0,0.0,0.0,0.0,0.0,0.0,0.0,405.0,123144000,0.0033,0.0,Growth,2025,9,September,Sunday,1
2025-09-22,Maharashtra,2210.0,735.0,8.0,2953.0,0.0,0.0,0.0,0.0,0.0,0.0,2953.0,123144000,0.024,0.0,Growth,2025,9,September,Monday,0
2025-09-23,Maharashtra,3210.0,1158.0,19.0,4387.0,0.0,0.0,0.0,0.0,0.0,0.0,4387.0,123144000,0.0356,0.0,Growth,2025,9,September,Tuesday,0
2025-09-24,Maharashtra,3541.0,1300.0,14.0,4855.0,0.0,0.0,0.0,0.0,0.0,0.0,4855.0,123144000,0.0394,0.0,Growth,2025,9,September,Wednesday,0
2025-09-25,Maharashtra,3002.0,1176.0,21.0,4199.0,0.0,0.0,0.0,0.0,0.0,0.0,4199.0,123144000,0.0341,0.0,Growth,2025,9,September,Thursday,0
2025-09-26,Maharashtra,2080.0,842.0,10.0,2932.0,0.0,0.0,0.0,0.0,0.0,0.0,2932.0,123144000,0.0238,0.0,Growth,2025,9,September,Friday,0
2025-09-27,Maharashtra,601.0,295.0,2.0,898.0,0.0,0.0,0.0,0.0,0.0,0.0,898.0,123144000,0.0073,0.0,Growth,2025,9,September,Saturday,1
2025-09-28,Maharashtra,80.0,35.0,2.0,117.0,0.0,0.0,0.0,0.0,0.0,0.0,117.0,123144000,0.001,0.0,Growth,2025,9,September,Sunday,1
2025-09-29,Maharashtra,374.0,201.0,5.0,580.0,0.0,0.0,0.0,0.0,0.0,0.0,580.0,123144000,0.0047,0.0,Growth,2025,9,September,Monday,0
2025-09-30,Maharashtra,17.0,82.0,1.0,100.0,0.0,0.0,0.0,0.0,0.0,0.0,100.0,123144000,0.0008,0.0,Growth,2025,9,September,Tuesday,0
2025-10-13,Maharashtra,3409.0,726.0,109.0,4244.0,326.0,24293.0,24619.0,72.0,174.0,246.0,29109.0,123144000,0.0345,5.86,Maintenance,2025,10,October,Monday,0
2025-10-15,Maharashtra,4345.0,990.0,77.0,5412.0,2991.0,45838.0,48829.0,17113.0,33302.0,50415.0,104656.0,123144000,0.0439,18.33,Maintenance,2025,10,October,Wednesday,0
2025-10-16,Maharashtra,1870.0,520.0,175.0,2565.0,4499.0,61680.0,66179.0,13407.0,25959.0,39366.0,108110.0,123144000,0.0208,41.13,Maintenance,2025,10,October,Thursday,0
2025-10-17,Maharashtra,5353.0,1199.0,64.0,6616.0,1273.0,29602.0,30875.0,19637.0,35549.0,55186.0,92677.0,123144000,0.0537,13.01,Maintenance,2025,10,October,Friday,0
2025-10-18,Maharashtra,3226.0,619.0,36.0,3881.0,1177.0,23632.0,24809.0,17665.0,34618.0,52283.0,80973.0,123144000,0.0315,19.86,Maintenance,2025,10,October,Saturday,1
2025-10-19,Maharashtra,3491.0,569.0,27.0,4087.0,1753.0,24145.0,25898.0,20595.0,41570.0,62165.0,92150.0,123144000,0.0332,21.54,Maintenance,2025,10,October,Sunday,1
2025-10-20,Maharashtra,1178.0,220.0,3.0,1401.0,835.0,17577.0,18412.0,5758.0,12768.0,18526.0,38339.0,123144000,0.0114,26.35,Maintenance,2025,10,October,Monday,0
2025-10-21,Maharashtra,307.0,106.0,3.0,416.0,419.0,3324.0,3743.0,3325.0,8704.0,12029.0,16188.0,123144000,0.0034,37.82,Maintenance,2025,10,October,Tuesday,0
2025-10-22,Maharashtra,4.0,2.0,0.0,6.0,85.0,634.0,719.0,113.0,201.0,314.0,1039.0,123144000,0.0,147.57,Maintenance,2025,10,October,Wednesday,0
2025-10-23,Maharashtra,6.0,2.0,3.0,11.0,207.0,1479.0,1686.0,658.0,1303.0,1961.0,3658.0,123144000,0.0001,303.92,Maintenance,2025,10,October,Thursday,0
2025-10-24,Maharashtra,1001.0,279.0,67.0,1347.0,2911.0,30194.0,33105.0,6304.0,11285.0,17589.0,52041.0,123144000,0.0109,37.61,Maintenance,2025,10,October,Friday,0
2025-10-25,Maharashtra,1969.0,423.0,7.0,2399.0,1398.0,46755.0,48153.0,11053.0,23755.0,34808.0,85360.0,123144000,0.0195,34.57,Maintenance,2025,10,October,Saturday,1
2025-10-26,Maharashtra,932.0,352.0,15.0,1299.0,1368.0,40020.0,41388.0,15226.0,39472.0,54698.0,97385.0,123144000,0.0105,73.91,Maintenance,2025,10,October,Sunday,1
2025-10-27,Maharashtra,775.0,184.0,50.0,1009.0,809.0,22905.0,23714.0,12734.0,35898.0,48632.0,73355.0,123144000,0.0082,71.63,Maintenance,2025,10,October,Monday,0
2025-10-28,Maharashtra,1117.0,235.0,60.0,1412.0,903.0,37642.0,38545.0,7491.0,20556.0,28047.0,68004.0,123144000,0.0115,47.13,Maintenance,2025,10,October,Tuesday,0
2025-10-29,Maharashtra,1091.0,207.0,60.0,1358.0,1893.0,93210.0,95103.0,18624.0,53851.0,72475.0,168936.0,123144000,0.011,123.31,Maintenance,2025,10,October,Wednesday,0
2025-10-30,Maharashtra,7046.0,1552.0,96.0,8694.0,1492.0,55016.0,56508.0,27923.0,70863.0,98786.0,163988.0,123144000,0.0706,17.86,Maintenance,2025,10,October,Thursday,0
2025-10-31,Maharashtra,3920.0,847.0,81.0,4848.0,2853.0,136752.0,139605.0,27674.0,66432.0,94106.0,238559.0,123144000,0.0394,48.2,Maintenance,2025,10,October,Friday,0
2025-11-01,Maharashtra,671.0,146.0,51.0,868.0,1420.0,52131.0,53551.0,15307.0,39256.0,54563.0,108982.0,123144000,0.007,124.41,Maintenance,2025,11,November,Saturday,1
2025-11-02,Maharashtra,6523.0,1445.0,9.0,7977.0,986.0,10792.0,11778.0,19905.0,46912.0,66817.0,86572.0,123144000,0.0648,9.85,Maintenance,2025,11,November,Sunday,1
2025-11-03,Maharashtra,1385.0,410.0,56.0,1851.0,3867.0,103222.0,107089.0,15429.0,42254.0,57683.0,166623.0,123144000,0.015,88.97,Maintenance,2025,11,November,Monday,0
2025-11-04,Maharashtra,31.0,6.0,0.0,37.0,2864.0,125728.0,128592.0,16271.0,44935.0,61206.0,189835.0,123144000,0.0003,4994.68,Maintenance,2025,11,November,Tuesday,0
2025-11-05,Maharashtra,3165.0,728.0,23.0,3916.0,2322.0,34195.0,36517.0,26795.0,68721.0,95516.0,135949.0,123144000,0.0318,33.71,Maintenance,2025,11,November,Wednesday,0
2025-11-06,Maharashtra,1528.0,411.0,87.0,2026.0,4766.0,127551.0,132317.0,11324.0,25278.0,36602.0,170945.0,123144000,0.0165,83.33,Maintenance,2025,11,November,Thursday,0
2025-11-07,Maharashtra,2565.0,546.0,107.0,3218.0,3205.0,118833.0,122038.0,19140.0,45190.0,64330.0,189586.0,123144000,0.0261,57.9,Maintenance,2025,11,November,Friday,0
2025-11-08,Maharashtra,2623.0,563.0,73.0,3259.0,2405.0,84868.0,87273.0,32840.0,68573.0,101413.0,191945.0,123144000,0.0265,57.88,Maintenance,2025,11,November,Saturday,1
2025-11-09,Maharashtra,3208.0,565.0,11.0,3784.0,734.0,8031.0,8765.0,14709.0,29572.0,44281.0,56830.0,123144000,0.0307,14.01,Maintenance,2025,11,November,Sunday,1
2025-11-10,Maharashtra,3586.0,682.0,84.0,4352.0,2011.0,108576.0,110587.0,13808.0,26248.0,40056.0,154995.0,123144000,0.0353,34.61,Maintenance,2025,11,November,Monday,0
2025-11-11,Maharashtra,2453.0,635.0,110.0,3198.0,1977.0,82083.0,84060.0,21848.0,48036.0,69884.0,157142.0,123144000,0.026,48.12,Maintenance,2025,11,November,Tuesday,0
2025-11-12,Maharashtra,1778.0,475.0,111.0,2364.0,3049.0,157149.0,160198.0,25476.0,52362.0,77838.0,240400.0,123144000,0.0192,100.65,Maintenance,2025,11,November,Wednesday,0
2025-11-13,Maharashtra,1233.0,301.0,69.0,1603.0,1652.0,72200.0,73852.0,20479.0,39594.0,60073.0,135528.0,123144000,0.013,83.49,Maintenance,2025,11,November,Thursday,0
2025-11-14,Maharashtra,2665.0,517.0,45.0,3227.0,2034.0,99219.0,101253.0,18039.0,35609.0,53648.0,158128.0,123144000,0.0262,47.99,Maintenance,2025,11,November,Friday,0
2025-11-15,Maharashtra,6965.0,1321.0,43.0,8329.0,2060.0,114784.0,116844.0,20340.0,34849.0,55189.0,180362.0,123144000,0.0676,20.65,Maintenance,2025,11,November,Saturday,1
2025-11-16,Maharashtra,2496.0,476.0,8.0,2980.0,619.0,9492.0,10111.0,12866.0,19352.0,32218.0,45309.0,123144000,0.0242,14.2,Maintenance,2025,11,November,Sunday,1
2025-11-17,Maharashtra,1437.0,263.0,71.0,1771.0,1790.0,115932.0,117722.0,12508.0,22118.0,34626.0,154119.0,123144000,0.0144,85.98,Maintenance,2025,11,November,Monday,0
2025-11-18,Maharashtra,4003.0,762.0,54.0,4819.0,2439.0,148230.0,150669.0,23457.0,46262.0,69719.0,225207.0,123144000,0.0391,45.72,Maintenance,2025,11,November,Tuesday,0
2025-11-19,Maharashtra,5489.0,1063.0,671.0,7223.0,2025.0,83588.0,85613.0,23802.0,44501.0,68303.0,161139.0,123144000,0.0587,21.31,Maintenance,2025,11,November,Wednesday,0
2025-11-25,Maharashtra,4260.0,724.0,100.0,5084.0,1220.0,16114.0,17334.0,33207.0,40027.0,73234.0,95652.0,123144000,0.0413,17.81,Maintenance,2025,11,November,Tuesday,0
2025-11-26,Maharashtra,0.0,0.0,0.0,0.0,1916.0,46211.0,48127.0,0.0,0.0,0.0,48127.0,123144000,0.0,48127.0,Maintenance,2025,11,November,Wednesday,0
2025-11-27,Maharashtra,0.0,0.0,0.0,0.0,3202.0,78555.0,81757.0,0.0,0.0,0.0,81757.0,123144000,0.0,81757.0,Maintenance,2025,11,November,Thursday,0
2025-11-28,Maharashtra,0.0,0.0,0.0,0.0,2103.0,46092.0,48195.0,0.0,0.0,0.0,48195.0,123144000,0.0,48195.0,Maintenance,2025,11,November,Friday,0
2025-11-29,Maharashtra,0.0,0.0,0.0,0.0,2176.0,29711.0,31887.0,0.0,0.0,0.0,31887.0,123144000,0.0,31887.0,Maintenance,2025,11,November,Saturday,1
2025-12-01,Maharashtra,0.0,0.0,0.0,0.0,1700.0,25803.0,27503.0,33333.0,25554.0,58887.0,86390.0,123144000,0.0,86390.0,Maintenance,2025,12,December,Monday,0
2025-12-02,Maharashtra,0.0,0.0,0.0,0.0,1725.0,31299.0,33024.0,40101.0,33157.0,73258.0,106282.0,123144000,0.0,106282.0,Maintenance,2025,12,December,Tuesday,0
2025-12-03,Maharashtra,0.0,0.0,0.0,0.0,4442.0,54694.0,59136.0,25837.0,31105.0,56942.0,116078.0,123144000,0.0,116078.0,Maintenance,2025,12,December,Wednesday,0
2025-12-04,Maharashtra,0.0,0.0,0.0,0.0,3370.0,46227.0,49597.0,29774.0,34898.0,64672.0,114269.0,123144000,0.0,114269.0,Maintenance,2025,12,December,Thursday,0
2025-12-05,Maharashtra,0.0,0.0,0.0,0.0,1127.0,15910.0,17037.0,27309.0,36918.0,64227.0,81264.0,123144000,0.0,81264.0,Maintenance,2025,12,December,Friday,0
2025-12-06,Maharashtra,0.0,0.0,0.0,0.0,1811.0,22754.0,24565.0,25983.0,31730.0,57713.0,82278.0,123144000,0.0,82278.0,Maintenance,2025,12,December,Saturday,1
2025-12-07,Maharashtra,0.0,0.0,0.0,0.0,1318.0,11444.0,12762.0,11130.0,13315.0,24445.0,37207.0,123144000,0.0,37207.0,Maintenance,2025,12,December,Sunday,1
2025-12-08,Maharashtra,0.0,0.0,0.0,0.0,3663.0,51377.0,55040.0,17250.0,24180.0,41430.0,96470.0,123144000,0.0,96470.0,Maintenance,2025,12,December,Monday,0
2025-12-09,Maharashtra,0.0,0.0,0.0,0.0,2624.0,40282.0,42906.0,23515.0,30411.0,53926.0,96832.0,123144000,0.0,96832.0,Maintenance,2025,12,December,Tuesday,0
2025-12-10,Maharashtra,0.0,0.0,0.0,0.0,2379.0,37623.0,40002.0,26435.0,32196.0,58631.0,98633.0,123144000,0.0,98633.0,Maintenance,2025,12,December,Wednesday,0
2025-12-11,Maharashtra,0.0,0.0,0.0,0.0,3512.0,50107.0,53619.0,24392.0,29305.0,53697.0,107316.0,123144000,0.0,107316.0,Maintenance,2025,12,December,Thursday,0
2025-12-12,Maharashtra,0.0,0.0,0.0,0.0,3568.0,49894.0,53462.0,25553.0,31461.0,57014.0,110476.0,123144000,0.0,110476.0,Maintenance,2025,12,December,Friday,0
2025-12-13,Maharashtra,0.0,0.0,0.0,0.0,2701.0,30184.0,32885.0,19376.0,21226.0,40602.0,73487.0,123144000,0.0,73487.0,Maintenance,2025,12,December,Saturday,1
2025-12-14,Maharashtra,0.0,0.0,0.0,0.0,1741.0,14037.0,15778.0,4084.0,5861.0,9945.0,25723.0,123144000,0.0,25723.0,Maintenance,2025,12,December,Sunday,1
2025-12-15,Maharashtra,9675.0,1593.0,124.0,11392.0,1109.0,21836.0,22945.0,16462.0,21952.0,38414.0,72751.0,123144000,0.0925,5.39,Maintenance,2025,12,December,Monday,0
2025-12-16,Maharashtra,0.0,0.0,0.0,0.0,2213.0,36494.0,38707.0,26565.0,31866.0,58431.0,97138.0,123144000,0.0,97138.0,Maintenance,2025,12,December,Tuesday,0
2025-12-18,Maharashtra,0.0,0.0,0.0,0.0,149.0,3533.0,3682.0,6611.0,7811.0,14422.0,18104.0,123144000,0.0,18104.0,Maintenance,2025,12,December,Thursday,0
2025-12-19,Maharashtra,0.0,0.0,0.0,0.0,2627.0,37287.0,39914.0,25676.0,30383.0,56059.0,95973.0,123144000,0.0,95973.0,Maintenance,2025,12,December,Friday,0
2025-12-20,Maharashtra,0.0,0.0,0.0,0.0,1602.0,17455.0,19057.0,8585.0,9559.0,18144.0,37201.0,123144000,0.0,37201.0,Maintenance,2025,12,December,Saturday,1
2025-12-21,Maharashtra,2881.0,10.0,0.0,2891.0,1645.0,11995.0,13640.0,0.0,0.0,0.0,16531.0,123144000,0.0235,4.72,Growth,2025,12,December,Sunday,1
2025-12-22,Maharashtra,11026.0,23.0,0.0,11049.0,1372.0,20220.0,21592.0,2.0,0.0,2.0,32643.0,123144000,0.0897,1.95,Growth,2025,12,December,Monday,0
2025-12-23,Maharashtra,4914.0,8.0,0.0,4922.0,3635.0,58127.0,61762.0,6.0,11.0,17.0,66701.0,123144000,0.04,12.55,Maintenance,2025,12,December,Tuesday,0
2025-12-24,Maharashtra,3579.0,392.0,218.0,4189.0,1092.0,16446.0,17538.0,0.0,0.0,0.0,21727.0,123144000,0.034,4.19,Growth,2025,12,December,Wednesday,0
2025-12-25,Maharashtra,2220.0,751.0,119.0,3090.0,1634.0,17963.0,19597.0,34674.0,44045.0,78719.0,101406.0,123144000,0.0251,31.81,Maintenance,2025,12,December,Thursday,0
2025-12-26,Maharashtra,2833.0,412.0,46.0,3291.0,3030.0,49428.0,52458.0,19078.0,36396.0,55474.0,111223.0,123144000,0.0267,32.79,Maintenance,2025,12,December,Friday,0
2025-12-27,Maharashtra,1737.0,430.0,14.0,2181.0,3381.0,52896.0,56277.0,22725.0,32500.0,55225.0,113683.0,123144000,0.0177,51.1,Maintenance,2025,12,December,Saturday,1
2025-12-28,Maharashtra,2919.0,396.0,10.0,3325.0,1869.0,17600.0,19469.0,6078.0,9191.0,15269.0,38063.0,123144000,0.027,10.44,Maintenance,2025,12,December,Sunday,1
2025-12-29,Maharashtra,3049.0,353.0,129.0,3531.0,1282.0,28083.0,29365.0,14817.0,21644.0,36461.0,69357.0,123144000,0.0287,18.64,Maintenance,2025,12,December,Monday,0
2025-12-31,Maharashtra,5127.0,2489.0,114.0,7730.0,0.0,0.0,0.0,0.0,0.0,0.0,7730.0,123144000,0.0628,0.0,Growth,2025,12,December,Wednesday,0
2025-03-01,Manipur,0.0,0.0,0.0,0.0,4575.0,27171.0,31746.0,5861.0,9805.0,15666.0,47412.0,3091545,0.0,47412.0,Maintenance,2025,3,March,Saturday,1
2025-04-01,Manipur,130.0,476.0,26.0,632.0,0.0,0.0,0.0,8147.0,8721.0,16868.0,17500.0,3091545,0.2044,26.65,Maintenance,2025,4,April,Tuesday,0
2025-05-01,Manipur,120.0,116.0,55.0,291.0,0.0,0.0,0.0,8029.0,7773.0,15802.0,16093.0,3091545,0.0941,54.12,Maintenance,2025,5,May,Thursday,0
2025-06-01,Manipur,91.0,499.0,13.0,603.0,0.0,0.0,0.0,5424.0,5876.0,11300.0,11903.0,3091545,0.195,18.71,Maintenance,2025,6,June,Sunday,1
2025-07-01,Manipur,348.0,1265.0,13.0,1626.0,0.0,0.0,0.0,52976.0,33778.0,86754.0,88380.0,3091545,0.526,53.32,Maintenance,2025,7,July,Tuesday,0
2025-09-01,Manipur,82.0,103.0,5.0,190.0,185.0,961.0,1146.0,435.0,545.0,980.0,2316.0,3091545,0.0615,11.13,Maintenance,2025,9,September,Monday,0
2025-09-02,Manipur,78.0,129.0,0.0,207.0,233.0,1330.0,1563.0,1127.0,777.0,1904.0,3674.0,3091545,0.067,16.67,Maintenance,2025,9,September,Tuesday,0
2025-09-03,Manipur,59.0,88.0,2.0,149.0,163.0,1061.0,1224.0,1085.0,356.0,1441.0,2814.0,3091545,0.0482,17.77,Maintenance,2025,9,September,Wednesday,0
2025-09-04,Manipur,55.0,114.0,2.0,171.0,155.0,819.0,974.0,969.0,750.0,1719.0,2864.0,3091545,0.0553,15.66,Maintenance,2025,9,September,Thursday,0
2025-09-05,Manipur,43.0,69.0,2.0,114.0,273.0,1559.0,1832.0,338.0,378.0,716.0,2662.0,3091545,0.0369,22.16,Maintenance,2025,9,September,Friday,0
2025-09-06,Manipur,60.0,111.0,1.0,172.0,183.0,1026.0,1209.0,367.0,348.0,715.0,2096.0,3091545,0.0556,11.12,Maintenance,2025,9,September,Saturday,1
2025-09-07,Manipur,21.0,22.0,0.0,43.0,68.0,675.0,743.0,155.0,234.0,389.0,1175.0,3091545,0.0139,25.73,Maintenance,2025,9,September,Sunday,1
2025-09-08,Manipur,54.0,75.0,1.0,130.0,267.0,1684.0,1951.0,473.0,650.0,1123.0,3204.0,3091545,0.0421,23.47,Maintenance,2025,9,September,Monday,0
2025-09-09,Manipur,41.0,63.0,1.0,105.0,247.0,1718.0,1965.0,1016.0,436.0,1452.0,3522.0,3091545,0.034,32.24,Maintenance,2025,9,September,Tuesday,0
2025-09-10,Manipur,63.0,105.0,3.0,171.0,319.0,1832.0,2151.0,1271.0,520.0,1791.0,4113.0,3091545,0.0553,22.92,Maintenance,2025,9,September,Wednesday,0
2025-09-11,Manipur,79.0,87.0,1.0,167.0,166.0,1037.0,1203.0,1314.0,451.0,1765.0,3135.0,3091545,0.054,17.67,Maintenance,2025,9,September,Thursday,0
2025-09-12,Manipur,42.0,52.0,1.0,95.0,189.0,1056.0,1245.0,1284.0,371.0,1655.0,2995.0,3091545,0.0307,30.21,Maintenance,2025,9,September,Friday,0
2025-09-13,Manipur,31.0,33.0,0.0,64.0,118.0,616.0,734.0,197.0,129.0,326.0,1124.0,3091545,0.0207,16.31,Maintenance,2025,9,September,Saturday,1
2025-09-14,Manipur,8.0,18.0,0.0,26.0,31.0,135.0,166.0,160.0,89.0,249.0,441.0,3091545,0.0084,15.37,Maintenance,2025,9,September,Sunday,1
2025-09-15,Manipur,43.0,60.0,1.0,104.0,164.0,848.0,1012.0,887.0,379.0,1266.0,2382.0,3091545,0.0336,21.7,Maintenance,2025,9,September,Monday,0
2025-09-16,Manipur,48.0,65.0,0.0,113.0,210.0,825.0,1035.0,525.0,310.0,835.0,1983.0,3091545,0.0366,16.4,Maintenance,2025,9,September,Tuesday,0
2025-09-17,Manipur,37.0,60.0,0.0,97.0,181.0,863.0,1044.0,326.0,213.0,539.0,1680.0,3091545,0.0314,16.15,Maintenance,2025,9,September,Wednesday,0
2025-09-18,Manipur,41.0,66.0,1.0,108.0,223.0,939.0,1162.0,388.0,326.0,714.0,1984.0,3091545,0.0349,17.21,Maintenance,2025,9,September,Thursday,0
2025-09-19,Manipur,50.0,47.0,0.0,97.0,137.0,587.0,724.0,599.0,452.0,1051.0,1872.0,3091545,0.0314,18.11,Maintenance,2025,9,September,Friday,0
2025-09-20,Manipur,54.0,68.0,1.0,123.0,236.0,954.0,1190.0,697.0,422.0,1119.0,2432.0,3091545,0.0398,18.62,Maintenance,2025,9,September,Saturday,1
2025-09-21,Manipur,0.0,8.0,0.0,8.0,0.0,0.0,0.0,0.0,0.0,0.0,8.0,3091545,0.0026,0.0,Growth,2025,9,September,Sunday,1
2025-09-22,Manipur,54.0,75.0,0.0,129.0,0.0,0.0,0.0,0.0,0.0,0.0,129.0,3091545,0.0417,0.0,Growth,2025,9,September,Monday,0
2025-09-23,Manipur,58.0,88.0,1.0,147.0,0.0,0.0,0.0,0.0,0.0,0.0,147.0,3091545,0.0475,0.0,Growth,2025,9,September,Tuesday,0
2025-09-24,Manipur,74.0,105.0,2.0,181.0,0.0,0.0,0.0,0.0,0.0,0.0,181.0,3091545,0.0585,0.0,Growth,2025,9,September,Wednesday,0
2025-09-25,Manipur,94.0,95.0,3.0,192.0,0.0,0.0,0.0,0.0,0.0,0.0,192.0,3091545,0.0621,0.0,Growth,2025,9,September,Thursday,0
2025-09-26,Manipur,56.0,90.0,0.0,146.0,0.0,0.0,0.0,0.0,0.0,0.0,146.0,3091545,0.0472,0.0,Growth,2025,9,September,Friday,0
2025-09-27,Manipur,27.0,46.0,0.0,73.0,0.0,0.0,0.0,0.0,0.0,0.0,73.0,3091545,0.0236,0.0,Growth,2025,9,September,Saturday,1
2025-09-28,Manipur,2.0,7.0,0.0,9.0,0.0,0.0,0.0,0.0,0.0,0.0,9.0,3091545,0.0029,0.0,Growth,2025,9,September,Sunday,1
2025-09-29,Manipur,6.0,37.0,3.0,46.0,0.0,0.0,0.0,0.0,0.0,0.0,46.0,3091545,0.0149,0.0,Growth,2025,9,September,Monday,0
2025-09-30,Manipur,1.0,6.0,1.0,8.0,0.0,0.0,0.0,0.0,0.0,0.0,8.0,3091545,0.0026,0.0,Growth,2025,9,September,Tuesday,0
2025-10-13,Manipur,78.0,107.0,1.0,186.0,41.0,441.0,482.0,59.0,11.0,70.0,738.0,3091545,0.0602,2.95,Growth,2025,10,October,Monday,0
2025-10-15,Manipur,105.0,153.0,6.0,264.0,318.0,1487.0,1805.0,1062.0,393.0,1455.0,3524.0,3091545,0.0854,12.3,Maintenance,2025,10,October,Wednesday,0
2025-10-16,Manipur,45.0,71.0,6.0,122.0,431.0,1862.0,2293.0,711.0,264.0,975.0,3390.0,3091545,0.0395,26.57,Maintenance,2025,10,October,Thursday,0
2025-10-17,Manipur,93.0,105.0,0.0,198.0,192.0,1200.0,1392.0,1580.0,567.0,2147.0,3737.0,3091545,0.064,17.78,Maintenance,2025,10,October,Friday,0
2025-10-18,Manipur,70.0,97.0,10.0,177.0,167.0,1028.0,1195.0,1795.0,619.0,2414.0,3786.0,3091545,0.0573,20.28,Maintenance,2025,10,October,Saturday,1
2025-10-19,Manipur,96.0,92.0,0.0,188.0,427.0,2796.0,3223.0,1925.0,826.0,2751.0,6162.0,3091545,0.0608,31.61,Maintenance,2025,10,October,Sunday,1
2025-10-20,Manipur,57.0,50.0,9.0,116.0,219.0,1610.0,1829.0,578.0,271.0,849.0,2794.0,3091545,0.0375,22.89,Maintenance,2025,10,October,Monday,0
2025-10-21,Manipur,17.0,20.0,0.0,37.0,113.0,651.0,764.0,395.0,199.0,594.0,1395.0,3091545,0.012,35.74,Maintenance,2025,10,October,Tuesday,0
2025-10-22,Manipur,0.0,0.0,0.0,0.0,13.0,36.0,49.0,16.0,8.0,24.0,73.0,3091545,0.0,73.0,Maintenance,2025,10,October,Wednesday,0
2025-10-23,Manipur,0.0,0.0,1.0,1.0,26.0,69.0,95.0,42.0,4.0,46.0,142.0,3091545,0.0003,70.5,Maintenance,2025,10,October,Thursday,0
2025-10-24,Manipur,58.0,102.0,4.0,164.0,816.0,3613.0,4429.0,829.0,488.0,1317.0,5910.0,3091545,0.053,34.82,Maintenance,2025,10,October,Friday,0
2025-10-25,Manipur,36.0,87.0,0.0,123.0,524.0,2924.0,3448.0,1385.0,714.0,2099.0,5670.0,3091545,0.0398,44.73,Maintenance,2025,10,October,Saturday,1
2025-10-26,Manipur,24.0,61.0,0.0,85.0,818.0,5480.0,6298.0,1609.0,646.0,2255.0,8638.0,3091545,0.0275,99.45,Maintenance,2025,10,October,Sunday,1
2025-10-27,Manipur,31.0,38.0,4.0,73.0,330.0,2176.0,2506.0,2233.0,1124.0,3357.0,5936.0,3091545,0.0236,79.23,Maintenance,2025,10,October,Monday,0
2025-10-28,Manipur,49.0,57.0,2.0,108.0,291.0,2606.0,2897.0,1187.0,604.0,1791.0,4796.0,3091545,0.0349,43.01,Maintenance,2025,10,October,Tuesday,0
2025-10-29,Manipur,50.0,57.0,0.0,107.0,582.0,6696.0,7278.0,1836.0,907.0,2743.0,10128.0,3091545,0.0346,92.79,Maintenance,2025,10,October,Wednesday,0
2025-10-30,Manipur,151.0,227.0,3.0,381.0,389.0,2695.0,3084.0,3366.0,1466.0,4832.0,8297.0,3091545,0.1232,20.72,Maintenance,2025,10,October,Thursday,0
2025-10-31,Manipur,69.0,102.0,4.0,175.0,1028.0,9914.0,10942.0,3235.0,1697.0,4932.0,16049.0,3091545,0.0566,90.19,Maintenance,2025,10,October,Friday,0
2025-11-01,Manipur,9.0,24.0,0.0,33.0,889.0,6326.0,7215.0,1157.0,788.0,1945.0,9193.0,3091545,0.0107,269.41,Maintenance,2025,11,November,Saturday,1
2025-11-02,Manipur,161.0,204.0,6.0,371.0,805.0,5217.0,6022.0,2030.0,1270.0,3300.0,9693.0,3091545,0.12,25.06,Maintenance,2025,11,November,Sunday,1
2025-11-03,Manipur,20.0,43.0,0.0,63.0,849.0,6818.0,7667.0,1325.0,815.0,2140.0,9870.0,3091545,0.0204,153.23,Maintenance,2025,11,November,Monday,0
2025-11-04,Manipur,0.0,0.0,0.0,0.0,942.0,6863.0,7805.0,2485.0,1547.0,4032.0,11837.0,3091545,0.0,11837.0,Maintenance,2025,11,November,Tuesday,0
2025-11-05,Manipur,112.0,137.0,0.0,249.0,749.0,5120.0,5869.0,2117.0,1417.0,3534.0,9652.0,3091545,0.0805,37.61,Maintenance,2025,11,November,Wednesday,0
2025-11-06,Manipur,51.0,57.0,2.0,110.0,1261.0,10026.0,11287.0,983.0,668.0,1651.0,13048.0,3091545,0.0356,116.56,Maintenance,2025,11,November,Thursday,0
2025-11-07,Manipur,40.0,42.0,11.0,93.0,808.0,6489.0,7297.0,3147.0,1952.0,5099.0,12489.0,3091545,0.0301,131.87,Maintenance,2025,11,November,Friday,0
2025-11-08,Manipur,57.0,75.0,18.0,150.0,1814.0,10719.0,12533.0,3074.0,1663.0,4737.0,17420.0,3091545,0.0485,114.37,Maintenance,2025,11,November,Saturday,1
2025-11-09,Manipur,71.0,63.0,6.0,140.0,715.0,4172.0,4887.0,1954.0,1074.0,3028.0,8055.0,3091545,0.0453,56.13,Maintenance,2025,11,November,Sunday,1
2025-11-10,Manipur,102.0,106.0,0.0,208.0,1141.0,8203.0,9344.0,1724.0,987.0,2711.0,12263.0,3091545,0.0673,57.68,Maintenance,2025,11,November,Monday,0
2025-11-11,Manipur,47.0,68.0,1.0,116.0,921.0,7892.0,8813.0,2493.0,1515.0,4008.0,12937.0,3091545,0.0375,109.58,Maintenance,2025,11,November,Tuesday,0
2025-11-12,Manipur,51.0,64.0,3.0,118.0,938.0,6156.0,7094.0,2898.0,1755.0,4653.0,11865.0,3091545,0.0382,98.71,Maintenance,2025,11,November,Wednesday,0
2025-11-13,Manipur,28.0,21.0,0.0,49.0,571.0,3888.0,4459.0,1630.0,1086.0,2716.0,7224.0,3091545,0.0158,143.5,Maintenance,2025,11,November,Thursday,0
2025-11-14,Manipur,37.0,46.0,0.0,83.0,591.0,4042.0,4633.0,2385.0,1392.0,3777.0,8493.0,3091545,0.0268,100.12,Maintenance,2025,11,November,Friday,0
2025-11-15,Manipur,157.0,167.0,0.0,324.0,1386.0,9201.0,10587.0,1590.0,911.0,2501.0,13412.0,3091545,0.1048,40.27,Maintenance,2025,11,November,Saturday,1
2025-11-16,Manipur,34.0,38.0,0.0,72.0,258.0,1421.0,1679.0,885.0,456.0,1341.0,3092.0,3091545,0.0233,41.37,Maintenance,2025,11,November,Sunday,1
2025-11-17,Manipur,27.0,35.0,0.0,62.0,915.0,6408.0,7323.0,742.0,531.0,1273.0,8658.0,3091545,0.0201,136.44,Maintenance,2025,11,November,Monday,0
2025-11-18,Manipur,94.0,106.0,0.0,200.0,631.0,4272.0,4903.0,1253.0,939.0,2192.0,7295.0,3091545,0.0647,35.3,Maintenance,2025,11,November,Tuesday,0
2025-11-19,Manipur,121.0,123.0,3.0,247.0,555.0,3227.0,3782.0,832.0,734.0,1566.0,5595.0,3091545,0.0799,21.56,Maintenance,2025,11,November,Wednesday,0
2025-11-25,Manipur,68.0,54.0,1.0,123.0,90.0,459.0,549.0,2074.0,1207.0,3281.0,3953.0,3091545,0.0398,30.89,Maintenance,2025,11,November,Tuesday,0
2025-11-26,Manipur,0.0,0.0,0.0,0.0,262.0,1766.0,2028.0,0.0,0.0,0.0,2028.0,3091545,0.0,2028.0,Maintenance,2025,11,November,Wednesday,0
2025-11-27,Manipur,0.0,0.0,0.0,0.0,837.0,4748.0,5585.0,0.0,0.0,0.0,5585.0,3091545,0.0,5585.0,Maintenance,2025,11,November,Thursday,0
2025-11-28,Manipur,0.0,0.0,0.0,0.0,427.0,2011.0,2438.0,0.0,0.0,0.0,2438.0,3091545,0.0,2438.0,Maintenance,2025,11,November,Friday,0
2025-11-29,Manipur,0.0,0.0,0.0,0.0,404.0,2331.0,2735.0,0.0,0.0,0.0,2735.0,3091545,0.0,2735.0,Maintenance,2025,11,November,Saturday,1
2025-12-01,Manipur,0.0,0.0,0.0,0.0,320.0,1580.0,1900.0,817.0,342.0,1159.0,3059.0,3091545,0.0,3059.0,Maintenance,2025,12,December,Monday,0
2025-12-02,Manipur,0.0,0.0,0.0,0.0,435.0,2251.0,2686.0,1139.0,584.0,1723.0,4409.0,3091545,0.0,4409.0,Maintenance,2025,12,December,Tuesday,0
2025-12-03,Manipur,0.0,0.0,0.0,0.0,621.0,2742.0,3363.0,742.0,531.0,1273.0,4636.0,3091545,0.0,4636.0,Maintenance,2025,12,December,Wednesday,0
2025-12-04,Manipur,0.0,0.0,0.0,0.0,404.0,1688.0,2092.0,473.0,308.0,781.0,2873.0,3091545,0.0,2873.0,Maintenance,2025,12,December,Thursday,0
2025-12-05,Manipur,0.0,0.0,0.0,0.0,137.0,719.0,856.0,451.0,531.0,982.0,1838.0,3091545,0.0,1838.0,Maintenance,2025,12,December,Friday,0
2025-12-06,Manipur,0.0,0.0,0.0,0.0,242.0,990.0,1232.0,575.0,561.0,1136.0,2368.0,3091545,0.0,2368.0,Maintenance,2025,12,December,Saturday,1
2025-12-07,Manipur,0.0,0.0,0.0,0.0,128.0,498.0,626.0,266.0,228.0,494.0,1120.0,3091545,0.0,1120.0,Maintenance,2025,12,December,Sunday,1
2025-12-08,Manipur,0.0,0.0,0.0,0.0,416.0,1876.0,2292.0,405.0,373.0,778.0,3070.0,3091545,0.0,3070.0,Maintenance,2025,12,December,Monday,0
2025-12-09,Manipur,0.0,0.0,0.0,0.0,252.0,1076.0,1328.0,434.0,386.0,820.0,2148.0,3091545,0.0,2148.0,Maintenance,2025,12,December,Tuesday,0
2025-12-10,Manipur,0.0,0.0,0.0,0.0,186.0,909.0,1095.0,401.0,328.0,729.0,1824.0,3091545,0.0,1824.0,Maintenance,2025,12,December,Wednesday,0
2025-12-11,Manipur,0.0,0.0,0.0,0.0,319.0,2015.0,2334.0,326.0,292.0,618.0,2952.0,3091545,0.0,2952.0,Maintenance,2025,12,December,Thursday,0
2025-12-12,Manipur,0.0,0.0,0.0,0.0,311.0,1781.0,2092.0,417.0,313.0,730.0,2822.0,3091545,0.0,2822.0,Maintenance,2025,12,December,Friday,0
2025-12-13,Manipur,0.0,0.0,0.0,0.0,245.0,1440.0,1685.0,306.0,195.0,501.0,2186.0,3091545,0.0,2186.0,Maintenance,2025,12,December,Saturday,1
2025-12-14,Manipur,0.0,0.0,0.0,0.0,227.0,1070.0,1297.0,291.0,181.0,472.0,1769.0,3091545,0.0,1769.0,Maintenance,2025,12,December,Sunday,1
2025-12-15,Manipur,122.0,117.0,0.0,239.0,151.0,726.0,877.0,442.0,286.0,728.0,1844.0,3091545,0.0773,6.69,Maintenance,2025,12,December,Monday,0
2025-12-16,Manipur,0.0,0.0,0.0,0.0,373.0,2239.0,2612.0,624.0,409.0,1033.0,3645.0,3091545,0.0,3645.0,Maintenance,2025,12,December,Tuesday,0
2025-12-18,Manipur,0.0,0.0,0.0,0.0,33.0,193.0,226.0,76.0,39.0,115.0,341.0,3091545,0.0,341.0,Maintenance,2025,12,December,Thursday,0
2025-12-19,Manipur,0.0,0.0,0.0,0.0,266.0,1713.0,1979.0,446.0,306.0,752.0,2731.0,3091545,0.0,2731.0,Maintenance,2025,12,December,Friday,0
2025-12-20,Manipur,0.0,0.0,0.0,0.0,238.0,1060.0,1298.0,168.0,95.0,263.0,1561.0,3091545,0.0,1561.0,Maintenance,2025,12,December,Saturday,1
2025-12-21,Manipur,47.0,0.0,0.0,47.0,172.0,647.0,819.0,0.0,0.0,0.0,866.0,3091545,0.0152,17.06,Maintenance,2025,12,December,Sunday,1
2025-12-22,Manipur,145.0,1.0,0.0,146.0,254.0,1220.0,1474.0,0.0,0.0,0.0,1620.0,3091545,0.0472,10.03,Maintenance,2025,12,December,Monday,0
2025-12-23,Manipur,57.0,1.0,0.0,58.0,453.0,2005.0,2458.0,0.0,0.0,0.0,2516.0,3091545,0.0188,41.66,Maintenance,2025,12,December,Tuesday,0
2025-12-24,Manipur,54.0,36.0,0.0,90.0,80.0,398.0,478.0,0.0,0.0,0.0,568.0,3091545,0.0291,5.25,Maintenance,2025,12,December,Wednesday,0
2025-12-25,Manipur,21.0,75.0,2.0,98.0,247.0,1232.0,1479.0,792.0,512.0,1304.0,2881.0,3091545,0.0317,28.11,Maintenance,2025,12,December,Thursday,0
2025-12-26,Manipur,31.0,53.0,17.0,101.0,357.0,1372.0,1729.0,468.0,440.0,908.0,2738.0,3091545,0.0327,25.85,Maintenance,2025,12,December,Friday,0
2025-12-27,Manipur,56.0,55.0,0.0,111.0,382.0,2157.0,2539.0,597.0,473.0,1070.0,3720.0,3091545,0.0359,32.22,Maintenance,2025,12,December,Saturday,1
2025-12-28,Manipur,142.0,149.0,0.0,291.0,233.0,797.0,1030.0,622.0,431.0,1053.0,2374.0,3091545,0.0941,7.13,Maintenance,2025,12,December,Sunday,1
2025-12-29,Manipur,42.0,34.0,0.0,76.0,175.0,936.0,1111.0,516.0,374.0,890.0,2077.0,3091545,0.0246,25.99,Maintenance,2025,12,December,Monday,0
2025-12-31,Manipur,57.0,285.0,4.0,346.0,0.0,0.0,0.0,0.0,0.0,0.0,346.0,3091545,0.1119,0.0,Growth,2025,12,December,Wednesday,0
2025-03-01,Meghalaya,0.0,0.0,0.0,0.0,3226.0,35806.0,39032.0,3554.0,8263.0,11817.0,50849.0,3366710,0.0,50849.0,Maintenance,2025,3,March,Saturday,1
2025-03-02,Meghalaya,11.0,61.0,37.0,109.0,0.0,0.0,0.0,0.0,0.0,0.0,109.0,3366710,0.0324,0.0,Growth,2025,3,March,Sunday,1
2025-03-15,Meghalaya,126.0,27.0,178.0,331.0,0.0,0.0,0.0,0.0,0.0,0.0,331.0,3366710,0.0983,0.0,Growth,2025,3,March,Saturday,1
2025-03-20,Meghalaya,75.0,29.0,297.0,401.0,0.0,0.0,0.0,0.0,0.0,0.0,401.0,3366710,0.1191,0.0,Growth,2025,3,March,Thursday,0
2025-03-23,Meghalaya,54.0,57.0,129.0,240.0,0.0,0.0,0.0,0.0,0.0,0.0,240.0,3366710,0.0713,0.0,Growth,2025,3,March,Sunday,1
2025-03-26,Meghalaya,168.0,26.0,17.0,211.0,0.0,0.0,0.0,0.0,0.0,0.0,211.0,3366710,0.0627,0.0,Growth,2025,3,March,Wednesday,0
2025-03-28,Meghalaya,43.0,58.0,90.0,191.0,0.0,0.0,0.0,0.0,0.0,0.0,191.0,3366710,0.0567,0.0,Growth,2025,3,March,Friday,0
2025-03-29,Meghalaya,30.0,11.0,26.0,67.0,0.0,0.0,0.0,0.0,0.0,0.0,67.0,3366710,0.0199,0.0,Growth,2025,3,March,Saturday,1
2025-04-01,Meghalaya,7172.0,16999.0,6341.0,30512.0,0.0,0.0,0.0,4646.0,7219.0,11865.0,42377.0,3366710,9.0629,0.39,Growth,2025,4,April,Tuesday,0
2025-05-01,Meghalaya,3660.0,7682.0,6038.0,17380.0,0.0,0.0,0.0,3883.0,7343.0,11226.0,28606.0,3366710,5.1623,0.65,Growth,2025,5,May,Thursday,0
2025-06-01,Meghalaya,1724.0,7051.0,4786.0,13561.0,0.0,0.0,0.0,3247.0,7592.0,10839.0,24400.0,3366710,4.028,0.8,Growth,2025,6,June,Sunday,1
2025-07-01,Meghalaya,3492.0,11649.0,8768.0,23909.0,0.0,0.0,0.0,5361.0,8999.0,14360.0,38269.0,3366710,7.1016,0.6,Growth,2025,7,July,Tuesday,0
2025-09-01,Meghalaya,117.0,289.0,274.0,680.0,152.0,1213.0,1365.0,174.0,243.0,417.0,2462.0,3366710,0.202,2.62,Growth,2025,9,September,Monday,0
2025-09-02,Meghalaya,123.0,255.0,199.0,577.0,91.0,778.0,869.0,193.0,293.0,486.0,1932.0,3366710,0.1714,2.34,Growth,2025,9,September,Tuesday,0
2025-09-03,Meghalaya,116.0,231.0,160.0,507.0,75.0,742.0,817.0,152.0,187.0,339.0,1663.0,3366710,0.1506,2.28,Growth,2025,9,September,Wednesday,0
2025-09-04,Meghalaya,93.0,233.0,165.0,491.0,119.0,982.0,1101.0,155.0,280.0,435.0,2027.0,3366710,0.1458,3.12,Growth,2025,9,September,Thursday,0
2025-09-05,Meghalaya,92.0,243.0,161.0,496.0,169.0,1277.0,1446.0,221.0,201.0,422.0,2364.0,3366710,0.1473,3.76,Growth,2025,9,September,Friday,0
2025-09-06,Meghalaya,19.0,33.0,15.0,67.0,25.0,129.0,154.0,45.0,78.0,123.0,344.0,3366710,0.0199,4.07,Growth,2025,9,September,Saturday,1
2025-09-07,Meghalaya,2.0,1.0,1.0,4.0,1.0,21.0,22.0,1.0,11.0,12.0,38.0,3366710,0.0012,6.8,Maintenance,2025,9,September,Sunday,1
2025-09-08,Meghalaya,126.0,224.0,166.0,516.0,97.0,1072.0,1169.0,228.0,260.0,488.0,2173.0,3366710,0.1533,3.21,Growth,2025,9,September,Monday,0
2025-09-09,Meghalaya,117.0,264.0,174.0,555.0,100.0,1131.0,1231.0,212.0,262.0,474.0,2260.0,3366710,0.1648,3.07,Growth,2025,9,September,Tuesday,0
2025-09-10,Meghalaya,109.0,207.0,130.0,446.0,159.0,1457.0,1616.0,157.0,276.0,433.0,2495.0,3366710,0.1325,4.58,Growth,2025,9,September,Wednesday,0
2025-09-11,Meghalaya,95.0,176.0,126.0,397.0,61.0,784.0,845.0,126.0,237.0,363.0,1605.0,3366710,0.1179,3.04,Growth,2025,9,September,Thursday,0
2025-09-12,Meghalaya,117.0,262.0,157.0,536.0,112.0,1063.0,1175.0,247.0,313.0,560.0,2271.0,3366710,0.1592,3.23,Growth,2025,9,September,Friday,0
2025-09-13,Meghalaya,32.0,84.0,32.0,148.0,50.0,256.0,306.0,55.0,142.0,197.0,651.0,3366710,0.044,3.38,Growth,2025,9,September,Saturday,1
2025-09-14,Meghalaya,4.0,4.0,2.0,10.0,3.0,18.0,21.0,5.0,10.0,15.0,46.0,3366710,0.003,3.27,Growth,2025,9,September,Sunday,1
2025-09-15,Meghalaya,76.0,212.0,116.0,404.0,109.0,1194.0,1303.0,224.0,303.0,527.0,2234.0,3366710,0.12,4.52,Growth,2025,9,September,Monday,0
2025-09-16,Meghalaya,98.0,241.0,136.0,475.0,96.0,1024.0,1120.0,205.0,291.0,496.0,2091.0,3366710,0.1411,3.39,Growth,2025,9,September,Tuesday,0
2025-09-17,Meghalaya,38.0,168.0,118.0,324.0,107.0,1098.0,1205.0,175.0,238.0,413.0,1942.0,3366710,0.0962,4.98,Growth,2025,9,September,Wednesday,0
2025-09-18,Meghalaya,33.0,70.0,30.0,133.0,54.0,507.0,561.0,63.0,101.0,164.0,858.0,3366710,0.0395,5.41,Maintenance,2025,9,September,Thursday,0
2025-09-19,Meghalaya,85.0,211.0,124.0,420.0,86.0,769.0,855.0,246.0,281.0,527.0,1802.0,3366710,0.1248,3.28,Growth,2025,9,September,Friday,0
2025-09-20,Meghalaya,18.0,39.0,6.0,63.0,27.0,179.0,206.0,44.0,138.0,182.0,451.0,3366710,0.0187,6.06,Maintenance,2025,9,September,Saturday,1
2025-09-21,Meghalaya,3.0,0.0,1.0,4.0,0.0,0.0,0.0,0.0,0.0,0.0,4.0,3366710,0.0012,0.0,Growth,2025,9,September,Sunday,1
2025-09-22,Meghalaya,102.0,212.0,93.0,407.0,0.0,0.0,0.0,0.0,0.0,0.0,407.0,3366710,0.1209,0.0,Growth,2025,9,September,Monday,0
2025-09-23,Meghalaya,91.0,189.0,88.0,368.0,0.0,0.0,0.0,0.0,0.0,0.0,368.0,3366710,0.1093,0.0,Growth,2025,9,September,Tuesday,0
2025-09-24,Meghalaya,91.0,209.0,100.0,400.0,0.0,0.0,0.0,0.0,0.0,0.0,400.0,3366710,0.1188,0.0,Growth,2025,9,September,Wednesday,0
2025-09-25,Meghalaya,84.0,189.0,64.0,337.0,0.0,0.0,0.0,0.0,0.0,0.0,337.0,3366710,0.1001,0.0,Growth,2025,9,September,Thursday,0
2025-09-26,Meghalaya,89.0,179.0,54.0,322.0,0.0,0.0,0.0,0.0,0.0,0.0,322.0,3366710,0.0956,0.0,Growth,2025,9,September,Friday,0
2025-09-27,Meghalaya,7.0,16.0,5.0,28.0,0.0,0.0,0.0,0.0,0.0,0.0,28.0,3366710,0.0083,0.0,Growth,2025,9,September,Saturday,1
2025-09-28,Meghalaya,0.0,2.0,0.0,2.0,0.0,0.0,0.0,0.0,0.0,0.0,2.0,3366710,0.0006,0.0,Growth,2025,9,September,Sunday,1
2025-09-29,Meghalaya,59.0,155.0,4.0,218.0,0.0,0.0,0.0,0.0,0.0,0.0,218.0,3366710,0.0648,0.0,Growth,2025,9,September,Monday,0
2025-09-30,Meghalaya,50.0,149.0,5.0,204.0,0.0,0.0,0.0,0.0,0.0,0.0,204.0,3366710,0.0606,0.0,Growth,2025,9,September,Tuesday,0
2025-10-13,Meghalaya,27.0,91.0,321.0,439.0,46.0,545.0,591.0,2.0,2.0,4.0,1034.0,3366710,0.1304,1.35,Growth,2025,10,October,Monday,0
2025-10-15,Meghalaya,86.0,184.0,234.0,504.0,53.0,651.0,704.0,169.0,182.0,351.0,1559.0,3366710,0.1497,2.09,Growth,2025,10,October,Wednesday,0
2025-10-16,Meghalaya,38.0,123.0,194.0,355.0,136.0,1011.0,1147.0,178.0,138.0,316.0,1818.0,3366710,0.1054,4.11,Growth,2025,10,October,Thursday,0
2025-10-17,Meghalaya,50.0,66.0,20.0,136.0,29.0,352.0,381.0,257.0,141.0,398.0,915.0,3366710,0.0404,5.69,Maintenance,2025,10,October,Friday,0
2025-10-18,Meghalaya,51.0,94.0,27.0,172.0,41.0,211.0,252.0,258.0,142.0,400.0,824.0,3366710,0.0511,3.77,Growth,2025,10,October,Saturday,1
2025-10-19,Meghalaya,60.0,98.0,2.0,160.0,33.0,156.0,189.0,184.0,165.0,349.0,698.0,3366710,0.0475,3.34,Growth,2025,10,October,Sunday,1
2025-10-20,Meghalaya,21.0,22.0,1.0,44.0,5.0,37.0,42.0,17.0,28.0,45.0,131.0,3366710,0.0131,1.93,Growth,2025,10,October,Monday,0
2025-10-21,Meghalaya,8.0,18.0,90.0,116.0,20.0,116.0,136.0,21.0,22.0,43.0,295.0,3366710,0.0345,1.53,Growth,2025,10,October,Tuesday,0
2025-10-22,Meghalaya,0.0,0.0,35.0,35.0,3.0,15.0,18.0,2.0,4.0,6.0,59.0,3366710,0.0104,0.67,Growth,2025,10,October,Wednesday,0
2025-10-23,Meghalaya,0.0,0.0,282.0,282.0,6.0,47.0,53.0,2.0,3.0,5.0,340.0,3366710,0.0838,0.2,Growth,2025,10,October,Thursday,0
2025-10-24,Meghalaya,84.0,195.0,35.0,314.0,185.0,1462.0,1647.0,270.0,202.0,472.0,2433.0,3366710,0.0933,6.73,Maintenance,2025,10,October,Friday,0
2025-10-25,Meghalaya,121.0,265.0,14.0,400.0,115.0,1132.0,1247.0,631.0,331.0,962.0,2609.0,3366710,0.1188,5.51,Maintenance,2025,10,October,Saturday,1
2025-10-26,Meghalaya,73.0,196.0,3.0,272.0,87.0,765.0,852.0,248.0,238.0,486.0,1610.0,3366710,0.0808,4.9,Growth,2025,10,October,Sunday,1
2025-10-27,Meghalaya,93.0,149.0,173.0,415.0,32.0,437.0,469.0,216.0,153.0,369.0,1253.0,3366710,0.1233,2.01,Growth,2025,10,October,Monday,0
2025-10-28,Meghalaya,36.0,90.0,218.0,344.0,44.0,419.0,463.0,295.0,142.0,437.0,1244.0,3366710,0.1022,2.61,Growth,2025,10,October,Tuesday,0
2025-10-29,Meghalaya,40.0,56.0,21.0,117.0,120.0,982.0,1102.0,274.0,175.0,449.0,1668.0,3366710,0.0348,13.14,Maintenance,2025,10,October,Wednesday,0
2025-10-30,Meghalaya,132.0,245.0,79.0,456.0,56.0,353.0,409.0,1152.0,393.0,1545.0,2410.0,3366710,0.1354,4.28,Growth,2025,10,October,Thursday,0
2025-10-31,Meghalaya,118.0,208.0,117.0,443.0,131.0,1062.0,1193.0,908.0,287.0,1195.0,2831.0,3366710,0.1316,5.38,Maintenance,2025,10,October,Friday,0
2025-11-01,Meghalaya,92.0,241.0,40.0,373.0,51.0,283.0,334.0,104.0,84.0,188.0,895.0,3366710,0.1108,1.4,Growth,2025,11,November,Saturday,1
2025-11-02,Meghalaya,28.0,50.0,14.0,92.0,15.0,96.0,111.0,36.0,29.0,65.0,268.0,3366710,0.0273,1.89,Growth,2025,11,November,Sunday,1
2025-11-03,Meghalaya,40.0,85.0,276.0,401.0,106.0,841.0,947.0,313.0,166.0,479.0,1827.0,3366710,0.1191,3.55,Growth,2025,11,November,Monday,0
2025-11-04,Meghalaya,1.0,4.0,0.0,5.0,61.0,622.0,683.0,499.0,205.0,704.0,1392.0,3366710,0.0015,231.17,Maintenance,2025,11,November,Tuesday,0
2025-11-05,Meghalaya,119.0,233.0,216.0,568.0,53.0,489.0,542.0,747.0,221.0,968.0,2078.0,3366710,0.1687,2.65,Growth,2025,11,November,Wednesday,0
2025-11-06,Meghalaya,52.0,125.0,42.0,219.0,125.0,594.0,719.0,213.0,94.0,307.0,1245.0,3366710,0.065,4.66,Growth,2025,11,November,Thursday,0
2025-11-07,Meghalaya,22.0,62.0,20.0,104.0,34.0,233.0,267.0,296.0,119.0,415.0,786.0,3366710,0.0309,6.5,Maintenance,2025,11,November,Friday,0
2025-11-08,Meghalaya,47.0,75.0,88.0,210.0,37.0,209.0,246.0,52.0,84.0,136.0,592.0,3366710,0.0624,1.81,Growth,2025,11,November,Saturday,1
2025-11-09,Meghalaya,28.0,28.0,4.0,60.0,9.0,48.0,57.0,54.0,36.0,90.0,207.0,3366710,0.0178,2.41,Growth,2025,11,November,Sunday,1
2025-11-10,Meghalaya,47.0,79.0,281.0,407.0,73.0,593.0,666.0,278.0,124.0,402.0,1475.0,3366710,0.1209,2.62,Growth,2025,11,November,Monday,0
2025-11-11,Meghalaya,63.0,115.0,209.0,387.0,42.0,400.0,442.0,384.0,209.0,593.0,1422.0,3366710,0.1149,2.67,Growth,2025,11,November,Tuesday,0
2025-11-12,Meghalaya,72.0,173.0,302.0,547.0,56.0,416.0,472.0,458.0,196.0,654.0,1673.0,3366710,0.1625,2.05,Growth,2025,11,November,Wednesday,0
2025-11-13,Meghalaya,64.0,70.0,219.0,353.0,27.0,245.0,272.0,210.0,154.0,364.0,989.0,3366710,0.1049,1.8,Growth,2025,11,November,Thursday,0
2025-11-14,Meghalaya,89.0,126.0,117.0,332.0,40.0,211.0,251.0,128.0,101.0,229.0,812.0,3366710,0.0986,1.44,Growth,2025,11,November,Friday,0
2025-11-15,Meghalaya,147.0,196.0,1.0,344.0,20.0,206.0,226.0,67.0,84.0,151.0,721.0,3366710,0.1022,1.09,Growth,2025,11,November,Saturday,1
2025-11-16,Meghalaya,39.0,80.0,0.0,119.0,10.0,86.0,96.0,36.0,41.0,77.0,292.0,3366710,0.0353,1.44,Growth,2025,11,November,Sunday,1
2025-11-17,Meghalaya,11.0,35.0,146.0,192.0,78.0,732.0,810.0,40.0,51.0,91.0,1093.0,3366710,0.057,4.67,Growth,2025,11,November,Monday,0
2025-11-18,Meghalaya,66.0,69.0,292.0,427.0,31.0,473.0,504.0,95.0,158.0,253.0,1184.0,3366710,0.1268,1.77,Growth,2025,11,November,Tuesday,0
2025-11-19,Meghalaya,81.0,74.0,279.0,434.0,30.0,494.0,524.0,137.0,116.0,253.0,1211.0,3366710,0.1289,1.79,Growth,2025,11,November,Wednesday,0
2025-11-25,Meghalaya,71.0,88.0,240.0,399.0,11.0,124.0,135.0,475.0,396.0,871.0,1405.0,3366710,0.1185,2.52,Growth,2025,11,November,Tuesday,0
2025-11-26,Meghalaya,0.0,0.0,0.0,0.0,34.0,394.0,428.0,0.0,0.0,0.0,428.0,3366710,0.0,428.0,Maintenance,2025,11,November,Wednesday,0
2025-11-27,Meghalaya,0.0,0.0,0.0,0.0,49.0,577.0,626.0,0.0,0.0,0.0,626.0,3366710,0.0,626.0,Maintenance,2025,11,November,Thursday,0
2025-11-28,Meghalaya,0.0,0.0,0.0,0.0,41.0,475.0,516.0,0.0,0.0,0.0,516.0,3366710,0.0,516.0,Maintenance,2025,11,November,Friday,0
2025-11-29,Meghalaya,0.0,0.0,0.0,0.0,38.0,138.0,176.0,0.0,0.0,0.0,176.0,3366710,0.0,176.0,Maintenance,2025,11,November,Saturday,1
2025-12-01,Meghalaya,0.0,0.0,0.0,0.0,27.0,330.0,357.0,148.0,82.0,230.0,587.0,3366710,0.0,587.0,Maintenance,2025,12,December,Monday,0
2025-12-02,Meghalaya,0.0,0.0,0.0,0.0,39.0,344.0,383.0,235.0,161.0,396.0,779.0,3366710,0.0,779.0,Maintenance,2025,12,December,Tuesday,0
2025-12-03,Meghalaya,0.0,0.0,0.0,0.0,111.0,895.0,1006.0,162.0,115.0,277.0,1283.0,3366710,0.0,1283.0,Maintenance,2025,12,December,Wednesday,0
2025-12-04,Meghalaya,0.0,0.0,0.0,0.0,107.0,696.0,803.0,175.0,144.0,319.0,1122.0,3366710,0.0,1122.0,Maintenance,2025,12,December,Thursday,0
2025-12-05,Meghalaya,0.0,0.0,0.0,0.0,41.0,355.0,396.0,191.0,142.0,333.0,729.0,3366710,0.0,729.0,Maintenance,2025,12,December,Friday,0
2025-12-06,Meghalaya,0.0,0.0,0.0,0.0,27.0,191.0,218.0,129.0,115.0,244.0,462.0,3366710,0.0,462.0,Maintenance,2025,12,December,Saturday,1
2025-12-07,Meghalaya,0.0,0.0,0.0,0.0,18.0,93.0,111.0,38.0,43.0,81.0,192.0,3366710,0.0,192.0,Maintenance,2025,12,December,Sunday,1
2025-12-08,Meghalaya,0.0,0.0,0.0,0.0,102.0,785.0,887.0,225.0,143.0,368.0,1255.0,3366710,0.0,1255.0,Maintenance,2025,12,December,Monday,0
2025-12-09,Meghalaya,0.0,0.0,0.0,0.0,70.0,604.0,674.0,284.0,159.0,443.0,1117.0,3366710,0.0,1117.0,Maintenance,2025,12,December,Tuesday,0
2025-12-10,Meghalaya,0.0,0.0,0.0,0.0,46.0,388.0,434.0,215.0,105.0,320.0,754.0,3366710,0.0,754.0,Maintenance,2025,12,December,Wednesday,0
2025-12-11,Meghalaya,0.0,0.0,0.0,0.0,138.0,801.0,939.0,157.0,120.0,277.0,1216.0,3366710,0.0,1216.0,Maintenance,2025,12,December,Thursday,0
2025-12-12,Meghalaya,0.0,0.0,0.0,0.0,55.0,390.0,445.0,160.0,98.0,258.0,703.0,3366710,0.0,703.0,Maintenance,2025,12,December,Friday,0
2025-12-13,Meghalaya,0.0,0.0,0.0,0.0,25.0,116.0,141.0,39.0,40.0,79.0,220.0,3366710,0.0,220.0,Maintenance,2025,12,December,Saturday,1
2025-12-14,Meghalaya,0.0,0.0,0.0,0.0,59.0,154.0,213.0,24.0,13.0,37.0,250.0,3366710,0.0,250.0,Maintenance,2025,12,December,Sunday,1
2025-12-15,Meghalaya,44.0,89.0,405.0,538.0,72.0,513.0,585.0,193.0,107.0,300.0,1423.0,3366710,0.1598,1.64,Growth,2025,12,December,Monday,0
2025-12-16,Meghalaya,0.0,0.0,0.0,0.0,105.0,719.0,824.0,325.0,186.0,511.0,1335.0,3366710,0.0,1335.0,Maintenance,2025,12,December,Tuesday,0
2025-12-18,Meghalaya,0.0,0.0,0.0,0.0,8.0,54.0,62.0,38.0,13.0,51.0,113.0,3366710,0.0,113.0,Maintenance,2025,12,December,Thursday,0
2025-12-19,Meghalaya,0.0,0.0,0.0,0.0,63.0,423.0,486.0,271.0,130.0,401.0,887.0,3366710,0.0,887.0,Maintenance,2025,12,December,Friday,0
2025-12-20,Meghalaya,0.0,0.0,0.0,0.0,27.0,149.0,176.0,40.0,35.0,75.0,251.0,3366710,0.0,251.0,Maintenance,2025,12,December,Saturday,1
2025-12-21,Meghalaya,75.0,0.0,0.0,75.0,13.0,41.0,54.0,0.0,0.0,0.0,129.0,3366710,0.0223,0.71,Growth,2025,12,December,Sunday,1
2025-12-22,Meghalaya,42.0,0.0,0.0,42.0,6.0,99.0,105.0,0.0,0.0,0.0,147.0,3366710,0.0125,2.44,Growth,2025,12,December,Monday,0
2025-12-23,Meghalaya,21.0,0.0,0.0,21.0,57.0,213.0,270.0,0.0,0.0,0.0,291.0,3366710,0.0062,12.27,Maintenance,2025,12,December,Tuesday,0
2025-12-24,Meghalaya,24.0,86.0,249.0,359.0,8.0,20.0,28.0,0.0,0.0,0.0,387.0,3366710,0.1066,0.08,Growth,2025,12,December,Wednesday,0
2025-12-25,Meghalaya,10.0,96.0,336.0,442.0,4.0,27.0,31.0,59.0,58.0,117.0,590.0,3366710,0.1313,0.33,Growth,2025,12,December,Thursday,0
2025-12-26,Meghalaya,7.0,59.0,2.0,68.0,21.0,65.0,86.0,29.0,33.0,62.0,216.0,3366710,0.0202,2.14,Growth,2025,12,December,Friday,0
2025-12-27,Meghalaya,20.0,66.0,186.0,272.0,22.0,121.0,143.0,17.0,35.0,52.0,467.0,3366710,0.0808,0.71,Growth,2025,12,December,Saturday,1
2025-12-28,Meghalaya,57.0,81.0,0.0,138.0,12.0,55.0,67.0,4.0,11.0,15.0,220.0,3366710,0.041,0.59,Growth,2025,12,December,Sunday,1
2025-12-29,Meghalaya,16.0,38.0,13.0,67.0,11.0,79.0,90.0,48.0,30.0,78.0,235.0,3366710,0.0199,2.47,Growth,2025,12,December,Monday,0
2025-12-31,Meghalaya,5.0,285.0,31.0,321.0,0.0,0.0,0.0,0.0,0.0,0.0,321.0,3366710,0.0953,0.0,Growth,2025,12,December,Wednesday,0
2025-03-01,Mizoram,0.0,0.0,0.0,0.0,2205.0,14792.0,16997.0,40071.0,10998.0,51069.0,68066.0,1239244,0.0,68066.0,Maintenance,2025,3,March,Saturday,1
2025-04-01,Mizoram,275.0,76.0,17.0,368.0,328.0,1782.0,2110.0,17652.0,6583.0,24235.0,26713.0,1239244,0.297,71.4,Maintenance,2025,4,April,Tuesday,0
2025-05-01,Mizoram,475.0,154.0,108.0,737.0,76.0,414.0,490.0,4733.0,3187.0,7920.0,9147.0,1239244,0.5947,11.4,Maintenance,2025,5,May,Thursday,0
2025-06-01,Mizoram,205.0,69.0,37.0,311.0,162.0,2510.0,2672.0,3978.0,3406.0,7384.0,10367.0,1239244,0.251,32.23,Maintenance,2025,6,June,Sunday,1
2025-07-01,Mizoram,549.0,217.0,109.0,875.0,41.0,389.0,430.0,4222.0,3939.0,8161.0,9466.0,1239244,0.7061,9.81,Maintenance,2025,7,July,Tuesday,0
2025-09-01,Mizoram,31.0,16.0,7.0,54.0,22.0,274.0,296.0,166.0,136.0,302.0,652.0,1239244,0.0436,10.87,Maintenance,2025,9,September,Monday,0
2025-09-02,Mizoram,44.0,16.0,3.0,63.0,39.0,259.0,298.0,411.0,244.0,655.0,1016.0,1239244,0.0508,14.89,Maintenance,2025,9,September,Tuesday,0
2025-09-03,Mizoram,37.0,17.0,2.0,56.0,39.0,263.0,302.0,188.0,126.0,314.0,672.0,1239244,0.0452,10.81,Maintenance,2025,9,September,Wednesday,0
2025-09-04,Mizoram,37.0,14.0,0.0,51.0,56.0,317.0,373.0,256.0,185.0,441.0,865.0,1239244,0.0412,15.65,Maintenance,2025,9,September,Thursday,0
2025-09-05,Mizoram,19.0,7.0,2.0,28.0,15.0,70.0,85.0,92.0,68.0,160.0,273.0,1239244,0.0226,8.45,Maintenance,2025,9,September,Friday,0
2025-09-06,Mizoram,26.0,6.0,0.0,32.0,10.0,41.0,51.0,106.0,51.0,157.0,240.0,1239244,0.0258,6.3,Maintenance,2025,9,September,Saturday,1
2025-09-07,Mizoram,1.0,2.0,0.0,3.0,0.0,8.0,8.0,14.0,5.0,19.0,30.0,1239244,0.0024,6.75,Maintenance,2025,9,September,Sunday,1
2025-09-08,Mizoram,26.0,14.0,4.0,44.0,48.0,326.0,374.0,169.0,164.0,333.0,751.0,1239244,0.0355,15.71,Maintenance,2025,9,September,Monday,0
2025-09-09,Mizoram,70.0,27.0,2.0,99.0,43.0,295.0,338.0,155.0,139.0,294.0,731.0,1239244,0.0799,6.32,Maintenance,2025,9,September,Tuesday,0
2025-09-10,Mizoram,52.0,23.0,2.0,77.0,57.0,428.0,485.0,157.0,104.0,261.0,823.0,1239244,0.0621,9.56,Maintenance,2025,9,September,Wednesday,0
2025-09-11,Mizoram,23.0,12.0,4.0,39.0,26.0,192.0,218.0,124.0,94.0,218.0,475.0,1239244,0.0315,10.9,Maintenance,2025,9,September,Thursday,0
2025-09-12,Mizoram,21.0,9.0,5.0,35.0,32.0,210.0,242.0,119.0,81.0,200.0,477.0,1239244,0.0282,12.28,Maintenance,2025,9,September,Friday,0
2025-09-13,Mizoram,21.0,15.0,1.0,37.0,26.0,115.0,141.0,180.0,49.0,229.0,407.0,1239244,0.0299,9.74,Maintenance,2025,9,September,Saturday,1
2025-09-14,Mizoram,1.0,1.0,0.0,2.0,0.0,7.0,7.0,31.0,4.0,35.0,44.0,1239244,0.0016,14.0,Maintenance,2025,9,September,Sunday,1
2025-09-15,Mizoram,34.0,13.0,1.0,48.0,44.0,377.0,421.0,447.0,133.0,580.0,1049.0,1239244,0.0387,20.43,Maintenance,2025,9,September,Monday,0
2025-09-16,Mizoram,47.0,16.0,0.0,63.0,58.0,309.0,367.0,358.0,126.0,484.0,914.0,1239244,0.0508,13.3,Maintenance,2025,9,September,Tuesday,0
2025-09-17,Mizoram,65.0,20.0,0.0,85.0,36.0,374.0,410.0,407.0,144.0,551.0,1046.0,1239244,0.0686,11.17,Maintenance,2025,9,September,Wednesday,0
2025-09-18,Mizoram,37.0,10.0,0.0,47.0,43.0,317.0,360.0,425.0,135.0,560.0,967.0,1239244,0.0379,19.17,Maintenance,2025,9,September,Thursday,0
2025-09-19,Mizoram,46.0,9.0,2.0,57.0,38.0,211.0,249.0,421.0,160.0,581.0,887.0,1239244,0.046,14.31,Maintenance,2025,9,September,Friday,0
2025-09-20,Mizoram,45.0,5.0,0.0,50.0,41.0,172.0,213.0,357.0,113.0,470.0,733.0,1239244,0.0403,13.39,Maintenance,2025,9,September,Saturday,1
2025-09-22,Mizoram,23.0,7.0,0.0,30.0,0.0,0.0,0.0,0.0,0.0,0.0,30.0,1239244,0.0242,0.0,Growth,2025,9,September,Monday,0
2025-09-23,Mizoram,23.0,9.0,0.0,32.0,0.0,0.0,0.0,0.0,0.0,0.0,32.0,1239244,0.0258,0.0,Growth,2025,9,September,Tuesday,0
2025-09-24,Mizoram,37.0,14.0,2.0,53.0,0.0,0.0,0.0,0.0,0.0,0.0,53.0,1239244,0.0428,0.0,Growth,2025,9,September,Wednesday,0
2025-09-25,Mizoram,34.0,17.0,0.0,51.0,0.0,0.0,0.0,0.0,0.0,0.0,51.0,1239244,0.0412,0.0,Growth,2025,9,September,Thursday,0
2025-09-26,Mizoram,42.0,8.0,0.0,50.0,0.0,0.0,0.0,0.0,0.0,0.0,50.0,1239244,0.0403,0.0,Growth,2025,9,September,Friday,0
2025-09-27,Mizoram,4.0,0.0,0.0,4.0,0.0,0.0,0.0,0.0,0.0,0.0,4.0,1239244,0.0032,0.0,Growth,2025,9,September,Saturday,1
2025-09-28,Mizoram,1.0,0.0,0.0,1.0,0.0,0.0,0.0,0.0,0.0,0.0,1.0,1239244,0.0008,0.0,Growth,2025,9,September,Sunday,1
2025-09-29,Mizoram,11.0,3.0,0.0,14.0,0.0,0.0,0.0,0.0,0.0,0.0,14.0,1239244,0.0113,0.0,Growth,2025,9,September,Monday,0
2025-09-30,Mizoram,12.0,1.0,0.0,13.0,0.0,0.0,0.0,0.0,0.0,0.0,13.0,1239244,0.0105,0.0,Growth,2025,9,September,Tuesday,0
2025-10-13,Mizoram,29.0,7.0,3.0,39.0,20.0,183.0,203.0,3.0,2.0,5.0,247.0,1239244,0.0315,5.2,Maintenance,2025,10,October,Monday,0
2025-10-15,Mizoram,53.0,30.0,3.0,86.0,44.0,304.0,348.0,166.0,106.0,272.0,706.0,1239244,0.0694,7.13,Maintenance,2025,10,October,Wednesday,0
2025-10-16,Mizoram,30.0,8.0,1.0,39.0,67.0,434.0,501.0,144.0,99.0,243.0,783.0,1239244,0.0315,18.6,Maintenance,2025,10,October,Thursday,0
2025-10-17,Mizoram,65.0,14.0,0.0,79.0,30.0,207.0,237.0,416.0,213.0,629.0,945.0,1239244,0.0637,10.82,Maintenance,2025,10,October,Friday,0
2025-10-18,Mizoram,74.0,17.0,0.0,91.0,20.0,98.0,118.0,504.0,199.0,703.0,912.0,1239244,0.0734,8.92,Maintenance,2025,10,October,Saturday,1
2025-10-19,Mizoram,47.0,11.0,0.0,58.0,40.0,161.0,201.0,268.0,144.0,412.0,671.0,1239244,0.0468,10.39,Maintenance,2025,10,October,Sunday,1
2025-10-20,Mizoram,30.0,3.0,1.0,34.0,23.0,61.0,84.0,31.0,20.0,51.0,169.0,1239244,0.0274,3.86,Growth,2025,10,October,Monday,0
2025-10-21,Mizoram,20.0,3.0,0.0,23.0,21.0,113.0,134.0,37.0,27.0,64.0,221.0,1239244,0.0186,8.25,Maintenance,2025,10,October,Tuesday,0
2025-10-22,Mizoram,0.0,0.0,0.0,0.0,4.0,17.0,21.0,5.0,5.0,10.0,31.0,1239244,0.0,31.0,Maintenance,2025,10,October,Wednesday,0
2025-10-23,Mizoram,0.0,0.0,14.0,14.0,3.0,26.0,29.0,12.0,11.0,23.0,66.0,1239244,0.0113,3.47,Growth,2025,10,October,Thursday,0
2025-10-24,Mizoram,61.0,13.0,25.0,99.0,124.0,531.0,655.0,378.0,118.0,496.0,1250.0,1239244,0.0799,11.51,Maintenance,2025,10,October,Friday,0
2025-10-25,Mizoram,58.0,17.0,0.0,75.0,85.0,383.0,468.0,439.0,179.0,618.0,1161.0,1239244,0.0605,14.29,Maintenance,2025,10,October,Saturday,1
2025-10-26,Mizoram,24.0,8.0,0.0,32.0,69.0,281.0,350.0,286.0,94.0,380.0,762.0,1239244,0.0258,22.12,Maintenance,2025,10,October,Sunday,1
2025-10-27,Mizoram,41.0,8.0,19.0,68.0,33.0,163.0,196.0,243.0,90.0,333.0,597.0,1239244,0.0549,7.67,Maintenance,2025,10,October,Monday,0
2025-10-28,Mizoram,22.0,12.0,3.0,37.0,26.0,117.0,143.0,191.0,55.0,246.0,426.0,1239244,0.0299,10.24,Maintenance,2025,10,October,Tuesday,0
2025-10-29,Mizoram,20.0,4.0,0.0,24.0,45.0,215.0,260.0,247.0,77.0,324.0,608.0,1239244,0.0194,23.36,Maintenance,2025,10,October,Wednesday,0
2025-10-30,Mizoram,65.0,10.0,1.0,76.0,22.0,64.0,86.0,271.0,165.0,436.0,598.0,1239244,0.0613,6.78,Maintenance,2025,10,October,Thursday,0
2025-10-31,Mizoram,16.0,19.0,45.0,80.0,63.0,360.0,423.0,196.0,111.0,307.0,810.0,1239244,0.0646,9.01,Maintenance,2025,10,October,Friday,0
2025-11-01,Mizoram,16.0,6.0,0.0,22.0,20.0,152.0,172.0,114.0,59.0,173.0,367.0,1239244,0.0178,15.0,Maintenance,2025,11,November,Saturday,1
2025-11-02,Mizoram,43.0,3.0,25.0,71.0,8.0,41.0,49.0,56.0,26.0,82.0,202.0,1239244,0.0573,1.82,Growth,2025,11,November,Sunday,1
2025-11-03,Mizoram,20.0,7.0,2.0,29.0,28.0,283.0,311.0,96.0,76.0,172.0,512.0,1239244,0.0234,16.1,Maintenance,2025,11,November,Monday,0
2025-11-04,Mizoram,1.0,0.0,0.0,1.0,6.0,184.0,190.0,74.0,71.0,145.0,336.0,1239244,0.0008,167.5,Maintenance,2025,11,November,Tuesday,0
2025-11-05,Mizoram,46.0,13.0,0.0,59.0,12.0,105.0,117.0,96.0,55.0,151.0,327.0,1239244,0.0476,4.47,Growth,2025,11,November,Wednesday,0
2025-11-06,Mizoram,19.0,11.0,4.0,34.0,53.0,388.0,441.0,72.0,45.0,117.0,592.0,1239244,0.0274,15.94,Maintenance,2025,11,November,Thursday,0
2025-11-07,Mizoram,15.0,9.0,4.0,28.0,29.0,253.0,282.0,142.0,115.0,257.0,567.0,1239244,0.0226,18.59,Maintenance,2025,11,November,Friday,0
2025-11-08,Mizoram,41.0,15.0,0.0,56.0,25.0,121.0,146.0,69.0,43.0,112.0,314.0,1239244,0.0452,4.53,Growth,2025,11,November,Saturday,1
2025-11-09,Mizoram,38.0,8.0,0.0,46.0,4.0,17.0,21.0,31.0,24.0,55.0,122.0,1239244,0.0371,1.62,Growth,2025,11,November,Sunday,1
2025-11-10,Mizoram,29.0,4.0,0.0,33.0,30.0,213.0,243.0,35.0,45.0,80.0,356.0,1239244,0.0266,9.5,Maintenance,2025,11,November,Monday,0
2025-11-11,Mizoram,50.0,2.0,19.0,71.0,23.0,230.0,253.0,126.0,97.0,223.0,547.0,1239244,0.0573,6.61,Maintenance,2025,11,November,Tuesday,0
2025-11-12,Mizoram,56.0,20.0,1.0,77.0,18.0,186.0,204.0,240.0,106.0,346.0,627.0,1239244,0.0621,7.05,Maintenance,2025,11,November,Wednesday,0
2025-11-13,Mizoram,31.0,7.0,1.0,39.0,20.0,221.0,241.0,170.0,68.0,238.0,518.0,1239244,0.0315,11.98,Maintenance,2025,11,November,Thursday,0
2025-11-14,Mizoram,37.0,11.0,0.0,48.0,18.0,105.0,123.0,184.0,75.0,259.0,430.0,1239244,0.0387,7.8,Maintenance,2025,11,November,Friday,0
2025-11-15,Mizoram,83.0,15.0,0.0,98.0,21.0,244.0,265.0,103.0,59.0,162.0,525.0,1239244,0.0791,4.31,Growth,2025,11,November,Saturday,1
2025-11-16,Mizoram,29.0,18.0,0.0,47.0,10.0,49.0,59.0,45.0,19.0,64.0,170.0,1239244,0.0379,2.56,Growth,2025,11,November,Sunday,1
2025-11-17,Mizoram,18.0,8.0,3.0,29.0,53.0,316.0,369.0,100.0,42.0,142.0,540.0,1239244,0.0234,17.03,Maintenance,2025,11,November,Monday,0
2025-11-18,Mizoram,44.0,6.0,2.0,52.0,24.0,276.0,300.0,151.0,93.0,244.0,596.0,1239244,0.042,10.26,Maintenance,2025,11,November,Tuesday,0
2025-11-19,Mizoram,80.0,15.0,0.0,95.0,16.0,224.0,240.0,70.0,71.0,141.0,476.0,1239244,0.0767,3.97,Growth,2025,11,November,Wednesday,0
2025-11-25,Mizoram,18.0,13.0,1.0,32.0,3.0,37.0,40.0,458.0,148.0,606.0,678.0,1239244,0.0258,19.58,Maintenance,2025,11,November,Tuesday,0
2025-11-26,Mizoram,0.0,0.0,0.0,0.0,26.0,154.0,180.0,0.0,0.0,0.0,180.0,1239244,0.0,180.0,Maintenance,2025,11,November,Wednesday,0
2025-11-27,Mizoram,0.0,0.0,0.0,0.0,60.0,318.0,378.0,0.0,0.0,0.0,378.0,1239244,0.0,378.0,Maintenance,2025,11,November,Thursday,0
2025-11-28,Mizoram,0.0,0.0,0.0,0.0,32.0,192.0,224.0,0.0,0.0,0.0,224.0,1239244,0.0,224.0,Maintenance,2025,11,November,Friday,0
2025-11-29,Mizoram,0.0,0.0,0.0,0.0,22.0,104.0,126.0,0.0,0.0,0.0,126.0,1239244,0.0,126.0,Maintenance,2025,11,November,Saturday,1
2025-12-01,Mizoram,0.0,0.0,0.0,0.0,12.0,142.0,154.0,359.0,40.0,399.0,553.0,1239244,0.0,553.0,Maintenance,2025,12,December,Monday,0
2025-12-02,Mizoram,0.0,0.0,0.0,0.0,36.0,300.0,336.0,557.0,100.0,657.0,993.0,1239244,0.0,993.0,Maintenance,2025,12,December,Tuesday,0
2025-12-03,Mizoram,0.0,0.0,0.0,0.0,53.0,349.0,402.0,383.0,86.0,469.0,871.0,1239244,0.0,871.0,Maintenance,2025,12,December,Wednesday,0
2025-12-04,Mizoram,0.0,0.0,0.0,0.0,48.0,257.0,305.0,568.0,144.0,712.0,1017.0,1239244,0.0,1017.0,Maintenance,2025,12,December,Thursday,0
2025-12-05,Mizoram,0.0,0.0,0.0,0.0,18.0,103.0,121.0,252.0,104.0,356.0,477.0,1239244,0.0,477.0,Maintenance,2025,12,December,Friday,0
2025-12-06,Mizoram,0.0,0.0,0.0,0.0,38.0,134.0,172.0,260.0,81.0,341.0,513.0,1239244,0.0,513.0,Maintenance,2025,12,December,Saturday,1
2025-12-07,Mizoram,0.0,0.0,0.0,0.0,9.0,70.0,79.0,74.0,24.0,98.0,177.0,1239244,0.0,177.0,Maintenance,2025,12,December,Sunday,1
2025-12-08,Mizoram,0.0,0.0,0.0,0.0,40.0,392.0,432.0,185.0,90.0,275.0,707.0,1239244,0.0,707.0,Maintenance,2025,12,December,Monday,0
2025-12-09,Mizoram,0.0,0.0,0.0,0.0,18.0,205.0,223.0,264.0,73.0,337.0,560.0,1239244,0.0,560.0,Maintenance,2025,12,December,Tuesday,0
2025-12-10,Mizoram,0.0,0.0,0.0,0.0,22.0,168.0,190.0,152.0,72.0,224.0,414.0,1239244,0.0,414.0,Maintenance,2025,12,December,Wednesday,0
2025-12-11,Mizoram,0.0,0.0,0.0,0.0,32.0,393.0,425.0,147.0,73.0,220.0,645.0,1239244,0.0,645.0,Maintenance,2025,12,December,Thursday,0
2025-12-12,Mizoram,0.0,0.0,0.0,0.0,33.0,301.0,334.0,137.0,84.0,221.0,555.0,1239244,0.0,555.0,Maintenance,2025,12,December,Friday,0
2025-12-13,Mizoram,0.0,0.0,0.0,0.0,8.0,85.0,93.0,76.0,40.0,116.0,209.0,1239244,0.0,209.0,Maintenance,2025,12,December,Saturday,1
2025-12-14,Mizoram,0.0,0.0,0.0,0.0,18.0,63.0,81.0,37.0,27.0,64.0,145.0,1239244,0.0,145.0,Maintenance,2025,12,December,Sunday,1
2025-12-15,Mizoram,53.0,14.0,7.0,74.0,12.0,153.0,165.0,151.0,71.0,222.0,461.0,1239244,0.0597,5.16,Maintenance,2025,12,December,Monday,0
2025-12-16,Mizoram,0.0,0.0,0.0,0.0,19.0,192.0,211.0,164.0,106.0,270.0,481.0,1239244,0.0,481.0,Maintenance,2025,12,December,Tuesday,0
2025-12-18,Mizoram,0.0,0.0,0.0,0.0,1.0,9.0,10.0,14.0,7.0,21.0,31.0,1239244,0.0,31.0,Maintenance,2025,12,December,Thursday,0
2025-12-19,Mizoram,0.0,0.0,0.0,0.0,20.0,168.0,188.0,77.0,50.0,127.0,315.0,1239244,0.0,315.0,Maintenance,2025,12,December,Friday,0
2025-12-20,Mizoram,0.0,0.0,0.0,0.0,9.0,59.0,68.0,18.0,7.0,25.0,93.0,1239244,0.0,93.0,Maintenance,2025,12,December,Saturday,1
2025-12-21,Mizoram,26.0,0.0,0.0,26.0,11.0,47.0,58.0,0.0,0.0,0.0,84.0,1239244,0.021,2.15,Growth,2025,12,December,Sunday,1
2025-12-22,Mizoram,20.0,0.0,0.0,20.0,17.0,94.0,111.0,0.0,0.0,0.0,131.0,1239244,0.0161,5.29,Maintenance,2025,12,December,Monday,0
2025-12-23,Mizoram,5.0,0.0,0.0,5.0,15.0,108.0,123.0,0.0,0.0,0.0,128.0,1239244,0.004,20.5,Maintenance,2025,12,December,Tuesday,0
2025-12-24,Mizoram,7.0,5.0,0.0,12.0,0.0,9.0,9.0,0.0,0.0,0.0,21.0,1239244,0.0097,0.69,Growth,2025,12,December,Wednesday,0
2025-12-25,Mizoram,9.0,13.0,0.0,22.0,4.0,34.0,38.0,28.0,43.0,71.0,131.0,1239244,0.0178,4.74,Growth,2025,12,December,Thursday,0
2025-12-26,Mizoram,23.0,6.0,0.0,29.0,5.0,26.0,31.0,12.0,14.0,26.0,86.0,1239244,0.0234,1.9,Growth,2025,12,December,Friday,0
2025-12-27,Mizoram,62.0,10.0,0.0,72.0,8.0,70.0,78.0,27.0,16.0,43.0,193.0,1239244,0.0581,1.66,Growth,2025,12,December,Saturday,1
2025-12-28,Mizoram,91.0,14.0,0.0,105.0,5.0,26.0,31.0,41.0,3.0,44.0,180.0,1239244,0.0847,0.71,Growth,2025,12,December,Sunday,1
2025-12-29,Mizoram,69.0,6.0,0.0,75.0,6.0,64.0,70.0,40.0,17.0,57.0,202.0,1239244,0.0605,1.67,Growth,2025,12,December,Monday,0
2025-12-31,Mizoram,28.0,25.0,3.0,56.0,0.0,0.0,0.0,0.0,0.0,0.0,56.0,1239244,0.0452,0.0,Growth,2025,12,December,Wednesday,0
2025-03-01,Nagaland,0.0,0.0,0.0,0.0,962.0,9610.0,10572.0,3653.0,12240.0,15893.0,26465.0,2157059,0.0,26465.0,Maintenance,2025,3,March,Saturday,1
2025-04-01,Nagaland,1186.0,2082.0,238.0,3506.0,0.0,0.0,0.0,3641.0,11227.0,14868.0,18374.0,2157059,1.6254,4.24,Growth,2025,4,April,Tuesday,0
2025-05-01,Nagaland,303.0,326.0,37.0,666.0,0.0,0.0,0.0,2606.0,11561.0,14167.0,14833.0,2157059,0.3088,21.24,Maintenance,2025,5,May,Thursday,0
2025-06-01,Nagaland,181.0,502.0,56.0,739.0,0.0,0.0,0.0,2078.0,9247.0,11325.0,12064.0,2157059,0.3426,15.3,Maintenance,2025,6,June,Sunday,1
2025-07-01,Nagaland,964.0,2895.0,310.0,4169.0,0.0,0.0,0.0,3256.0,10608.0,13864.0,18033.0,2157059,1.9327,3.32,Growth,2025,7,July,Tuesday,0
2025-09-01,Nagaland,41.0,71.0,11.0,123.0,21.0,285.0,306.0,100.0,366.0,466.0,895.0,2157059,0.057,6.23,Maintenance,2025,9,September,Monday,0
2025-09-02,Nagaland,33.0,107.0,13.0,153.0,26.0,295.0,321.0,150.0,442.0,592.0,1066.0,2157059,0.0709,5.93,Maintenance,2025,9,September,Tuesday,0
2025-09-03,Nagaland,36.0,63.0,11.0,110.0,20.0,250.0,270.0,89.0,372.0,461.0,841.0,2157059,0.051,6.59,Maintenance,2025,9,September,Wednesday,0
2025-09-04,Nagaland,29.0,63.0,6.0,98.0,41.0,314.0,355.0,154.0,349.0,503.0,956.0,2157059,0.0454,8.67,Maintenance,2025,9,September,Thursday,0
2025-09-05,Nagaland,21.0,58.0,3.0,82.0,35.0,268.0,303.0,79.0,179.0,258.0,643.0,2157059,0.038,6.76,Maintenance,2025,9,September,Friday,0
2025-09-06,Nagaland,20.0,39.0,1.0,60.0,24.0,144.0,168.0,132.0,257.0,389.0,617.0,2157059,0.0278,9.13,Maintenance,2025,9,September,Saturday,1
2025-09-07,Nagaland,5.0,19.0,0.0,24.0,5.0,46.0,51.0,4.0,28.0,32.0,107.0,2157059,0.0111,3.32,Growth,2025,9,September,Sunday,1
2025-09-08,Nagaland,42.0,70.0,8.0,120.0,45.0,426.0,471.0,99.0,570.0,669.0,1260.0,2157059,0.0556,9.42,Maintenance,2025,9,September,Monday,0
2025-09-09,Nagaland,36.0,73.0,5.0,114.0,38.0,402.0,440.0,128.0,424.0,552.0,1106.0,2157059,0.0528,8.63,Maintenance,2025,9,September,Tuesday,0
2025-09-10,Nagaland,22.0,52.0,9.0,83.0,24.0,505.0,529.0,106.0,387.0,493.0,1105.0,2157059,0.0385,12.17,Maintenance,2025,9,September,Wednesday,0
2025-09-11,Nagaland,18.0,55.0,6.0,79.0,20.0,215.0,235.0,223.0,370.0,593.0,907.0,2157059,0.0366,10.35,Maintenance,2025,9,September,Thursday,0
2025-09-12,Nagaland,31.0,80.0,13.0,124.0,31.0,332.0,363.0,219.0,393.0,612.0,1099.0,2157059,0.0575,7.8,Maintenance,2025,9,September,Friday,0
2025-09-13,Nagaland,9.0,23.0,0.0,32.0,28.0,172.0,200.0,65.0,143.0,208.0,440.0,2157059,0.0148,12.36,Maintenance,2025,9,September,Saturday,1
2025-09-14,Nagaland,1.0,12.0,1.0,14.0,4.0,19.0,23.0,7.0,12.0,19.0,56.0,2157059,0.0065,2.8,Growth,2025,9,September,Sunday,1
2025-09-15,Nagaland,35.0,51.0,9.0,95.0,40.0,349.0,389.0,106.0,437.0,543.0,1027.0,2157059,0.044,9.71,Maintenance,2025,9,September,Monday,0
2025-09-16,Nagaland,24.0,67.0,11.0,102.0,19.0,318.0,337.0,159.0,342.0,501.0,940.0,2157059,0.0473,8.14,Maintenance,2025,9,September,Tuesday,0
2025-09-17,Nagaland,20.0,44.0,11.0,75.0,29.0,550.0,579.0,291.0,344.0,635.0,1289.0,2157059,0.0348,15.97,Maintenance,2025,9,September,Wednesday,0
2025-09-18,Nagaland,17.0,71.0,6.0,94.0,21.0,345.0,366.0,225.0,379.0,604.0,1064.0,2157059,0.0436,10.21,Maintenance,2025,9,September,Thursday,0
2025-09-19,Nagaland,32.0,70.0,5.0,107.0,32.0,221.0,253.0,439.0,449.0,888.0,1248.0,2157059,0.0496,10.56,Maintenance,2025,9,September,Friday,0
2025-09-20,Nagaland,31.0,89.0,1.0,121.0,76.0,276.0,352.0,367.0,290.0,657.0,1130.0,2157059,0.0561,8.27,Maintenance,2025,9,September,Saturday,1
2025-09-21,Nagaland,2.0,20.0,1.0,23.0,0.0,0.0,0.0,0.0,0.0,0.0,23.0,2157059,0.0107,0.0,Growth,2025,9,September,Sunday,1
2025-09-22,Nagaland,34.0,109.0,5.0,148.0,0.0,0.0,0.0,0.0,0.0,0.0,148.0,2157059,0.0686,0.0,Growth,2025,9,September,Monday,0
2025-09-23,Nagaland,21.0,72.0,10.0,103.0,0.0,0.0,0.0,0.0,0.0,0.0,103.0,2157059,0.0478,0.0,Growth,2025,9,September,Tuesday,0
2025-09-24,Nagaland,20.0,82.0,10.0,112.0,0.0,0.0,0.0,0.0,0.0,0.0,112.0,2157059,0.0519,0.0,Growth,2025,9,September,Wednesday,0
2025-09-25,Nagaland,26.0,65.0,6.0,97.0,0.0,0.0,0.0,0.0,0.0,0.0,97.0,2157059,0.045,0.0,Growth,2025,9,September,Thursday,0
2025-09-26,Nagaland,36.0,81.0,13.0,130.0,0.0,0.0,0.0,0.0,0.0,0.0,130.0,2157059,0.0603,0.0,Growth,2025,9,September,Friday,0
2025-09-27,Nagaland,27.0,30.0,2.0,59.0,0.0,0.0,0.0,0.0,0.0,0.0,59.0,2157059,0.0274,0.0,Growth,2025,9,September,Saturday,1
2025-09-28,Nagaland,2.0,2.0,1.0,5.0,0.0,0.0,0.0,0.0,0.0,0.0,5.0,2157059,0.0023,0.0,Growth,2025,9,September,Sunday,1
2025-09-29,Nagaland,30.0,84.0,0.0,114.0,0.0,0.0,0.0,0.0,0.0,0.0,114.0,2157059,0.0528,0.0,Growth,2025,9,September,Monday,0
2025-09-30,Nagaland,44.0,89.0,0.0,133.0,0.0,0.0,0.0,0.0,0.0,0.0,133.0,2157059,0.0617,0.0,Growth,2025,9,September,Tuesday,0
2025-10-13,Nagaland,22.0,55.0,2.0,79.0,31.0,121.0,152.0,4.0,2.0,6.0,237.0,2157059,0.0366,1.98,Growth,2025,10,October,Monday,0
2025-10-15,Nagaland,78.0,99.0,0.0,177.0,122.0,336.0,458.0,271.0,247.0,518.0,1153.0,2157059,0.0821,5.48,Maintenance,2025,10,October,Wednesday,0
2025-10-16,Nagaland,21.0,79.0,0.0,100.0,139.0,612.0,751.0,299.0,315.0,614.0,1465.0,2157059,0.0464,13.51,Maintenance,2025,10,October,Thursday,0
2025-10-17,Nagaland,38.0,61.0,3.0,102.0,35.0,206.0,241.0,428.0,369.0,797.0,1140.0,2157059,0.0473,10.08,Maintenance,2025,10,October,Friday,0
2025-10-18,Nagaland,42.0,70.0,28.0,140.0,39.0,113.0,152.0,477.0,473.0,950.0,1242.0,2157059,0.0649,7.82,Maintenance,2025,10,October,Saturday,1
2025-10-19,Nagaland,54.0,124.0,1.0,179.0,109.0,314.0,423.0,433.0,326.0,759.0,1361.0,2157059,0.083,6.57,Maintenance,2025,10,October,Sunday,1
2025-10-20,Nagaland,20.0,48.0,0.0,68.0,61.0,123.0,184.0,41.0,70.0,111.0,363.0,2157059,0.0315,4.28,Growth,2025,10,October,Monday,0
2025-10-21,Nagaland,13.0,18.0,22.0,53.0,20.0,67.0,87.0,41.0,49.0,90.0,230.0,2157059,0.0246,3.28,Growth,2025,10,October,Tuesday,0
2025-10-22,Nagaland,0.0,2.0,4.0,6.0,4.0,28.0,32.0,4.0,4.0,8.0,46.0,2157059,0.0028,5.71,Maintenance,2025,10,October,Wednesday,0
2025-10-23,Nagaland,1.0,0.0,1.0,2.0,15.0,26.0,41.0,7.0,21.0,28.0,71.0,2157059,0.0009,23.0,Maintenance,2025,10,October,Thursday,0
2025-10-24,Nagaland,47.0,134.0,1.0,182.0,196.0,721.0,917.0,316.0,373.0,689.0,1788.0,2157059,0.0844,8.78,Maintenance,2025,10,October,Friday,0
2025-10-25,Nagaland,67.0,112.0,0.0,179.0,150.0,431.0,581.0,705.0,708.0,1413.0,2173.0,2157059,0.083,11.08,Maintenance,2025,10,October,Saturday,1
2025-10-26,Nagaland,33.0,121.0,4.0,158.0,85.0,365.0,450.0,323.0,347.0,670.0,1278.0,2157059,0.0732,7.04,Maintenance,2025,10,October,Sunday,1
2025-10-27,Nagaland,42.0,89.0,1.0,132.0,32.0,214.0,246.0,279.0,324.0,603.0,981.0,2157059,0.0612,6.38,Maintenance,2025,10,October,Monday,0
2025-10-28,Nagaland,17.0,45.0,0.0,62.0,45.0,215.0,260.0,191.0,286.0,477.0,799.0,2157059,0.0287,11.7,Maintenance,2025,10,October,Tuesday,0
2025-10-29,Nagaland,19.0,26.0,0.0,45.0,111.0,467.0,578.0,233.0,241.0,474.0,1097.0,2157059,0.0209,22.87,Maintenance,2025,10,October,Wednesday,0
2025-10-30,Nagaland,55.0,105.0,0.0,160.0,45.0,253.0,298.0,583.0,557.0,1140.0,1598.0,2157059,0.0742,8.93,Maintenance,2025,10,October,Thursday,0
2025-10-31,Nagaland,34.0,112.0,0.0,146.0,84.0,454.0,538.0,324.0,412.0,736.0,1420.0,2157059,0.0677,8.67,Maintenance,2025,10,October,Friday,0
2025-11-01,Nagaland,16.0,70.0,0.0,86.0,39.0,249.0,288.0,178.0,153.0,331.0,705.0,2157059,0.0399,7.11,Maintenance,2025,11,November,Saturday,1
2025-11-02,Nagaland,13.0,52.0,0.0,65.0,21.0,118.0,139.0,142.0,132.0,274.0,478.0,2157059,0.0301,6.26,Maintenance,2025,11,November,Sunday,1
2025-11-03,Nagaland,15.0,43.0,0.0,58.0,51.0,487.0,538.0,268.0,252.0,520.0,1116.0,2157059,0.0269,17.93,Maintenance,2025,11,November,Monday,0
2025-11-04,Nagaland,1.0,0.0,0.0,1.0,76.0,411.0,487.0,124.0,147.0,271.0,759.0,2157059,0.0005,379.0,Maintenance,2025,11,November,Tuesday,0
2025-11-05,Nagaland,36.0,88.0,0.0,124.0,37.0,261.0,298.0,199.0,241.0,440.0,862.0,2157059,0.0575,5.9,Maintenance,2025,11,November,Wednesday,0
2025-11-06,Nagaland,12.0,40.0,0.0,52.0,73.0,448.0,521.0,169.0,206.0,375.0,948.0,2157059,0.0241,16.91,Maintenance,2025,11,November,Thursday,0
2025-11-07,Nagaland,7.0,35.0,54.0,96.0,39.0,302.0,341.0,451.0,385.0,836.0,1273.0,2157059,0.0445,12.13,Maintenance,2025,11,November,Friday,0
2025-11-08,Nagaland,58.0,67.0,111.0,236.0,21.0,168.0,189.0,469.0,246.0,715.0,1140.0,2157059,0.1094,3.81,Growth,2025,11,November,Saturday,1
2025-11-09,Nagaland,23.0,32.0,25.0,80.0,2.0,32.0,34.0,123.0,95.0,218.0,332.0,2157059,0.0371,3.11,Growth,2025,11,November,Sunday,1
2025-11-10,Nagaland,36.0,43.0,0.0,79.0,26.0,262.0,288.0,148.0,245.0,393.0,760.0,2157059,0.0366,8.51,Maintenance,2025,11,November,Monday,0
2025-11-11,Nagaland,20.0,41.0,0.0,61.0,37.0,230.0,267.0,392.0,381.0,773.0,1101.0,2157059,0.0283,16.77,Maintenance,2025,11,November,Tuesday,0
2025-11-12,Nagaland,30.0,44.0,4.0,78.0,17.0,218.0,235.0,252.0,447.0,699.0,1012.0,2157059,0.0362,11.82,Maintenance,2025,11,November,Wednesday,0
2025-11-13,Nagaland,9.0,26.0,14.0,49.0,30.0,228.0,258.0,216.0,339.0,555.0,862.0,2157059,0.0227,16.26,Maintenance,2025,11,November,Thursday,0
2025-11-14,Nagaland,26.0,28.0,0.0,54.0,12.0,166.0,178.0,115.0,288.0,403.0,635.0,2157059,0.025,10.56,Maintenance,2025,11,November,Friday,0
2025-11-15,Nagaland,38.0,57.0,2.0,97.0,30.0,217.0,247.0,184.0,179.0,363.0,707.0,2157059,0.045,6.22,Maintenance,2025,11,November,Saturday,1
2025-11-16,Nagaland,14.0,34.0,1.0,49.0,16.0,101.0,117.0,65.0,71.0,136.0,302.0,2157059,0.0227,5.06,Maintenance,2025,11,November,Sunday,1
2025-11-17,Nagaland,13.0,17.0,5.0,35.0,44.0,375.0,419.0,101.0,154.0,255.0,709.0,2157059,0.0162,18.72,Maintenance,2025,11,November,Monday,0
2025-11-18,Nagaland,31.0,22.0,0.0,53.0,15.0,314.0,329.0,252.0,371.0,623.0,1005.0,2157059,0.0246,17.63,Maintenance,2025,11,November,Tuesday,0
2025-11-19,Nagaland,23.0,32.0,8.0,63.0,13.0,240.0,253.0,121.0,295.0,416.0,732.0,2157059,0.0292,10.45,Maintenance,2025,11,November,Wednesday,0
2025-11-25,Nagaland,13.0,16.0,7.0,36.0,8.0,51.0,59.0,620.0,582.0,1202.0,1297.0,2157059,0.0167,34.08,Maintenance,2025,11,November,Tuesday,0
2025-11-26,Nagaland,0.0,0.0,0.0,0.0,26.0,193.0,219.0,0.0,0.0,0.0,219.0,2157059,0.0,219.0,Maintenance,2025,11,November,Wednesday,0
2025-11-27,Nagaland,0.0,0.0,0.0,0.0,51.0,421.0,472.0,0.0,0.0,0.0,472.0,2157059,0.0,472.0,Maintenance,2025,11,November,Thursday,0
2025-11-28,Nagaland,0.0,0.0,0.0,0.0,30.0,303.0,333.0,0.0,0.0,0.0,333.0,2157059,0.0,333.0,Maintenance,2025,11,November,Friday,0
2025-11-29,Nagaland,0.0,0.0,0.0,0.0,18.0,198.0,216.0,0.0,0.0,0.0,216.0,2157059,0.0,216.0,Maintenance,2025,11,November,Saturday,1
2025-12-01,Nagaland,0.0,0.0,0.0,0.0,29.0,299.0,328.0,66.0,122.0,188.0,516.0,2157059,0.0,516.0,Maintenance,2025,12,December,Monday,0
2025-12-02,Nagaland,0.0,0.0,0.0,0.0,21.0,323.0,344.0,348.0,310.0,658.0,1002.0,2157059,0.0,1002.0,Maintenance,2025,12,December,Tuesday,0
2025-12-03,Nagaland,0.0,0.0,0.0,0.0,42.0,571.0,613.0,374.0,350.0,724.0,1337.0,2157059,0.0,1337.0,Maintenance,2025,12,December,Wednesday,0
2025-12-04,Nagaland,0.0,0.0,0.0,0.0,38.0,356.0,394.0,235.0,223.0,458.0,852.0,2157059,0.0,852.0,Maintenance,2025,12,December,Thursday,0
2025-12-05,Nagaland,0.0,0.0,0.0,0.0,17.0,174.0,191.0,444.0,376.0,820.0,1011.0,2157059,0.0,1011.0,Maintenance,2025,12,December,Friday,0
2025-12-06,Nagaland,0.0,0.0,0.0,0.0,21.0,202.0,223.0,521.0,329.0,850.0,1073.0,2157059,0.0,1073.0,Maintenance,2025,12,December,Saturday,1
2025-12-07,Nagaland,0.0,0.0,0.0,0.0,10.0,135.0,145.0,81.0,124.0,205.0,350.0,2157059,0.0,350.0,Maintenance,2025,12,December,Sunday,1
2025-12-08,Nagaland,0.0,0.0,0.0,0.0,68.0,475.0,543.0,462.0,343.0,805.0,1348.0,2157059,0.0,1348.0,Maintenance,2025,12,December,Monday,0
2025-12-09,Nagaland,0.0,0.0,0.0,0.0,41.0,363.0,404.0,436.0,465.0,901.0,1305.0,2157059,0.0,1305.0,Maintenance,2025,12,December,Tuesday,0
2025-12-10,Nagaland,0.0,0.0,0.0,0.0,14.0,253.0,267.0,265.0,311.0,576.0,843.0,2157059,0.0,843.0,Maintenance,2025,12,December,Wednesday,0
2025-12-11,Nagaland,0.0,0.0,0.0,0.0,49.0,392.0,441.0,231.0,274.0,505.0,946.0,2157059,0.0,946.0,Maintenance,2025,12,December,Thursday,0
2025-12-12,Nagaland,0.0,0.0,0.0,0.0,45.0,376.0,421.0,253.0,404.0,657.0,1078.0,2157059,0.0,1078.0,Maintenance,2025,12,December,Friday,0
2025-12-13,Nagaland,0.0,0.0,0.0,0.0,16.0,122.0,138.0,92.0,104.0,196.0,334.0,2157059,0.0,334.0,Maintenance,2025,12,December,Saturday,1
2025-12-14,Nagaland,0.0,0.0,0.0,0.0,21.0,187.0,208.0,46.0,82.0,128.0,336.0,2157059,0.0,336.0,Maintenance,2025,12,December,Sunday,1
2025-12-15,Nagaland,13.0,35.0,1.0,49.0,26.0,208.0,234.0,211.0,288.0,499.0,782.0,2157059,0.0227,14.66,Maintenance,2025,12,December,Monday,0
2025-12-16,Nagaland,0.0,0.0,0.0,0.0,35.0,313.0,348.0,205.0,371.0,576.0,924.0,2157059,0.0,924.0,Maintenance,2025,12,December,Tuesday,0
2025-12-18,Nagaland,0.0,0.0,0.0,0.0,0.0,9.0,9.0,12.0,20.0,32.0,41.0,2157059,0.0,41.0,Maintenance,2025,12,December,Thursday,0
2025-12-19,Nagaland,0.0,0.0,0.0,0.0,45.0,267.0,312.0,141.0,235.0,376.0,688.0,2157059,0.0,688.0,Maintenance,2025,12,December,Friday,0
2025-12-20,Nagaland,0.0,0.0,0.0,0.0,26.0,151.0,177.0,36.0,79.0,115.0,292.0,2157059,0.0,292.0,Maintenance,2025,12,December,Saturday,1
2025-12-21,Nagaland,14.0,2.0,0.0,16.0,19.0,107.0,126.0,0.0,0.0,0.0,142.0,2157059,0.0074,7.41,Maintenance,2025,12,December,Sunday,1
2025-12-22,Nagaland,13.0,0.0,0.0,13.0,14.0,86.0,100.0,0.0,0.0,0.0,113.0,2157059,0.006,7.14,Maintenance,2025,12,December,Monday,0
2025-12-23,Nagaland,3.0,0.0,0.0,3.0,59.0,315.0,374.0,0.0,0.0,0.0,377.0,2157059,0.0014,93.5,Maintenance,2025,12,December,Tuesday,0
2025-12-24,Nagaland,3.0,18.0,0.0,21.0,5.0,29.0,34.0,0.0,0.0,0.0,55.0,2157059,0.0097,1.55,Growth,2025,12,December,Wednesday,0
2025-12-25,Nagaland,0.0,30.0,1.0,31.0,7.0,46.0,53.0,49.0,122.0,171.0,255.0,2157059,0.0144,7.0,Maintenance,2025,12,December,Thursday,0
2025-12-26,Nagaland,6.0,19.0,0.0,25.0,13.0,113.0,126.0,31.0,79.0,110.0,261.0,2157059,0.0116,9.08,Maintenance,2025,12,December,Friday,0
2025-12-27,Nagaland,9.0,16.0,0.0,25.0,16.0,90.0,106.0,35.0,67.0,102.0,233.0,2157059,0.0116,8.0,Maintenance,2025,12,December,Saturday,1
2025-12-28,Nagaland,20.0,31.0,0.0,51.0,12.0,48.0,60.0,23.0,98.0,121.0,232.0,2157059,0.0236,3.48,Growth,2025,12,December,Sunday,1
2025-12-29,Nagaland,10.0,10.0,0.0,20.0,9.0,66.0,75.0,40.0,107.0,147.0,242.0,2157059,0.0093,10.57,Maintenance,2025,12,December,Monday,0
2025-12-31,Nagaland,5.0,89.0,3.0,97.0,0.0,0.0,0.0,0.0,0.0,0.0,97.0,2157059,0.045,0.0,Growth,2025,12,December,Wednesday,0
2025-12-22,Nagpur,0.0,0.0,0.0,0.0,0.0,1.0,1.0,0.0,0.0,0.0,1.0,24435828,0.0,1.0,Growth,2025,12,December,Monday,0
2025-03-01,Odisha,0.0,0.0,0.0,0.0,39476.0,326780.0,366256.0,124773.0,227264.0,352037.0,718293.0,45429000,0.0,718293.0,Maintenance,2025,3,March,Saturday,1
2025-04-01,Odisha,182.0,82.0,12.0,276.0,0.0,0.0,0.0,132410.0,165238.0,297648.0,297924.0,45429000,0.0061,1074.54,Maintenance,2025,4,April,Tuesday,0
2025-05-01,Odisha,0.0,0.0,0.0,0.0,0.0,0.0,0.0,137928.0,157508.0,295436.0,295436.0,45429000,0.0,295436.0,Maintenance,2025,5,May,Thursday,0
2025-06-01,Odisha,0.0,0.0,0.0,0.0,0.0,0.0,0.0,134982.0,137099.0,272081.0,272081.0,45429000,0.0,272081.0,Maintenance,2025,6,June,Sunday,1
2025-07-01,Odisha,364.0,140.0,25.0,529.0,1098.0,7524.0,8622.0,154642.0,170666.0,325308.0,334459.0,45429000,0.0116,630.06,Maintenance,2025,7,July,Tuesday,0
2025-09-01,Odisha,2820.0,720.0,0.0,3540.0,1589.0,12525.0,14114.0,8714.0,8278.0,16992.0,34646.0,45429000,0.0779,8.78,Maintenance,2025,9,September,Monday,0
2025-09-02,Odisha,2029.0,531.0,1.0,2561.0,949.0,8091.0,9040.0,8025.0,7911.0,15936.0,27537.0,45429000,0.0564,9.75,Maintenance,2025,9,September,Tuesday,0
2025-09-03,Odisha,1953.0,434.0,3.0,2390.0,860.0,7812.0,8672.0,5614.0,5923.0,11537.0,22599.0,45429000,0.0526,8.45,Maintenance,2025,9,September,Wednesday,0
2025-09-04,Odisha,2063.0,502.0,5.0,2570.0,1120.0,8980.0,10100.0,7048.0,7584.0,14632.0,27302.0,45429000,0.0566,9.62,Maintenance,2025,9,September,Thursday,0
2025-09-05,Odisha,1214.0,265.0,1.0,1480.0,908.0,8558.0,9466.0,3567.0,3525.0,7092.0,18038.0,45429000,0.0326,11.18,Maintenance,2025,9,September,Friday,0
2025-09-06,Odisha,2195.0,539.0,2.0,2736.0,1164.0,9651.0,10815.0,6225.0,6296.0,12521.0,26072.0,45429000,0.0602,8.53,Maintenance,2025,9,September,Saturday,1
2025-09-07,Odisha,100.0,12.0,0.0,112.0,110.0,965.0,1075.0,257.0,266.0,523.0,1710.0,45429000,0.0025,14.14,Maintenance,2025,9,September,Sunday,1
2025-09-08,Odisha,2910.0,685.0,7.0,3602.0,1507.0,12279.0,13786.0,8119.0,8101.0,16220.0,33608.0,45429000,0.0793,8.33,Maintenance,2025,9,September,Monday,0
2025-09-09,Odisha,2563.0,642.0,3.0,3208.0,1340.0,11293.0,12633.0,7295.0,7602.0,14897.0,30738.0,45429000,0.0706,8.58,Maintenance,2025,9,September,Tuesday,0
2025-09-10,Odisha,2365.0,571.0,4.0,2940.0,1703.0,13681.0,15384.0,6493.0,6480.0,12973.0,31297.0,45429000,0.0647,9.64,Maintenance,2025,9,September,Wednesday,0
2025-09-11,Odisha,2081.0,529.0,0.0,2610.0,1092.0,8718.0,9810.0,6587.0,6624.0,13211.0,25631.0,45429000,0.0575,8.82,Maintenance,2025,9,September,Thursday,0
2025-09-12,Odisha,2226.0,554.0,3.0,2783.0,1225.0,10030.0,11255.0,6265.0,6545.0,12810.0,26848.0,45429000,0.0613,8.64,Maintenance,2025,9,September,Friday,0
2025-09-13,Odisha,1447.0,370.0,1.0,1818.0,1434.0,9906.0,11340.0,4670.0,4341.0,9011.0,22169.0,45429000,0.04,11.19,Maintenance,2025,9,September,Saturday,1
2025-09-14,Odisha,103.0,37.0,0.0,140.0,80.0,865.0,945.0,290.0,370.0,660.0,1745.0,45429000,0.0031,11.38,Maintenance,2025,9,September,Sunday,1
2025-09-15,Odisha,1530.0,382.0,2.0,1914.0,1387.0,10750.0,12137.0,7050.0,6742.0,13792.0,27843.0,45429000,0.0421,13.54,Maintenance,2025,9,September,Monday,0
2025-09-16,Odisha,1721.0,434.0,3.0,2158.0,1100.0,9263.0,10363.0,6287.0,6787.0,13074.0,25595.0,45429000,0.0475,10.86,Maintenance,2025,9,September,Tuesday,0
2025-09-17,Odisha,1004.0,269.0,2.0,1275.0,873.0,8436.0,9309.0,3389.0,3940.0,7329.0,17913.0,45429000,0.0281,13.04,Maintenance,2025,9,September,Wednesday,0
2025-09-18,Odisha,1729.0,378.0,1.0,2108.0,1135.0,11134.0,12269.0,6277.0,6838.0,13115.0,27492.0,45429000,0.0464,12.04,Maintenance,2025,9,September,Thursday,0
2025-09-19,Odisha,1894.0,494.0,2.0,2390.0,901.0,8219.0,9120.0,6216.0,6566.0,12782.0,24292.0,45429000,0.0526,9.16,Maintenance,2025,9,September,Friday,0
2025-09-20,Odisha,1408.0,325.0,2.0,1735.0,948.0,9352.0,10300.0,5135.0,5098.0,10233.0,22268.0,45429000,0.0382,11.83,Maintenance,2025,9,September,Saturday,1
2025-09-21,Odisha,28.0,8.0,0.0,36.0,0.0,0.0,0.0,0.0,0.0,0.0,36.0,45429000,0.0008,0.0,Growth,2025,9,September,Sunday,1
2025-09-22,Odisha,1738.0,466.0,1.0,2205.0,0.0,0.0,0.0,0.0,0.0,0.0,2205.0,45429000,0.0485,0.0,Growth,2025,9,September,Monday,0
2025-09-23,Odisha,1330.0,299.0,1.0,1630.0,0.0,0.0,0.0,0.0,0.0,0.0,1630.0,45429000,0.0359,0.0,Growth,2025,9,September,Tuesday,0
2025-09-24,Odisha,1404.0,286.0,3.0,1693.0,0.0,0.0,0.0,0.0,0.0,0.0,1693.0,45429000,0.0373,0.0,Growth,2025,9,September,Wednesday,0
2025-09-25,Odisha,1698.0,352.0,1.0,2051.0,0.0,0.0,0.0,0.0,0.0,0.0,2051.0,45429000,0.0451,0.0,Growth,2025,9,September,Thursday,0
2025-09-26,Odisha,891.0,218.0,2.0,1111.0,0.0,0.0,0.0,0.0,0.0,0.0,1111.0,45429000,0.0245,0.0,Growth,2025,9,September,Friday,0
2025-09-27,Odisha,308.0,79.0,1.0,388.0,0.0,0.0,0.0,0.0,0.0,0.0,388.0,45429000,0.0085,0.0,Growth,2025,9,September,Saturday,1
2025-09-28,Odisha,12.0,2.0,0.0,14.0,0.0,0.0,0.0,0.0,0.0,0.0,14.0,45429000,0.0003,0.0,Growth,2025,9,September,Sunday,1
2025-09-29,Odisha,76.0,33.0,0.0,109.0,0.0,0.0,0.0,0.0,0.0,0.0,109.0,45429000,0.0024,0.0,Growth,2025,9,September,Monday,0
2025-09-30,Odisha,3.0,10.0,0.0,13.0,0.0,0.0,0.0,0.0,0.0,0.0,13.0,45429000,0.0003,0.0,Growth,2025,9,September,Tuesday,0
2025-10-13,Odisha,1499.0,278.0,6.0,1783.0,811.0,4354.0,5165.0,354.0,164.0,518.0,7466.0,45429000,0.0392,3.19,Growth,2025,10,October,Monday,0
2025-10-15,Odisha,1965.0,448.0,12.0,2425.0,1826.0,8924.0,10750.0,5607.0,4515.0,10122.0,23297.0,45429000,0.0534,8.6,Maintenance,2025,10,October,Wednesday,0
2025-10-16,Odisha,1036.0,282.0,18.0,1336.0,2463.0,11645.0,14108.0,4508.0,3667.0,8175.0,23619.0,45429000,0.0294,16.67,Maintenance,2025,10,October,Thursday,0
2025-10-17,Odisha,2533.0,540.0,10.0,3083.0,867.0,4314.0,5181.0,9157.0,6886.0,16043.0,24307.0,45429000,0.0679,6.88,Maintenance,2025,10,October,Friday,0
2025-10-18,Odisha,1605.0,383.0,20.0,2008.0,651.0,3099.0,3750.0,11148.0,7850.0,18998.0,24756.0,45429000,0.0442,11.32,Maintenance,2025,10,October,Saturday,1
2025-10-19,Odisha,1985.0,317.0,5.0,2307.0,1396.0,6045.0,7441.0,8203.0,6029.0,14232.0,23980.0,45429000,0.0508,9.39,Maintenance,2025,10,October,Sunday,1
2025-10-20,Odisha,392.0,57.0,2.0,451.0,539.0,2130.0,2669.0,1065.0,827.0,1892.0,5012.0,45429000,0.0099,10.09,Maintenance,2025,10,October,Monday,0
2025-10-21,Odisha,205.0,64.0,1.0,270.0,345.0,1508.0,1853.0,837.0,519.0,1356.0,3479.0,45429000,0.0059,11.84,Maintenance,2025,10,October,Tuesday,0
2025-10-22,Odisha,6.0,0.0,0.0,6.0,35.0,165.0,200.0,10.0,11.0,21.0,227.0,45429000,0.0001,31.57,Maintenance,2025,10,October,Wednesday,0
2025-10-23,Odisha,2.0,0.0,7.0,9.0,76.0,410.0,486.0,94.0,51.0,145.0,640.0,45429000,0.0002,63.1,Maintenance,2025,10,October,Thursday,0
2025-10-24,Odisha,979.0,225.0,8.0,1212.0,2677.0,13464.0,16141.0,7052.0,4547.0,11599.0,28952.0,45429000,0.0267,22.87,Maintenance,2025,10,October,Friday,0
2025-10-25,Odisha,1505.0,357.0,5.0,1867.0,2650.0,12834.0,15484.0,16124.0,11601.0,27725.0,45076.0,45429000,0.0411,23.13,Maintenance,2025,10,October,Saturday,1
2025-10-26,Odisha,478.0,214.0,3.0,695.0,2087.0,9922.0,12009.0,16662.0,10298.0,26960.0,39664.0,45429000,0.0153,55.99,Maintenance,2025,10,October,Sunday,1
2025-10-27,Odisha,657.0,167.0,22.0,846.0,1348.0,6263.0,7611.0,10319.0,6325.0,16644.0,25101.0,45429000,0.0186,28.64,Maintenance,2025,10,October,Monday,0
2025-10-28,Odisha,666.0,159.0,62.0,887.0,1364.0,6044.0,7408.0,5637.0,3393.0,9030.0,17325.0,45429000,0.0195,18.51,Maintenance,2025,10,October,Tuesday,0
2025-10-29,Odisha,614.0,128.0,36.0,778.0,1370.0,7635.0,9005.0,6885.0,3920.0,10805.0,20588.0,45429000,0.0171,25.43,Maintenance,2025,10,October,Wednesday,0
2025-10-30,Odisha,2271.0,550.0,17.0,2838.0,852.0,3935.0,4787.0,12482.0,7523.0,20005.0,27630.0,45429000,0.0625,8.73,Maintenance,2025,10,October,Thursday,0
2025-10-31,Odisha,1308.0,422.0,12.0,1742.0,2570.0,12428.0,14998.0,14664.0,8523.0,23187.0,39927.0,45429000,0.0383,21.91,Maintenance,2025,10,October,Friday,0
2025-11-01,Odisha,291.0,129.0,9.0,429.0,1108.0,6142.0,7250.0,10411.0,5869.0,16280.0,23959.0,45429000,0.0094,54.72,Maintenance,2025,11,November,Saturday,1
2025-11-02,Odisha,2309.0,539.0,1.0,2849.0,616.0,2612.0,3228.0,3367.0,2105.0,5472.0,11549.0,45429000,0.0627,3.05,Growth,2025,11,November,Sunday,1
2025-11-03,Odisha,489.0,135.0,23.0,647.0,2262.0,11301.0,13563.0,8678.0,6042.0,14720.0,28930.0,45429000,0.0142,43.65,Maintenance,2025,11,November,Monday,0
2025-11-04,Odisha,59.0,13.0,0.0,72.0,1697.0,9540.0,11237.0,7493.0,5442.0,12935.0,24244.0,45429000,0.0016,331.12,Maintenance,2025,11,November,Tuesday,0
2025-11-05,Odisha,972.0,258.0,1.0,1231.0,677.0,2946.0,3623.0,2166.0,2029.0,4195.0,9049.0,45429000,0.0271,6.35,Maintenance,2025,11,November,Wednesday,0
2025-11-06,Odisha,674.0,157.0,20.0,851.0,1993.0,10886.0,12879.0,4221.0,2789.0,7010.0,20740.0,45429000,0.0187,23.34,Maintenance,2025,11,November,Thursday,0
2025-11-07,Odisha,623.0,177.0,2.0,802.0,1256.0,7556.0,8812.0,14212.0,8574.0,22786.0,32400.0,45429000,0.0177,39.35,Maintenance,2025,11,November,Friday,0
2025-11-08,Odisha,662.0,158.0,0.0,820.0,1062.0,6304.0,7366.0,9138.0,5634.0,14772.0,22958.0,45429000,0.0181,26.96,Maintenance,2025,11,November,Saturday,1
2025-11-09,Odisha,1050.0,169.0,1.0,1220.0,227.0,897.0,1124.0,551.0,581.0,1132.0,3476.0,45429000,0.0269,1.85,Growth,2025,11,November,Sunday,1
2025-11-10,Odisha,1039.0,218.0,0.0,1257.0,1226.0,6865.0,8091.0,8062.0,5275.0,13337.0,22685.0,45429000,0.0277,17.03,Maintenance,2025,11,November,Monday,0
2025-11-11,Odisha,954.0,219.0,6.0,1179.0,1189.0,6172.0,7361.0,5387.0,3707.0,9094.0,17634.0,45429000,0.026,13.94,Maintenance,2025,11,November,Tuesday,0
2025-11-12,Odisha,434.0,159.0,18.0,611.0,996.0,5995.0,6991.0,9744.0,6093.0,15837.0,23439.0,45429000,0.0134,37.3,Maintenance,2025,11,November,Wednesday,0
2025-11-13,Odisha,461.0,133.0,8.0,602.0,1355.0,7082.0,8437.0,9177.0,5638.0,14815.0,23854.0,45429000,0.0133,38.56,Maintenance,2025,11,November,Thursday,0
2025-11-14,Odisha,692.0,229.0,16.0,937.0,823.0,4564.0,5387.0,6731.0,4701.0,11432.0,17756.0,45429000,0.0206,17.93,Maintenance,2025,11,November,Friday,0
2025-11-15,Odisha,1405.0,288.0,18.0,1711.0,1581.0,8446.0,10027.0,5986.0,3778.0,9764.0,21502.0,45429000,0.0377,11.56,Maintenance,2025,11,November,Saturday,1
2025-11-16,Odisha,1323.0,273.0,3.0,1599.0,662.0,2158.0,2820.0,1429.0,992.0,2421.0,6840.0,45429000,0.0352,3.28,Growth,2025,11,November,Sunday,1
2025-11-17,Odisha,452.0,119.0,53.0,624.0,1560.0,8040.0,9600.0,4375.0,2831.0,7206.0,17430.0,45429000,0.0137,26.89,Maintenance,2025,11,November,Monday,0
2025-11-18,Odisha,1313.0,241.0,7.0,1561.0,1511.0,8195.0,9706.0,8706.0,5505.0,14211.0,25478.0,45429000,0.0344,15.31,Maintenance,2025,11,November,Tuesday,0
2025-11-19,Odisha,2455.0,507.0,33.0,2995.0,895.0,5860.0,6755.0,8453.0,5235.0,13688.0,23438.0,45429000,0.0659,6.82,Maintenance,2025,11,November,Wednesday,0
2025-11-25,Odisha,1322.0,242.0,31.0,1595.0,349.0,1632.0,1981.0,7857.0,4673.0,12530.0,16106.0,45429000,0.0351,9.09,Maintenance,2025,11,November,Tuesday,0
2025-11-26,Odisha,0.0,0.0,0.0,0.0,970.0,5580.0,6550.0,0.0,0.0,0.0,6550.0,45429000,0.0,6550.0,Maintenance,2025,11,November,Wednesday,0
2025-11-27,Odisha,0.0,0.0,0.0,0.0,2112.0,11133.0,13245.0,0.0,0.0,0.0,13245.0,45429000,0.0,13245.0,Maintenance,2025,11,November,Thursday,0
2025-11-28,Odisha,0.0,0.0,0.0,0.0,1196.0,6468.0,7664.0,0.0,0.0,0.0,7664.0,45429000,0.0,7664.0,Maintenance,2025,11,November,Friday,0
2025-11-29,Odisha,0.0,0.0,0.0,0.0,1016.0,4770.0,5786.0,0.0,0.0,0.0,5786.0,45429000,0.0,5786.0,Maintenance,2025,11,November,Saturday,1
2025-12-01,Odisha,0.0,0.0,0.0,0.0,1430.0,5938.0,7368.0,9445.0,4683.0,14128.0,21496.0,45429000,0.0,21496.0,Maintenance,2025,12,December,Monday,0
2025-12-02,Odisha,0.0,0.0,0.0,0.0,1179.0,6728.0,7907.0,11886.0,5308.0,17194.0,25101.0,45429000,0.0,25101.0,Maintenance,2025,12,December,Tuesday,0
2025-12-03,Odisha,0.0,0.0,0.0,0.0,2464.0,11915.0,14379.0,5430.0,3802.0,9232.0,23611.0,45429000,0.0,23611.0,Maintenance,2025,12,December,Wednesday,0
2025-12-04,Odisha,0.0,0.0,0.0,0.0,1183.0,8086.0,9269.0,4780.0,3566.0,8346.0,17615.0,45429000,0.0,17615.0,Maintenance,2025,12,December,Thursday,0
2025-12-05,Odisha,0.0,0.0,0.0,0.0,876.0,5183.0,6059.0,10725.0,8331.0,19056.0,25115.0,45429000,0.0,25115.0,Maintenance,2025,12,December,Friday,0
2025-12-06,Odisha,0.0,0.0,0.0,0.0,1319.0,7160.0,8479.0,8502.0,6464.0,14966.0,23445.0,45429000,0.0,23445.0,Maintenance,2025,12,December,Saturday,1
2025-12-07,Odisha,0.0,0.0,0.0,0.0,851.0,3118.0,3969.0,1001.0,767.0,1768.0,5737.0,45429000,0.0,5737.0,Maintenance,2025,12,December,Sunday,1
2025-12-08,Odisha,0.0,0.0,0.0,0.0,2119.0,12236.0,14355.0,7607.0,5584.0,13191.0,27546.0,45429000,0.0,27546.0,Maintenance,2025,12,December,Monday,0
2025-12-09,Odisha,0.0,0.0,0.0,0.0,1119.0,6492.0,7611.0,6965.0,4889.0,11854.0,19465.0,45429000,0.0,19465.0,Maintenance,2025,12,December,Tuesday,0
2025-12-10,Odisha,0.0,0.0,0.0,0.0,1076.0,5738.0,6814.0,6863.0,4766.0,11629.0,18443.0,45429000,0.0,18443.0,Maintenance,2025,12,December,Wednesday,0
2025-12-11,Odisha,0.0,0.0,0.0,0.0,2053.0,10681.0,12734.0,6084.0,4248.0,10332.0,23066.0,45429000,0.0,23066.0,Maintenance,2025,12,December,Thursday,0
2025-12-12,Odisha,0.0,0.0,0.0,0.0,1908.0,10516.0,12424.0,8382.0,5640.0,14022.0,26446.0,45429000,0.0,26446.0,Maintenance,2025,12,December,Friday,0
2025-12-13,Odisha,0.0,0.0,0.0,0.0,437.0,2357.0,2794.0,4874.0,3164.0,8038.0,10832.0,45429000,0.0,10832.0,Maintenance,2025,12,December,Saturday,1
2025-12-14,Odisha,0.0,0.0,0.0,0.0,1619.0,5283.0,6902.0,571.0,519.0,1090.0,7992.0,45429000,0.0,7992.0,Maintenance,2025,12,December,Sunday,1
2025-12-15,Odisha,3261.0,493.0,65.0,3819.0,744.0,4231.0,4975.0,5210.0,3715.0,8925.0,17719.0,45429000,0.0841,3.64,Growth,2025,12,December,Monday,0
2025-12-16,Odisha,0.0,0.0,0.0,0.0,1140.0,8305.0,9445.0,9042.0,6507.0,15549.0,24994.0,45429000,0.0,24994.0,Maintenance,2025,12,December,Tuesday,0
2025-12-18,Odisha,0.0,0.0,0.0,0.0,80.0,671.0,751.0,963.0,728.0,1691.0,2442.0,45429000,0.0,2442.0,Maintenance,2025,12,December,Thursday,0
2025-12-19,Odisha,0.0,0.0,0.0,0.0,766.0,4851.0,5617.0,6417.0,4752.0,11169.0,16786.0,45429000,0.0,16786.0,Maintenance,2025,12,December,Friday,0
2025-12-20,Odisha,0.0,0.0,0.0,0.0,1158.0,6269.0,7427.0,3563.0,2712.0,6275.0,13702.0,45429000,0.0,13702.0,Maintenance,2025,12,December,Saturday,1
2025-12-21,Odisha,1314.0,4.0,0.0,1318.0,692.0,2924.0,3616.0,0.0,0.0,0.0,4934.0,45429000,0.029,2.74,Growth,2025,12,December,Sunday,1
2025-12-22,Odisha,3321.0,9.0,1.0,3331.0,656.0,5598.0,6254.0,0.0,0.0,0.0,9585.0,45429000,0.0733,1.88,Growth,2025,12,December,Monday,0
2025-12-23,Odisha,1619.0,1.0,1.0,1621.0,1592.0,11122.0,12714.0,4.0,5.0,9.0,14344.0,45429000,0.0357,7.84,Maintenance,2025,12,December,Tuesday,0
2025-12-24,Odisha,1073.0,179.0,46.0,1298.0,395.0,2645.0,3040.0,0.0,0.0,0.0,4338.0,45429000,0.0286,2.34,Growth,2025,12,December,Wednesday,0
2025-12-25,Odisha,841.0,330.0,1.0,1172.0,811.0,4090.0,4901.0,10050.0,8837.0,18887.0,24960.0,45429000,0.0258,20.28,Maintenance,2025,12,December,Thursday,0
2025-12-26,Odisha,791.0,272.0,10.0,1073.0,2046.0,9966.0,12012.0,5767.0,6169.0,11936.0,25021.0,45429000,0.0236,22.3,Maintenance,2025,12,December,Friday,0
2025-12-27,Odisha,949.0,299.0,1.0,1249.0,1537.0,11456.0,12993.0,5178.0,4760.0,9938.0,24180.0,45429000,0.0275,18.34,Maintenance,2025,12,December,Saturday,1
2025-12-28,Odisha,1737.0,435.0,1.0,2173.0,1379.0,5411.0,6790.0,2045.0,2077.0,4122.0,13085.0,45429000,0.0478,5.02,Maintenance,2025,12,December,Sunday,1
2025-12-29,Odisha,1003.0,89.0,11.0,1103.0,605.0,4521.0,5126.0,4825.0,3844.0,8669.0,14898.0,45429000,0.0243,12.5,Maintenance,2025,12,December,Monday,0
2025-12-31,Odisha,1448.0,1104.0,18.0,2570.0,0.0,0.0,0.0,0.0,0.0,0.0,2570.0,45429000,0.0566,0.0,Growth,2025,12,December,Wednesday,0
2025-03-01,Puducherry,0.0,0.0,0.0,0.0,479.0,3877.0,4356.0,1511.0,4417.0,5928.0,10284.0,1413542,0.0,10284.0,Maintenance,2025,3,March,Saturday,1
2025-04-01,Puducherry,0.0,0.0,0.0,0.0,0.0,0.0,0.0,1747.0,3895.0,5642.0,5642.0,1413542,0.0,5642.0,Maintenance,2025,4,April,Tuesday,0
2025-05-01,Puducherry,0.0,0.0,0.0,0.0,86.0,367.0,453.0,2863.0,3756.0,6619.0,7072.0,1413542,0.0,7072.0,Maintenance,2025,5,May,Thursday,0
2025-06-01,Puducherry,0.0,0.0,0.0,0.0,0.0,0.0,0.0,2242.0,4320.0,6562.0,6562.0,1413542,0.0,6562.0,Maintenance,2025,6,June,Sunday,1
2025-07-01,Puducherry,0.0,0.0,0.0,0.0,248.0,1764.0,2012.0,2585.0,5420.0,8005.0,10017.0,1413542,0.0,10017.0,Maintenance,2025,7,July,Tuesday,0
2025-09-01,Puducherry,103.0,0.0,1.0,104.0,37.0,332.0,369.0,252.0,468.0,720.0,1193.0,1413542,0.0736,10.37,Maintenance,2025,9,September,Monday,0
2025-09-02,Puducherry,80.0,3.0,1.0,84.0,30.0,190.0,220.0,259.0,432.0,691.0,995.0,1413542,0.0594,10.72,Maintenance,2025,9,September,Tuesday,0
2025-09-03,Puducherry,64.0,1.0,0.0,65.0,16.0,217.0,233.0,235.0,429.0,664.0,962.0,1413542,0.046,13.59,Maintenance,2025,9,September,Wednesday,0
2025-09-04,Puducherry,59.0,5.0,1.0,65.0,36.0,231.0,267.0,302.0,492.0,794.0,1126.0,1413542,0.046,16.08,Maintenance,2025,9,September,Thursday,0
2025-09-05,Puducherry,3.0,0.0,0.0,3.0,36.0,135.0,171.0,244.0,139.0,383.0,557.0,1413542,0.0021,138.5,Maintenance,2025,9,September,Friday,0
2025-09-06,Puducherry,23.0,3.0,0.0,26.0,51.0,182.0,233.0,328.0,220.0,548.0,807.0,1413542,0.0184,28.93,Maintenance,2025,9,September,Saturday,1
2025-09-07,Puducherry,2.0,0.0,0.0,2.0,0.0,13.0,13.0,12.0,5.0,17.0,32.0,1413542,0.0014,10.0,Maintenance,2025,9,September,Sunday,1
2025-09-08,Puducherry,49.0,4.0,1.0,54.0,81.0,330.0,411.0,448.0,575.0,1023.0,1488.0,1413542,0.0382,26.07,Maintenance,2025,9,September,Monday,0
2025-09-09,Puducherry,83.0,5.0,0.0,88.0,71.0,320.0,391.0,330.0,483.0,813.0,1292.0,1413542,0.0623,13.53,Maintenance,2025,9,September,Tuesday,0
2025-09-10,Puducherry,63.0,2.0,1.0,66.0,53.0,305.0,358.0,285.0,427.0,712.0,1136.0,1413542,0.0467,15.97,Maintenance,2025,9,September,Wednesday,0
2025-09-11,Puducherry,32.0,3.0,1.0,36.0,125.0,306.0,431.0,312.0,385.0,697.0,1164.0,1413542,0.0255,30.49,Maintenance,2025,9,September,Thursday,0
2025-09-12,Puducherry,39.0,5.0,0.0,44.0,66.0,304.0,370.0,328.0,442.0,770.0,1184.0,1413542,0.0311,25.33,Maintenance,2025,9,September,Friday,0
2025-09-13,Puducherry,24.0,4.0,0.0,28.0,115.0,311.0,426.0,576.0,320.0,896.0,1350.0,1413542,0.0198,45.59,Maintenance,2025,9,September,Saturday,1
2025-09-14,Puducherry,3.0,0.0,0.0,3.0,0.0,11.0,11.0,7.0,2.0,9.0,23.0,1413542,0.0021,5.0,Growth,2025,9,September,Sunday,1
2025-09-15,Puducherry,41.0,5.0,1.0,47.0,72.0,357.0,429.0,360.0,470.0,830.0,1306.0,1413542,0.0332,26.23,Maintenance,2025,9,September,Monday,0
2025-09-16,Puducherry,30.0,0.0,0.0,30.0,106.0,296.0,402.0,321.0,457.0,778.0,1210.0,1413542,0.0212,38.06,Maintenance,2025,9,September,Tuesday,0
2025-09-17,Puducherry,31.0,5.0,2.0,38.0,124.0,273.0,397.0,260.0,382.0,642.0,1077.0,1413542,0.0269,26.64,Maintenance,2025,9,September,Wednesday,0
2025-09-18,Puducherry,22.0,1.0,0.0,23.0,91.0,338.0,429.0,302.0,448.0,750.0,1202.0,1413542,0.0163,49.12,Maintenance,2025,9,September,Thursday,0
2025-09-19,Puducherry,26.0,3.0,0.0,29.0,48.0,171.0,219.0,291.0,385.0,676.0,924.0,1413542,0.0205,29.83,Maintenance,2025,9,September,Friday,0
2025-09-20,Puducherry,31.0,4.0,0.0,35.0,102.0,238.0,340.0,543.0,229.0,772.0,1147.0,1413542,0.0248,30.89,Maintenance,2025,9,September,Saturday,1
2025-09-21,Puducherry,2.0,0.0,0.0,2.0,0.0,0.0,0.0,0.0,0.0,0.0,2.0,1413542,0.0014,0.0,Growth,2025,9,September,Sunday,1
2025-09-22,Puducherry,35.0,8.0,0.0,43.0,0.0,0.0,0.0,0.0,0.0,0.0,43.0,1413542,0.0304,0.0,Growth,2025,9,September,Monday,0
2025-09-23,Puducherry,27.0,3.0,0.0,30.0,0.0,0.0,0.0,0.0,0.0,0.0,30.0,1413542,0.0212,0.0,Growth,2025,9,September,Tuesday,0
2025-09-24,Puducherry,37.0,0.0,1.0,38.0,0.0,0.0,0.0,0.0,0.0,0.0,38.0,1413542,0.0269,0.0,Growth,2025,9,September,Wednesday,0
2025-09-25,Puducherry,29.0,4.0,0.0,33.0,0.0,0.0,0.0,0.0,0.0,0.0,33.0,1413542,0.0233,0.0,Growth,2025,9,September,Thursday,0
2025-09-26,Puducherry,27.0,1.0,0.0,28.0,0.0,0.0,0.0,0.0,0.0,0.0,28.0,1413542,0.0198,0.0,Growth,2025,9,September,Friday,0
2025-09-27,Puducherry,20.0,1.0,0.0,21.0,0.0,0.0,0.0,0.0,0.0,0.0,21.0,1413542,0.0149,0.0,Growth,2025,9,September,Saturday,1
2025-09-29,Puducherry,27.0,1.0,0.0,28.0,0.0,0.0,0.0,0.0,0.0,0.0,28.0,1413542,0.0198,0.0,Growth,2025,9,September,Monday,0
2025-09-30,Puducherry,26.0,1.0,0.0,27.0,0.0,0.0,0.0,0.0,0.0,0.0,27.0,1413542,0.0191,0.0,Growth,2025,9,September,Tuesday,0
2025-10-13,Puducherry,22.0,5.0,0.0,27.0,6.0,52.0,58.0,3.0,1.0,4.0,89.0,1413542,0.0191,2.21,Growth,2025,10,October,Monday,0
2025-10-15,Puducherry,32.0,1.0,1.0,34.0,63.0,349.0,412.0,131.0,197.0,328.0,774.0,1413542,0.0241,21.14,Maintenance,2025,10,October,Wednesday,0
2025-10-16,Puducherry,17.0,2.0,1.0,20.0,96.0,453.0,549.0,111.0,174.0,285.0,854.0,1413542,0.0141,39.71,Maintenance,2025,10,October,Thursday,0
2025-10-17,Puducherry,26.0,1.0,0.0,27.0,15.0,118.0,133.0,196.0,278.0,474.0,634.0,1413542,0.0191,21.68,Maintenance,2025,10,October,Friday,0
2025-10-18,Puducherry,33.0,2.0,0.0,35.0,4.0,49.0,53.0,264.0,230.0,494.0,582.0,1413542,0.0248,15.19,Maintenance,2025,10,October,Saturday,1
2025-10-19,Puducherry,32.0,5.0,0.0,37.0,43.0,176.0,219.0,235.0,235.0,470.0,726.0,1413542,0.0262,18.13,Maintenance,2025,10,October,Sunday,1
2025-10-20,Puducherry,8.0,0.0,0.0,8.0,25.0,74.0,99.0,23.0,6.0,29.0,136.0,1413542,0.0057,14.22,Maintenance,2025,10,October,Monday,0
2025-10-21,Puducherry,9.0,0.0,1.0,10.0,19.0,35.0,54.0,14.0,16.0,30.0,94.0,1413542,0.0071,7.64,Maintenance,2025,10,October,Tuesday,0
2025-10-22,Puducherry,0.0,0.0,0.0,0.0,3.0,8.0,11.0,1.0,0.0,1.0,12.0,1413542,0.0,12.0,Maintenance,2025,10,October,Wednesday,0
2025-10-23,Puducherry,0.0,0.0,0.0,0.0,9.0,22.0,31.0,1.0,0.0,1.0,32.0,1413542,0.0,32.0,Maintenance,2025,10,October,Thursday,0
2025-10-24,Puducherry,23.0,4.0,0.0,27.0,62.0,319.0,381.0,199.0,151.0,350.0,758.0,1413542,0.0191,26.11,Maintenance,2025,10,October,Friday,0
2025-10-25,Puducherry,43.0,7.0,0.0,50.0,40.0,289.0,329.0,346.0,376.0,722.0,1101.0,1413542,0.0354,20.61,Maintenance,2025,10,October,Saturday,1
2025-10-26,Puducherry,56.0,2.0,0.0,58.0,72.0,362.0,434.0,204.0,330.0,534.0,1026.0,1413542,0.041,16.41,Maintenance,2025,10,October,Sunday,1
2025-10-27,Puducherry,49.0,4.0,0.0,53.0,56.0,266.0,322.0,177.0,184.0,361.0,736.0,1413542,0.0375,12.65,Maintenance,2025,10,October,Monday,0
2025-10-28,Puducherry,38.0,3.0,0.0,41.0,32.0,155.0,187.0,114.0,157.0,271.0,499.0,1413542,0.029,10.9,Maintenance,2025,10,October,Tuesday,0
2025-10-29,Puducherry,12.0,2.0,0.0,14.0,15.0,230.0,245.0,185.0,301.0,486.0,745.0,1413542,0.0099,48.73,Maintenance,2025,10,October,Wednesday,0
2025-10-30,Puducherry,60.0,3.0,0.0,63.0,53.0,235.0,288.0,154.0,264.0,418.0,769.0,1413542,0.0446,11.03,Maintenance,2025,10,October,Thursday,0
2025-10-31,Puducherry,60.0,9.0,0.0,69.0,73.0,370.0,443.0,133.0,252.0,385.0,897.0,1413542,0.0488,11.83,Maintenance,2025,10,October,Friday,0
2025-11-01,Puducherry,43.0,1.0,0.0,44.0,30.0,221.0,251.0,216.0,361.0,577.0,872.0,1413542,0.0311,18.4,Maintenance,2025,11,November,Saturday,1
2025-11-02,Puducherry,35.0,5.0,0.0,40.0,46.0,178.0,224.0,189.0,209.0,398.0,662.0,1413542,0.0283,15.17,Maintenance,2025,11,November,Sunday,1
2025-11-03,Puducherry,38.0,4.0,3.0,45.0,84.0,395.0,479.0,174.0,282.0,456.0,980.0,1413542,0.0318,20.33,Maintenance,2025,11,November,Monday,0
2025-11-04,Puducherry,0.0,0.0,0.0,0.0,57.0,277.0,334.0,177.0,252.0,429.0,763.0,1413542,0.0,763.0,Maintenance,2025,11,November,Tuesday,0
2025-11-05,Puducherry,67.0,1.0,0.0,68.0,41.0,271.0,312.0,161.0,394.0,555.0,935.0,1413542,0.0481,12.57,Maintenance,2025,11,November,Wednesday,0
2025-11-06,Puducherry,21.0,2.0,0.0,23.0,87.0,474.0,561.0,92.0,284.0,376.0,960.0,1413542,0.0163,39.04,Maintenance,2025,11,November,Thursday,0
2025-11-07,Puducherry,38.0,3.0,4.0,45.0,70.0,428.0,498.0,209.0,717.0,926.0,1469.0,1413542,0.0318,30.96,Maintenance,2025,11,November,Friday,0
2025-11-08,Puducherry,73.0,3.0,0.0,76.0,53.0,294.0,347.0,263.0,342.0,605.0,1028.0,1413542,0.0538,12.36,Maintenance,2025,11,November,Saturday,1
2025-11-09,Puducherry,29.0,0.0,0.0,29.0,11.0,70.0,81.0,29.0,55.0,84.0,194.0,1413542,0.0205,5.5,Maintenance,2025,11,November,Sunday,1
2025-11-10,Puducherry,52.0,3.0,1.0,56.0,50.0,335.0,385.0,182.0,408.0,590.0,1031.0,1413542,0.0396,17.11,Maintenance,2025,11,November,Monday,0
2025-11-11,Puducherry,39.0,0.0,0.0,39.0,38.0,207.0,245.0,174.0,336.0,510.0,794.0,1413542,0.0276,18.88,Maintenance,2025,11,November,Tuesday,0
2025-11-12,Puducherry,69.0,4.0,0.0,73.0,45.0,281.0,326.0,211.0,512.0,723.0,1122.0,1413542,0.0516,14.18,Maintenance,2025,11,November,Wednesday,0
2025-11-13,Puducherry,55.0,2.0,1.0,58.0,22.0,256.0,278.0,169.0,360.0,529.0,865.0,1413542,0.041,13.68,Maintenance,2025,11,November,Thursday,0
2025-11-14,Puducherry,66.0,4.0,3.0,73.0,15.0,190.0,205.0,123.0,253.0,376.0,654.0,1413542,0.0516,7.85,Maintenance,2025,11,November,Friday,0
2025-11-15,Puducherry,29.0,1.0,0.0,30.0,73.0,395.0,468.0,182.0,246.0,428.0,926.0,1413542,0.0212,28.9,Maintenance,2025,11,November,Saturday,1
2025-11-16,Puducherry,32.0,4.0,0.0,36.0,17.0,125.0,142.0,86.0,88.0,174.0,352.0,1413542,0.0255,8.54,Maintenance,2025,11,November,Sunday,1
2025-11-17,Puducherry,18.0,1.0,0.0,19.0,41.0,308.0,349.0,107.0,145.0,252.0,620.0,1413542,0.0134,30.05,Maintenance,2025,11,November,Monday,0
2025-11-18,Puducherry,35.0,5.0,0.0,40.0,28.0,218.0,246.0,336.0,344.0,680.0,966.0,1413542,0.0283,22.59,Maintenance,2025,11,November,Tuesday,0
2025-11-19,Puducherry,35.0,5.0,3.0,43.0,11.0,213.0,224.0,144.0,214.0,358.0,625.0,1413542,0.0304,13.23,Maintenance,2025,11,November,Wednesday,0
2025-11-25,Puducherry,42.0,3.0,0.0,45.0,26.0,102.0,128.0,314.0,272.0,586.0,759.0,1413542,0.0318,15.52,Maintenance,2025,11,November,Tuesday,0
2025-11-26,Puducherry,0.0,0.0,0.0,0.0,33.0,232.0,265.0,0.0,0.0,0.0,265.0,1413542,0.0,265.0,Maintenance,2025,11,November,Wednesday,0
2025-11-27,Puducherry,0.0,0.0,0.0,0.0,27.0,291.0,318.0,0.0,0.0,0.0,318.0,1413542,0.0,318.0,Maintenance,2025,11,November,Thursday,0
2025-11-28,Puducherry,0.0,0.0,0.0,0.0,33.0,342.0,375.0,0.0,0.0,0.0,375.0,1413542,0.0,375.0,Maintenance,2025,11,November,Friday,0
2025-11-29,Puducherry,0.0,0.0,0.0,0.0,25.0,131.0,156.0,0.0,0.0,0.0,156.0,1413542,0.0,156.0,Maintenance,2025,11,November,Saturday,1
2025-12-01,Puducherry,0.0,0.0,0.0,0.0,9.0,92.0,101.0,283.0,145.0,428.0,529.0,1413542,0.0,529.0,Maintenance,2025,12,December,Monday,0
2025-12-02,Puducherry,0.0,0.0,0.0,0.0,65.0,464.0,529.0,259.0,260.0,519.0,1048.0,1413542,0.0,1048.0,Maintenance,2025,12,December,Tuesday,0
2025-12-03,Puducherry,0.0,0.0,0.0,0.0,50.0,337.0,387.0,126.0,212.0,338.0,725.0,1413542,0.0,725.0,Maintenance,2025,12,December,Wednesday,0
2025-12-04,Puducherry,0.0,0.0,0.0,0.0,60.0,402.0,462.0,130.0,211.0,341.0,803.0,1413542,0.0,803.0,Maintenance,2025,12,December,Thursday,0
2025-12-05,Puducherry,0.0,0.0,0.0,0.0,40.0,193.0,233.0,141.0,242.0,383.0,616.0,1413542,0.0,616.0,Maintenance,2025,12,December,Friday,0
2025-12-06,Puducherry,0.0,0.0,0.0,0.0,62.0,286.0,348.0,243.0,353.0,596.0,944.0,1413542,0.0,944.0,Maintenance,2025,12,December,Saturday,1
2025-12-07,Puducherry,0.0,0.0,0.0,0.0,54.0,246.0,300.0,57.0,60.0,117.0,417.0,1413542,0.0,417.0,Maintenance,2025,12,December,Sunday,1
2025-12-08,Puducherry,0.0,0.0,0.0,0.0,39.0,470.0,509.0,144.0,232.0,376.0,885.0,1413542,0.0,885.0,Maintenance,2025,12,December,Monday,0
2025-12-09,Puducherry,0.0,0.0,0.0,0.0,47.0,288.0,335.0,152.0,218.0,370.0,705.0,1413542,0.0,705.0,Maintenance,2025,12,December,Tuesday,0
2025-12-10,Puducherry,0.0,0.0,0.0,0.0,24.0,213.0,237.0,170.0,215.0,385.0,622.0,1413542,0.0,622.0,Maintenance,2025,12,December,Wednesday,0
2025-12-11,Puducherry,0.0,0.0,0.0,0.0,41.0,434.0,475.0,185.0,215.0,400.0,875.0,1413542,0.0,875.0,Maintenance,2025,12,December,Thursday,0
2025-12-12,Puducherry,0.0,0.0,0.0,0.0,37.0,419.0,456.0,130.0,197.0,327.0,783.0,1413542,0.0,783.0,Maintenance,2025,12,December,Friday,0
2025-12-13,Puducherry,0.0,0.0,0.0,0.0,12.0,104.0,116.0,206.0,154.0,360.0,476.0,1413542,0.0,476.0,Maintenance,2025,12,December,Saturday,1
2025-12-14,Puducherry,0.0,0.0,0.0,0.0,40.0,213.0,253.0,74.0,57.0,131.0,384.0,1413542,0.0,384.0,Maintenance,2025,12,December,Sunday,1
2025-12-15,Puducherry,48.0,5.0,5.0,58.0,7.0,91.0,98.0,97.0,163.0,260.0,416.0,1413542,0.041,6.07,Maintenance,2025,12,December,Monday,0
2025-12-16,Puducherry,0.0,0.0,0.0,0.0,37.0,338.0,375.0,243.0,252.0,495.0,870.0,1413542,0.0,870.0,Maintenance,2025,12,December,Tuesday,0
2025-12-18,Puducherry,0.0,0.0,0.0,0.0,2.0,17.0,19.0,44.0,43.0,87.0,106.0,1413542,0.0,106.0,Maintenance,2025,12,December,Thursday,0
2025-12-19,Puducherry,0.0,0.0,0.0,0.0,21.0,216.0,237.0,276.0,274.0,550.0,787.0,1413542,0.0,787.0,Maintenance,2025,12,December,Friday,0
2025-12-20,Puducherry,0.0,0.0,0.0,0.0,21.0,168.0,189.0,125.0,97.0,222.0,411.0,1413542,0.0,411.0,Maintenance,2025,12,December,Saturday,1
2025-12-21,Puducherry,20.0,0.0,0.0,20.0,24.0,213.0,237.0,0.0,0.0,0.0,257.0,1413542,0.0141,11.29,Maintenance,2025,12,December,Sunday,1
2025-12-22,Puducherry,24.0,0.0,0.0,24.0,19.0,203.0,222.0,0.0,0.0,0.0,246.0,1413542,0.017,8.88,Maintenance,2025,12,December,Monday,0
2025-12-23,Puducherry,36.0,0.0,0.0,36.0,57.0,561.0,618.0,3.0,3.0,6.0,660.0,1413542,0.0255,16.86,Maintenance,2025,12,December,Tuesday,0
2025-12-24,Puducherry,39.0,0.0,8.0,47.0,13.0,84.0,97.0,0.0,0.0,0.0,144.0,1413542,0.0332,2.02,Growth,2025,12,December,Wednesday,0
2025-12-25,Puducherry,18.0,2.0,3.0,23.0,17.0,138.0,155.0,324.0,324.0,648.0,826.0,1413542,0.0163,33.46,Maintenance,2025,12,December,Thursday,0
2025-12-26,Puducherry,28.0,0.0,0.0,28.0,63.0,359.0,422.0,197.0,244.0,441.0,891.0,1413542,0.0198,29.76,Maintenance,2025,12,December,Friday,0
2025-12-27,Puducherry,55.0,4.0,0.0,59.0,49.0,427.0,476.0,221.0,241.0,462.0,997.0,1413542,0.0417,15.63,Maintenance,2025,12,December,Saturday,1
2025-12-28,Puducherry,39.0,1.0,0.0,40.0,43.0,295.0,338.0,95.0,75.0,170.0,548.0,1413542,0.0283,12.39,Maintenance,2025,12,December,Sunday,1
2025-12-29,Puducherry,46.0,3.0,0.0,49.0,21.0,132.0,153.0,149.0,151.0,300.0,502.0,1413542,0.0347,9.06,Maintenance,2025,12,December,Monday,0
2025-12-31,Puducherry,51.0,7.0,0.0,58.0,0.0,0.0,0.0,0.0,0.0,0.0,58.0,1413542,0.041,0.0,Growth,2025,12,December,Wednesday,0
2025-03-01,Punjab,0.0,0.0,0.0,0.0,10147.0,165225.0,175372.0,82015.0,178555.0,260570.0,435942.0,30141373,0.0,435942.0,Maintenance,2025,3,March,Saturday,1
2025-03-09,Punjab,14.0,15.0,20.0,49.0,0.0,0.0,0.0,0.0,0.0,0.0,49.0,30141373,0.0016,0.0,Growth,2025,3,March,Sunday,1
2025-03-20,Punjab,104.0,13.0,14.0,131.0,0.0,0.0,0.0,0.0,0.0,0.0,131.0,30141373,0.0043,0.0,Growth,2025,3,March,Thursday,0
2025-04-01,Punjab,3951.0,1155.0,647.0,5753.0,1893.0,22946.0,24839.0,79601.0,132962.0,212563.0,243155.0,30141373,0.1909,41.26,Maintenance,2025,4,April,Tuesday,0
2025-05-01,Punjab,2540.0,1002.0,225.0,3767.0,4010.0,36714.0,40724.0,65415.0,129093.0,194508.0,238999.0,30141373,0.125,62.43,Maintenance,2025,5,May,Thursday,0
2025-06-01,Punjab,1704.0,846.0,192.0,2742.0,3715.0,39491.0,43206.0,92330.0,129175.0,221505.0,267453.0,30141373,0.091,96.5,Maintenance,2025,6,June,Sunday,1
2025-07-01,Punjab,5862.0,2132.0,517.0,8511.0,10968.0,109928.0,120896.0,115529.0,162188.0,277717.0,407124.0,30141373,0.2824,46.83,Maintenance,2025,7,July,Tuesday,0
2025-09-01,Punjab,527.0,87.0,4.0,618.0,314.0,5297.0,5611.0,2389.0,3551.0,5940.0,12169.0,30141373,0.0205,18.66,Maintenance,2025,9,September,Monday,0
2025-09-02,Punjab,583.0,108.0,8.0,699.0,253.0,3407.0,3660.0,2074.0,2968.0,5042.0,9401.0,30141373,0.0232,12.43,Maintenance,2025,9,September,Tuesday,0
2025-09-03,Punjab,632.0,109.0,8.0,749.0,286.0,4049.0,4335.0,2957.0,3862.0,6819.0,11903.0,30141373,0.0248,14.87,Maintenance,2025,9,September,Wednesday,0
2025-09-04,Punjab,618.0,99.0,13.0,730.0,394.0,5026.0,5420.0,2546.0,3714.0,6260.0,12410.0,30141373,0.0242,15.98,Maintenance,2025,9,September,Thursday,0
2025-09-05,Punjab,718.0,104.0,17.0,839.0,597.0,7915.0,8512.0,3350.0,4394.0,7744.0,17095.0,30141373,0.0278,19.35,Maintenance,2025,9,September,Friday,0
2025-09-06,Punjab,698.0,104.0,2.0,804.0,369.0,4374.0,4743.0,2290.0,2875.0,5165.0,10712.0,30141373,0.0267,12.31,Maintenance,2025,9,September,Saturday,1
2025-09-07,Punjab,44.0,6.0,1.0,51.0,38.0,398.0,436.0,103.0,141.0,244.0,731.0,30141373,0.0017,13.08,Maintenance,2025,9,September,Sunday,1
2025-09-08,Punjab,1011.0,172.0,11.0,1194.0,522.0,7038.0,7560.0,4214.0,6519.0,10733.0,19487.0,30141373,0.0396,15.31,Maintenance,2025,9,September,Monday,0
2025-09-09,Punjab,1053.0,137.0,8.0,1198.0,453.0,6783.0,7236.0,2529.0,5483.0,8012.0,16446.0,30141373,0.0397,12.72,Maintenance,2025,9,September,Tuesday,0
2025-09-10,Punjab,1132.0,158.0,7.0,1297.0,388.0,5822.0,6210.0,2268.0,4686.0,6954.0,14461.0,30141373,0.043,10.14,Maintenance,2025,9,September,Wednesday,0
2025-09-11,Punjab,995.0,138.0,6.0,1139.0,508.0,6832.0,7340.0,3007.0,5664.0,8671.0,17150.0,30141373,0.0378,14.04,Maintenance,2025,9,September,Thursday,0
2025-09-12,Punjab,918.0,160.0,5.0,1083.0,515.0,7343.0,7858.0,2860.0,5719.0,8579.0,17520.0,30141373,0.0359,15.16,Maintenance,2025,9,September,Friday,0
2025-09-13,Punjab,801.0,115.0,6.0,922.0,632.0,6984.0,7616.0,3027.0,4385.0,7412.0,15950.0,30141373,0.0306,16.28,Maintenance,2025,9,September,Saturday,1
2025-09-14,Punjab,45.0,12.0,0.0,57.0,37.0,374.0,411.0,121.0,210.0,331.0,799.0,30141373,0.0019,12.79,Maintenance,2025,9,September,Sunday,1
2025-09-15,Punjab,881.0,104.0,10.0,995.0,440.0,6987.0,7427.0,2651.0,6146.0,8797.0,17219.0,30141373,0.033,16.29,Maintenance,2025,9,September,Monday,0
2025-09-16,Punjab,896.0,144.0,5.0,1045.0,499.0,6453.0,6952.0,3323.0,5876.0,9199.0,17196.0,30141373,0.0347,15.44,Maintenance,2025,9,September,Tuesday,0
2025-09-17,Punjab,882.0,135.0,9.0,1026.0,529.0,8178.0,8707.0,3177.0,5969.0,9146.0,18879.0,30141373,0.034,17.38,Maintenance,2025,9,September,Wednesday,0
2025-09-18,Punjab,930.0,133.0,5.0,1068.0,535.0,7575.0,8110.0,2971.0,5868.0,8839.0,18017.0,30141373,0.0354,15.86,Maintenance,2025,9,September,Thursday,0
2025-09-19,Punjab,863.0,112.0,3.0,978.0,356.0,5347.0,5703.0,2733.0,5738.0,8471.0,15152.0,30141373,0.0324,14.48,Maintenance,2025,9,September,Friday,0
2025-09-20,Punjab,659.0,108.0,2.0,769.0,416.0,5858.0,6274.0,2415.0,4787.0,7202.0,14245.0,30141373,0.0255,17.5,Maintenance,2025,9,September,Saturday,1
2025-09-21,Punjab,32.0,6.0,0.0,38.0,0.0,0.0,0.0,0.0,0.0,0.0,38.0,30141373,0.0013,0.0,Growth,2025,9,September,Sunday,1
2025-09-22,Punjab,195.0,41.0,2.0,238.0,0.0,0.0,0.0,0.0,0.0,0.0,238.0,30141373,0.0079,0.0,Growth,2025,9,September,Monday,0
2025-09-23,Punjab,916.0,105.0,11.0,1032.0,0.0,0.0,0.0,0.0,0.0,0.0,1032.0,30141373,0.0342,0.0,Growth,2025,9,September,Tuesday,0
2025-09-24,Punjab,924.0,124.0,12.0,1060.0,0.0,0.0,0.0,0.0,0.0,0.0,1060.0,30141373,0.0352,0.0,Growth,2025,9,September,Wednesday,0
2025-09-25,Punjab,805.0,111.0,6.0,922.0,0.0,0.0,0.0,0.0,0.0,0.0,922.0,30141373,0.0306,0.0,Growth,2025,9,September,Thursday,0
2025-09-26,Punjab,555.0,90.0,4.0,649.0,0.0,0.0,0.0,0.0,0.0,0.0,649.0,30141373,0.0215,0.0,Growth,2025,9,September,Friday,0
2025-09-27,Punjab,205.0,18.0,1.0,224.0,0.0,0.0,0.0,0.0,0.0,0.0,224.0,30141373,0.0074,0.0,Growth,2025,9,September,Saturday,1
2025-09-28,Punjab,6.0,1.0,0.0,7.0,0.0,0.0,0.0,0.0,0.0,0.0,7.0,30141373,0.0002,0.0,Growth,2025,9,September,Sunday,1
2025-09-29,Punjab,91.0,25.0,1.0,117.0,0.0,0.0,0.0,0.0,0.0,0.0,117.0,30141373,0.0039,0.0,Growth,2025,9,September,Monday,0
2025-09-30,Punjab,7.0,8.0,4.0,19.0,0.0,0.0,0.0,0.0,0.0,0.0,19.0,30141373,0.0006,0.0,Growth,2025,9,September,Tuesday,0
2025-10-13,Punjab,889.0,149.0,26.0,1064.0,77.0,3715.0,3792.0,133.0,218.0,351.0,5207.0,30141373,0.0353,3.89,Growth,2025,10,October,Monday,0
2025-10-15,Punjab,849.0,141.0,16.0,1006.0,344.0,6155.0,6499.0,2524.0,2893.0,5417.0,12922.0,30141373,0.0334,11.83,Maintenance,2025,10,October,Wednesday,0
2025-10-16,Punjab,452.0,72.0,23.0,547.0,675.0,10670.0,11345.0,2448.0,3139.0,5587.0,17479.0,30141373,0.0181,30.9,Maintenance,2025,10,October,Thursday,0
2025-10-17,Punjab,801.0,113.0,19.0,933.0,232.0,4663.0,4895.0,4012.0,4001.0,8013.0,13841.0,30141373,0.031,13.82,Maintenance,2025,10,October,Friday,0
2025-10-18,Punjab,820.0,124.0,6.0,950.0,101.0,2214.0,2315.0,3827.0,3869.0,7696.0,10961.0,30141373,0.0315,10.53,Maintenance,2025,10,October,Saturday,1
2025-10-19,Punjab,569.0,77.0,2.0,648.0,228.0,3361.0,3589.0,3093.0,3689.0,6782.0,11019.0,30141373,0.0215,15.98,Maintenance,2025,10,October,Sunday,1
2025-10-20,Punjab,65.0,11.0,0.0,76.0,82.0,1206.0,1288.0,70.0,212.0,282.0,1646.0,30141373,0.0025,20.39,Maintenance,2025,10,October,Monday,0
2025-10-21,Punjab,129.0,27.0,33.0,189.0,83.0,1079.0,1162.0,184.0,411.0,595.0,1946.0,30141373,0.0063,9.25,Maintenance,2025,10,October,Tuesday,0
2025-10-22,Punjab,0.0,2.0,0.0,2.0,35.0,262.0,297.0,7.0,17.0,24.0,323.0,30141373,0.0001,107.0,Maintenance,2025,10,October,Wednesday,0
2025-10-23,Punjab,3.0,0.0,3.0,6.0,67.0,586.0,653.0,134.0,127.0,261.0,920.0,30141373,0.0002,130.57,Maintenance,2025,10,October,Thursday,0
2025-10-24,Punjab,219.0,45.0,11.0,275.0,426.0,6535.0,6961.0,1877.0,2524.0,4401.0,11637.0,30141373,0.0091,41.17,Maintenance,2025,10,October,Friday,0
2025-10-25,Punjab,419.0,65.0,5.0,489.0,278.0,8754.0,9032.0,5494.0,6868.0,12362.0,21883.0,30141373,0.0162,43.66,Maintenance,2025,10,October,Saturday,1
2025-10-26,Punjab,255.0,50.0,2.0,307.0,315.0,7431.0,7746.0,4394.0,5508.0,9902.0,17955.0,30141373,0.0102,57.3,Maintenance,2025,10,October,Sunday,1
2025-10-27,Punjab,142.0,30.0,52.0,224.0,152.0,3622.0,3774.0,2592.0,3239.0,5831.0,9829.0,30141373,0.0074,42.69,Maintenance,2025,10,October,Monday,0
2025-10-28,Punjab,402.0,65.0,23.0,490.0,265.0,5738.0,6003.0,2167.0,2649.0,4816.0,11309.0,30141373,0.0163,22.03,Maintenance,2025,10,October,Tuesday,0
2025-10-29,Punjab,274.0,45.0,42.0,361.0,272.0,8500.0,8772.0,2430.0,2945.0,5375.0,14508.0,30141373,0.012,39.08,Maintenance,2025,10,October,Wednesday,0
2025-10-30,Punjab,1334.0,223.0,19.0,1576.0,242.0,4085.0,4327.0,6502.0,7166.0,13668.0,19571.0,30141373,0.0523,11.41,Maintenance,2025,10,October,Thursday,0
2025-10-31,Punjab,1255.0,165.0,36.0,1456.0,425.0,9304.0,9729.0,5283.0,5343.0,10626.0,21811.0,30141373,0.0483,13.97,Maintenance,2025,10,October,Friday,0
2025-11-01,Punjab,1041.0,147.0,18.0,1206.0,353.0,6208.0,6561.0,5670.0,5501.0,11171.0,18938.0,30141373,0.04,14.69,Maintenance,2025,11,November,Saturday,1
2025-11-02,Punjab,1777.0,256.0,3.0,2036.0,120.0,1620.0,1740.0,1770.0,1854.0,3624.0,7400.0,30141373,0.0675,2.63,Growth,2025,11,November,Sunday,1
2025-11-03,Punjab,271.0,81.0,32.0,384.0,519.0,8774.0,9293.0,3373.0,3970.0,7343.0,17020.0,30141373,0.0127,43.21,Maintenance,2025,11,November,Monday,0
2025-11-04,Punjab,3.0,3.0,0.0,6.0,460.0,6478.0,6938.0,2772.0,3141.0,5913.0,12857.0,30141373,0.0002,1835.86,Maintenance,2025,11,November,Tuesday,0
2025-11-05,Punjab,862.0,123.0,5.0,990.0,291.0,2746.0,3037.0,1326.0,2126.0,3452.0,7479.0,30141373,0.0328,6.55,Maintenance,2025,11,November,Wednesday,0
2025-11-06,Punjab,328.0,74.0,30.0,432.0,533.0,8078.0,8611.0,2399.0,2489.0,4888.0,13931.0,30141373,0.0143,31.18,Maintenance,2025,11,November,Thursday,0
2025-11-07,Punjab,297.0,56.0,31.0,384.0,397.0,6973.0,7370.0,6716.0,7316.0,14032.0,21786.0,30141373,0.0127,55.59,Maintenance,2025,11,November,Friday,0
2025-11-08,Punjab,549.0,105.0,17.0,671.0,238.0,4349.0,4587.0,3220.0,3682.0,6902.0,12160.0,30141373,0.0223,17.1,Maintenance,2025,11,November,Saturday,1
2025-11-09,Punjab,672.0,102.0,2.0,776.0,83.0,780.0,863.0,807.0,1291.0,2098.0,3737.0,30141373,0.0257,3.81,Growth,2025,11,November,Sunday,1
2025-11-10,Punjab,520.0,97.0,59.0,676.0,270.0,5997.0,6267.0,3224.0,3529.0,6753.0,13696.0,30141373,0.0224,19.23,Maintenance,2025,11,November,Monday,0
2025-11-11,Punjab,589.0,74.0,40.0,703.0,295.0,5632.0,5927.0,3901.0,4577.0,8478.0,15108.0,30141373,0.0233,20.46,Maintenance,2025,11,November,Tuesday,0
2025-11-12,Punjab,337.0,70.0,37.0,444.0,273.0,6266.0,6539.0,3954.0,4613.0,8567.0,15550.0,30141373,0.0147,33.95,Maintenance,2025,11,November,Wednesday,0
2025-11-13,Punjab,312.0,56.0,51.0,419.0,222.0,4636.0,4858.0,4186.0,4698.0,8884.0,14161.0,30141373,0.0139,32.72,Maintenance,2025,11,November,Thursday,0
2025-11-14,Punjab,293.0,58.0,72.0,423.0,231.0,5207.0,5438.0,3960.0,4677.0,8637.0,14498.0,30141373,0.014,33.2,Maintenance,2025,11,November,Friday,0
2025-11-15,Punjab,750.0,115.0,15.0,880.0,371.0,6821.0,7192.0,3678.0,3121.0,6799.0,14871.0,30141373,0.0292,15.88,Maintenance,2025,11,November,Saturday,1
2025-11-16,Punjab,642.0,117.0,1.0,760.0,167.0,1778.0,1945.0,1096.0,1214.0,2310.0,5015.0,30141373,0.0252,5.59,Maintenance,2025,11,November,Sunday,1
2025-11-17,Punjab,693.0,99.0,15.0,807.0,330.0,6047.0,6377.0,1088.0,1199.0,2287.0,9471.0,30141373,0.0268,10.72,Maintenance,2025,11,November,Monday,0
2025-11-18,Punjab,816.0,124.0,52.0,992.0,214.0,5297.0,5511.0,5752.0,5901.0,11653.0,18156.0,30141373,0.0329,17.28,Maintenance,2025,11,November,Tuesday,0
2025-11-19,Punjab,1367.0,201.0,132.0,1700.0,213.0,5782.0,5995.0,3433.0,3314.0,6747.0,14442.0,30141373,0.0564,7.49,Maintenance,2025,11,November,Wednesday,0
2025-11-25,Punjab,373.0,57.0,12.0,442.0,44.0,554.0,598.0,6151.0,4171.0,10322.0,11362.0,30141373,0.0147,24.65,Maintenance,2025,11,November,Tuesday,0
2025-11-26,Punjab,0.0,0.0,0.0,0.0,159.0,4552.0,4711.0,0.0,0.0,0.0,4711.0,30141373,0.0,4711.0,Maintenance,2025,11,November,Wednesday,0
2025-11-27,Punjab,0.0,0.0,0.0,0.0,372.0,7355.0,7727.0,0.0,0.0,0.0,7727.0,30141373,0.0,7727.0,Maintenance,2025,11,November,Thursday,0
2025-11-28,Punjab,0.0,0.0,0.0,0.0,281.0,6847.0,7128.0,0.0,0.0,0.0,7128.0,30141373,0.0,7128.0,Maintenance,2025,11,November,Friday,0
2025-11-29,Punjab,0.0,0.0,0.0,0.0,162.0,2666.0,2828.0,0.0,0.0,0.0,2828.0,30141373,0.0,2828.0,Maintenance,2025,11,November,Saturday,1
2025-12-01,Punjab,0.0,0.0,0.0,0.0,147.0,2726.0,2873.0,5947.0,3254.0,9201.0,12074.0,30141373,0.0,12074.0,Maintenance,2025,12,December,Monday,0
2025-12-02,Punjab,0.0,0.0,0.0,0.0,383.0,8479.0,8862.0,9662.0,5066.0,14728.0,23590.0,30141373,0.0,23590.0,Maintenance,2025,12,December,Tuesday,0
2025-12-03,Punjab,0.0,0.0,0.0,0.0,441.0,8545.0,8986.0,5459.0,3820.0,9279.0,18265.0,30141373,0.0,18265.0,Maintenance,2025,12,December,Wednesday,0
2025-12-04,Punjab,0.0,0.0,0.0,0.0,313.0,6618.0,6931.0,5224.0,3687.0,8911.0,15842.0,30141373,0.0,15842.0,Maintenance,2025,12,December,Thursday,0
2025-12-05,Punjab,0.0,0.0,0.0,0.0,172.0,4115.0,4287.0,5500.0,4659.0,10159.0,14446.0,30141373,0.0,14446.0,Maintenance,2025,12,December,Friday,0
2025-12-06,Punjab,0.0,0.0,0.0,0.0,151.0,2860.0,3011.0,7570.0,6870.0,14440.0,17451.0,30141373,0.0,17451.0,Maintenance,2025,12,December,Saturday,1
2025-12-07,Punjab,0.0,0.0,0.0,0.0,264.0,2273.0,2537.0,923.0,1104.0,2027.0,4564.0,30141373,0.0,4564.0,Maintenance,2025,12,December,Sunday,1
2025-12-08,Punjab,0.0,0.0,0.0,0.0,432.0,8950.0,9382.0,4828.0,4773.0,9601.0,18983.0,30141373,0.0,18983.0,Maintenance,2025,12,December,Monday,0
2025-12-09,Punjab,0.0,0.0,0.0,0.0,225.0,4876.0,5101.0,5193.0,4799.0,9992.0,15093.0,30141373,0.0,15093.0,Maintenance,2025,12,December,Tuesday,0
2025-12-10,Punjab,0.0,0.0,0.0,0.0,180.0,3460.0,3640.0,5244.0,4825.0,10069.0,13709.0,30141373,0.0,13709.0,Maintenance,2025,12,December,Wednesday,0
2025-12-11,Punjab,0.0,0.0,0.0,0.0,400.0,7232.0,7632.0,5228.0,4696.0,9924.0,17556.0,30141373,0.0,17556.0,Maintenance,2025,12,December,Thursday,0
2025-12-12,Punjab,0.0,0.0,0.0,0.0,488.0,9190.0,9678.0,5037.0,4514.0,9551.0,19229.0,30141373,0.0,19229.0,Maintenance,2025,12,December,Friday,0
2025-12-13,Punjab,0.0,0.0,0.0,0.0,111.0,1713.0,1824.0,3141.0,3059.0,6200.0,8024.0,30141373,0.0,8024.0,Maintenance,2025,12,December,Saturday,1
2025-12-14,Punjab,0.0,0.0,0.0,0.0,167.0,1681.0,1848.0,1394.0,1822.0,3216.0,5064.0,30141373,0.0,5064.0,Maintenance,2025,12,December,Sunday,1
2025-12-15,Punjab,1787.0,206.0,37.0,2030.0,196.0,3862.0,4058.0,2801.0,2825.0,5626.0,11714.0,30141373,0.0673,4.77,Growth,2025,12,December,Monday,0
2025-12-16,Punjab,0.0,0.0,0.0,0.0,414.0,8944.0,9358.0,6202.0,5717.0,11919.0,21277.0,30141373,0.0,21277.0,Maintenance,2025,12,December,Tuesday,0
2025-12-18,Punjab,0.0,0.0,0.0,0.0,18.0,429.0,447.0,605.0,576.0,1181.0,1628.0,30141373,0.0,1628.0,Maintenance,2025,12,December,Thursday,0
2025-12-19,Punjab,0.0,0.0,0.0,0.0,241.0,5428.0,5669.0,5340.0,4676.0,10016.0,15685.0,30141373,0.0,15685.0,Maintenance,2025,12,December,Friday,0
2025-12-20,Punjab,0.0,0.0,0.0,0.0,182.0,3020.0,3202.0,1459.0,1328.0,2787.0,5989.0,30141373,0.0,5989.0,Maintenance,2025,12,December,Saturday,1
2025-12-21,Punjab,479.0,0.0,0.0,479.0,169.0,1598.0,1767.0,0.0,0.0,0.0,2246.0,30141373,0.0159,3.68,Growth,2025,12,December,Sunday,1
2025-12-22,Punjab,1517.0,1.0,0.0,1518.0,140.0,2077.0,2217.0,0.0,0.0,0.0,3735.0,30141373,0.0504,1.46,Growth,2025,12,December,Monday,0
2025-12-23,Punjab,782.0,2.0,0.0,784.0,432.0,8686.0,9118.0,4.0,3.0,7.0,9909.0,30141373,0.026,11.62,Maintenance,2025,12,December,Tuesday,0
2025-12-24,Punjab,580.0,83.0,116.0,779.0,50.0,1136.0,1186.0,0.0,0.0,0.0,1965.0,30141373,0.0258,1.52,Growth,2025,12,December,Wednesday,0
2025-12-25,Punjab,488.0,144.0,36.0,668.0,136.0,2320.0,2456.0,4316.0,6069.0,10385.0,13509.0,30141373,0.0222,19.19,Maintenance,2025,12,December,Thursday,0
2025-12-26,Punjab,355.0,76.0,79.0,510.0,381.0,6301.0,6682.0,2701.0,5536.0,8237.0,15429.0,30141373,0.0169,29.2,Maintenance,2025,12,December,Friday,0
2025-12-27,Punjab,237.0,38.0,43.0,318.0,384.0,5815.0,6199.0,1554.0,2737.0,4291.0,10808.0,30141373,0.0106,32.88,Maintenance,2025,12,December,Saturday,1
2025-12-28,Punjab,130.0,48.0,20.0,198.0,332.0,3329.0,3661.0,1113.0,2124.0,3237.0,7096.0,30141373,0.0066,34.66,Maintenance,2025,12,December,Sunday,1
2025-12-29,Punjab,402.0,46.0,75.0,523.0,206.0,3699.0,3905.0,2170.0,3245.0,5415.0,9843.0,30141373,0.0174,17.79,Maintenance,2025,12,December,Monday,0
2025-12-31,Punjab,301.0,350.0,38.0,689.0,0.0,0.0,0.0,0.0,0.0,0.0,689.0,30141373,0.0229,0.0,Growth,2025,12,December,Wednesday,0
2025-12-19,Puttenahalli,0.0,0.0,0.0,0.0,0.0,1.0,1.0,0.0,0.0,0.0,1.0,24435828,0.0,1.0,Growth,2025,12,December,Friday,0
2025-12-26,Raja Annamalai Puram,0.0,0.0,0.0,0.0,0.0,1.0,1.0,0.0,0.0,0.0,1.0,24435828,0.0,1.0,Growth,2025,12,December,Friday,0
2025-03-01,Rajasthan,0.0,0.0,0.0,0.0,64641.0,1095112.0,1159753.0,170087.0,254119.0,424206.0,1583959.0,79502477,0.0,1583959.0,Maintenance,2025,3,March,Saturday,1
2025-03-09,Rajasthan,41.0,36.0,17.0,94.0,0.0,0.0,0.0,0.0,0.0,0.0,94.0,79502477,0.0012,0.0,Growth,2025,3,March,Sunday,1
2025-04-01,Rajasthan,11907.0,4141.0,794.0,16842.0,16546.0,120815.0,137361.0,146156.0,230758.0,376914.0,531117.0,79502477,0.2118,30.53,Maintenance,2025,4,April,Tuesday,0
2025-05-01,Rajasthan,1992.0,904.0,65.0,2961.0,6845.0,66059.0,72904.0,127873.0,196188.0,324061.0,399926.0,79502477,0.0372,134.02,Maintenance,2025,5,May,Thursday,0
2025-06-01,Rajasthan,4094.0,2354.0,168.0,6616.0,6789.0,58660.0,65449.0,197243.0,219452.0,416695.0,488760.0,79502477,0.0832,72.86,Maintenance,2025,6,June,Sunday,1
2025-07-01,Rajasthan,17372.0,10811.0,603.0,28786.0,18362.0,119647.0,138009.0,357417.0,292699.0,650116.0,816911.0,79502477,0.3621,27.38,Maintenance,2025,7,July,Tuesday,0
2025-09-01,Rajasthan,3116.0,1672.0,35.0,4823.0,1916.0,13772.0,15688.0,13927.0,10372.0,24299.0,44810.0,79502477,0.0607,8.29,Maintenance,2025,9,September,Monday,0
2025-09-02,Rajasthan,3488.0,1310.0,27.0,4825.0,1371.0,8901.0,10272.0,11774.0,5597.0,17371.0,32468.0,79502477,0.0607,5.73,Maintenance,2025,9,September,Tuesday,0
2025-09-03,Rajasthan,4028.0,1414.0,21.0,5463.0,1797.0,11985.0,13782.0,22983.0,9029.0,32012.0,51257.0,79502477,0.0687,8.38,Maintenance,2025,9,September,Wednesday,0
2025-09-04,Rajasthan,3623.0,1505.0,24.0,5152.0,1650.0,12305.0,13955.0,14710.0,5284.0,19994.0,39101.0,79502477,0.0648,6.59,Maintenance,2025,9,September,Thursday,0
2025-09-05,Rajasthan,2027.0,491.0,13.0,2531.0,1360.0,11340.0,12700.0,9974.0,3049.0,13023.0,28254.0,79502477,0.0318,10.16,Maintenance,2025,9,September,Friday,0
2025-09-06,Rajasthan,3175.0,949.0,26.0,4150.0,1098.0,8321.0,9419.0,18220.0,5143.0,23363.0,36932.0,79502477,0.0522,7.9,Maintenance,2025,9,September,Saturday,1
2025-09-07,Rajasthan,1320.0,257.0,15.0,1592.0,426.0,3382.0,3808.0,3334.0,959.0,4293.0,9693.0,79502477,0.02,5.09,Maintenance,2025,9,September,Sunday,1
2025-09-08,Rajasthan,4764.0,1635.0,38.0,6437.0,2288.0,17286.0,19574.0,49462.0,11364.0,60826.0,86837.0,79502477,0.081,12.49,Maintenance,2025,9,September,Monday,0
2025-09-09,Rajasthan,5520.0,2079.0,37.0,7636.0,2477.0,18550.0,21027.0,46046.0,11749.0,57795.0,86458.0,79502477,0.096,10.32,Maintenance,2025,9,September,Tuesday,0
2025-09-10,Rajasthan,5366.0,2300.0,26.0,7692.0,2109.0,16348.0,18457.0,36244.0,9511.0,45755.0,71904.0,79502477,0.0968,8.35,Maintenance,2025,9,September,Wednesday,0
2025-09-11,Rajasthan,4111.0,2197.0,18.0,6326.0,2022.0,14791.0,16813.0,41991.0,11998.0,53989.0,77128.0,79502477,0.0796,11.19,Maintenance,2025,9,September,Thursday,0
2025-09-12,Rajasthan,4816.0,2267.0,24.0,7107.0,2496.0,17315.0,19811.0,39462.0,12150.0,51612.0,78530.0,79502477,0.0894,10.05,Maintenance,2025,9,September,Friday,0
2025-09-13,Rajasthan,3798.0,1698.0,18.0,5514.0,2249.0,15133.0,17382.0,28608.0,8879.0,37487.0,60383.0,79502477,0.0694,9.95,Maintenance,2025,9,September,Saturday,1
2025-09-14,Rajasthan,1312.0,324.0,15.0,1651.0,324.0,2362.0,2686.0,4904.0,1262.0,6166.0,10503.0,79502477,0.0208,5.36,Maintenance,2025,9,September,Sunday,1
2025-09-15,Rajasthan,3430.0,1655.0,21.0,5106.0,2114.0,14000.0,16114.0,43260.0,11887.0,55147.0,76367.0,79502477,0.0642,13.95,Maintenance,2025,9,September,Monday,0
2025-09-16,Rajasthan,3986.0,1982.0,22.0,5990.0,2045.0,14722.0,16767.0,36777.0,10959.0,47736.0,70493.0,79502477,0.0753,10.77,Maintenance,2025,9,September,Tuesday,0
2025-09-17,Rajasthan,4042.0,1928.0,24.0,5994.0,2374.0,18654.0,21028.0,31088.0,9970.0,41058.0,68080.0,79502477,0.0754,10.36,Maintenance,2025,9,September,Wednesday,0
2025-09-18,Rajasthan,3824.0,1985.0,28.0,5837.0,2160.0,17186.0,19346.0,28951.0,9788.0,38739.0,63922.0,79502477,0.0734,9.95,Maintenance,2025,9,September,Thursday,0
2025-09-19,Rajasthan,3347.0,1883.0,42.0,5272.0,1481.0,10968.0,12449.0,26040.0,8629.0,34669.0,52390.0,79502477,0.0663,8.94,Maintenance,2025,9,September,Friday,0
2025-09-20,Rajasthan,2326.0,1329.0,12.0,3667.0,1474.0,10745.0,12219.0,19072.0,6560.0,25632.0,41518.0,79502477,0.0461,10.32,Maintenance,2025,9,September,Saturday,1
2025-09-21,Rajasthan,220.0,139.0,1.0,360.0,0.0,0.0,0.0,0.0,0.0,0.0,360.0,79502477,0.0045,0.0,Growth,2025,9,September,Sunday,1
2025-09-22,Rajasthan,695.0,636.0,13.0,1344.0,0.0,0.0,0.0,0.0,0.0,0.0,1344.0,79502477,0.0169,0.0,Growth,2025,9,September,Monday,0
2025-09-23,Rajasthan,2295.0,1837.0,21.0,4153.0,0.0,0.0,0.0,0.0,0.0,0.0,4153.0,79502477,0.0522,0.0,Growth,2025,9,September,Tuesday,0
2025-09-24,Rajasthan,3093.0,1883.0,19.0,4995.0,0.0,0.0,0.0,0.0,0.0,0.0,4995.0,79502477,0.0628,0.0,Growth,2025,9,September,Wednesday,0
2025-09-25,Rajasthan,3012.0,1773.0,18.0,4803.0,0.0,0.0,0.0,0.0,0.0,0.0,4803.0,79502477,0.0604,0.0,Growth,2025,9,September,Thursday,0
2025-09-26,Rajasthan,2262.0,1116.0,9.0,3387.0,0.0,0.0,0.0,0.0,0.0,0.0,3387.0,79502477,0.0426,0.0,Growth,2025,9,September,Friday,0
2025-09-27,Rajasthan,720.0,406.0,3.0,1129.0,0.0,0.0,0.0,0.0,0.0,0.0,1129.0,79502477,0.0142,0.0,Growth,2025,9,September,Saturday,1
2025-09-28,Rajasthan,115.0,69.0,2.0,186.0,0.0,0.0,0.0,0.0,0.0,0.0,186.0,79502477,0.0023,0.0,Growth,2025,9,September,Sunday,1
2025-09-29,Rajasthan,255.0,172.0,4.0,431.0,0.0,0.0,0.0,0.0,0.0,0.0,431.0,79502477,0.0054,0.0,Growth,2025,9,September,Monday,0
2025-09-30,Rajasthan,14.0,17.0,0.0,31.0,0.0,0.0,0.0,0.0,0.0,0.0,31.0,79502477,0.0004,0.0,Growth,2025,9,September,Tuesday,0
2025-10-13,Rajasthan,3953.0,1754.0,17.0,5724.0,549.0,7439.0,7988.0,13.0,10.0,23.0,13735.0,79502477,0.072,1.4,Growth,2025,10,October,Monday,0
2025-10-15,Rajasthan,2135.0,1206.0,27.0,3368.0,1835.0,13207.0,15042.0,10938.0,10486.0,21424.0,39834.0,79502477,0.0424,10.82,Maintenance,2025,10,October,Wednesday,0
2025-10-16,Rajasthan,1098.0,720.0,34.0,1852.0,2286.0,14668.0,16954.0,7068.0,7697.0,14765.0,33571.0,79502477,0.0233,17.12,Maintenance,2025,10,October,Thursday,0
2025-10-17,Rajasthan,3140.0,1816.0,24.0,4980.0,754.0,7488.0,8242.0,5540.0,6029.0,11569.0,24791.0,79502477,0.0626,3.98,Growth,2025,10,October,Friday,0
2025-10-18,Rajasthan,1801.0,922.0,12.0,2735.0,270.0,1977.0,2247.0,7837.0,8404.0,16241.0,21223.0,79502477,0.0344,6.76,Maintenance,2025,10,October,Saturday,1
2025-10-19,Rajasthan,1896.0,724.0,6.0,2626.0,1391.0,7555.0,8946.0,4190.0,4710.0,8900.0,20472.0,79502477,0.033,6.79,Maintenance,2025,10,October,Sunday,1
2025-10-20,Rajasthan,407.0,158.0,6.0,571.0,303.0,2049.0,2352.0,248.0,332.0,580.0,3503.0,79502477,0.0072,5.13,Maintenance,2025,10,October,Monday,0
2025-10-21,Rajasthan,122.0,76.0,5.0,203.0,341.0,1306.0,1647.0,326.0,476.0,802.0,2652.0,79502477,0.0026,12.0,Maintenance,2025,10,October,Tuesday,0
2025-10-22,Rajasthan,7.0,0.0,0.0,7.0,59.0,316.0,375.0,36.0,41.0,77.0,459.0,79502477,0.0001,56.5,Maintenance,2025,10,October,Wednesday,0
2025-10-23,Rajasthan,11.0,2.0,3.0,16.0,184.0,901.0,1085.0,279.0,321.0,600.0,1701.0,79502477,0.0002,99.12,Maintenance,2025,10,October,Thursday,0
2025-10-24,Rajasthan,787.0,367.0,17.0,1171.0,1212.0,8446.0,9658.0,4625.0,5152.0,9777.0,20606.0,79502477,0.0147,16.58,Maintenance,2025,10,October,Friday,0
2025-10-25,Rajasthan,1636.0,835.0,6.0,2477.0,1251.0,13576.0,14827.0,3985.0,4497.0,8482.0,25786.0,79502477,0.0312,9.41,Maintenance,2025,10,October,Saturday,1
2025-10-26,Rajasthan,774.0,502.0,5.0,1281.0,1286.0,14779.0,16065.0,7233.0,7725.0,14958.0,32304.0,79502477,0.0161,24.2,Maintenance,2025,10,October,Sunday,1
2025-10-27,Rajasthan,786.0,366.0,23.0,1175.0,455.0,4229.0,4684.0,6616.0,7594.0,14210.0,20069.0,79502477,0.0148,16.07,Maintenance,2025,10,October,Monday,0
2025-10-28,Rajasthan,1564.0,799.0,32.0,2395.0,897.0,9328.0,10225.0,4173.0,5257.0,9430.0,22050.0,79502477,0.0301,8.2,Maintenance,2025,10,October,Tuesday,0
2025-10-29,Rajasthan,1500.0,715.0,26.0,2241.0,1205.0,14321.0,15526.0,6046.0,7977.0,14023.0,31790.0,79502477,0.0282,13.18,Maintenance,2025,10,October,Wednesday,0
2025-10-30,Rajasthan,4716.0,2755.0,28.0,7499.0,1150.0,10243.0,11393.0,5537.0,7762.0,13299.0,32191.0,79502477,0.0943,3.29,Growth,2025,10,October,Thursday,0
2025-10-31,Rajasthan,2211.0,1368.0,18.0,3597.0,1536.0,17893.0,19429.0,4080.0,6487.0,10567.0,33593.0,79502477,0.0452,8.34,Maintenance,2025,10,October,Friday,0
2025-11-01,Rajasthan,418.0,199.0,11.0,628.0,1351.0,13776.0,15127.0,7675.0,11785.0,19460.0,35215.0,79502477,0.0079,54.99,Maintenance,2025,11,November,Saturday,1
2025-11-02,Rajasthan,4140.0,2378.0,10.0,6528.0,1039.0,5218.0,6257.0,7892.0,12347.0,20239.0,33024.0,79502477,0.0821,4.06,Growth,2025,11,November,Sunday,1
2025-11-03,Rajasthan,930.0,644.0,21.0,1595.0,2863.0,17894.0,20757.0,10489.0,16290.0,26779.0,49131.0,79502477,0.0201,29.78,Maintenance,2025,11,November,Monday,0
2025-11-04,Rajasthan,58.0,17.0,1.0,76.0,1746.0,16500.0,18246.0,555.0,836.0,1391.0,19713.0,79502477,0.001,255.03,Maintenance,2025,11,November,Tuesday,0
2025-11-05,Rajasthan,4028.0,1463.0,10.0,5501.0,1316.0,8175.0,9491.0,6212.0,8817.0,15029.0,30021.0,79502477,0.0692,4.46,Growth,2025,11,November,Wednesday,0
2025-11-06,Rajasthan,2402.0,812.0,43.0,3257.0,2835.0,18738.0,21573.0,10403.0,13430.0,23833.0,48663.0,79502477,0.041,13.94,Maintenance,2025,11,November,Thursday,0
2025-11-07,Rajasthan,1682.0,800.0,29.0,2511.0,2121.0,16936.0,19057.0,7897.0,9726.0,17623.0,39191.0,79502477,0.0316,14.6,Maintenance,2025,11,November,Friday,0
2025-11-08,Rajasthan,2082.0,1079.0,8.0,3169.0,1848.0,14387.0,16235.0,6546.0,7143.0,13689.0,33093.0,79502477,0.0399,9.44,Maintenance,2025,11,November,Saturday,1
2025-11-09,Rajasthan,2144.0,960.0,4.0,3108.0,635.0,2946.0,3581.0,9648.0,10412.0,20060.0,26749.0,79502477,0.0391,7.6,Maintenance,2025,11,November,Sunday,1
2025-11-10,Rajasthan,2937.0,1472.0,41.0,4450.0,2226.0,16006.0,18232.0,15017.0,15843.0,30860.0,53542.0,79502477,0.056,11.03,Maintenance,2025,11,November,Monday,0
2025-11-11,Rajasthan,1419.0,797.0,13.0,2229.0,1929.0,12665.0,14594.0,14982.0,17649.0,32631.0,49454.0,79502477,0.028,21.18,Maintenance,2025,11,November,Tuesday,0
2025-11-12,Rajasthan,1357.0,917.0,501.0,2775.0,1332.0,11180.0,12512.0,9592.0,10765.0,20357.0,35644.0,79502477,0.0349,11.84,Maintenance,2025,11,November,Wednesday,0
2025-11-13,Rajasthan,1077.0,631.0,1464.0,3172.0,1662.0,12384.0,14046.0,12287.0,15949.0,28236.0,45454.0,79502477,0.0399,13.33,Maintenance,2025,11,November,Thursday,0
2025-11-14,Rajasthan,1714.0,882.0,133.0,2729.0,1700.0,13420.0,15120.0,4592.0,5485.0,10077.0,27926.0,79502477,0.0343,9.23,Maintenance,2025,11,November,Friday,0
2025-11-15,Rajasthan,4743.0,2407.0,88.0,7238.0,1904.0,16087.0,17991.0,5160.0,6794.0,11954.0,37183.0,79502477,0.091,4.14,Growth,2025,11,November,Saturday,1
2025-11-16,Rajasthan,2978.0,1670.0,41.0,4689.0,496.0,3230.0,3726.0,10907.0,12721.0,23628.0,32043.0,79502477,0.059,5.83,Maintenance,2025,11,November,Sunday,1
2025-11-17,Rajasthan,1223.0,738.0,37.0,1998.0,1103.0,9674.0,10777.0,10191.0,12358.0,22549.0,35324.0,79502477,0.0251,16.67,Maintenance,2025,11,November,Monday,0
2025-11-18,Rajasthan,2929.0,1489.0,53.0,4471.0,1377.0,11809.0,13186.0,10765.0,12921.0,23686.0,41343.0,79502477,0.0562,8.25,Maintenance,2025,11,November,Tuesday,0
2025-11-19,Rajasthan,6982.0,2850.0,81.0,9913.0,2352.0,19055.0,21407.0,4347.0,5451.0,9798.0,41118.0,79502477,0.1247,3.15,Growth,2025,11,November,Wednesday,0
2025-11-25,Rajasthan,3204.0,1075.0,36.0,4315.0,520.0,3751.0,4271.0,15496.0,15377.0,30873.0,39459.0,79502477,0.0543,8.14,Maintenance,2025,11,November,Tuesday,0
2025-11-26,Rajasthan,0.0,0.0,0.0,0.0,912.0,11400.0,12312.0,0.0,0.0,0.0,12312.0,79502477,0.0,12312.0,Maintenance,2025,11,November,Wednesday,0
2025-11-27,Rajasthan,0.0,0.0,0.0,0.0,2489.0,28669.0,31158.0,0.0,0.0,0.0,31158.0,79502477,0.0,31158.0,Maintenance,2025,11,November,Thursday,0
2025-11-28,Rajasthan,0.0,0.0,0.0,0.0,1847.0,17715.0,19562.0,0.0,0.0,0.0,19562.0,79502477,0.0,19562.0,Maintenance,2025,11,November,Friday,0
2025-11-29,Rajasthan,0.0,0.0,0.0,0.0,708.0,6613.0,7321.0,0.0,0.0,0.0,7321.0,79502477,0.0,7321.0,Maintenance,2025,11,November,Saturday,1
2025-12-01,Rajasthan,0.0,0.0,0.0,0.0,1235.0,10391.0,11626.0,20049.0,14233.0,34282.0,45908.0,79502477,0.0,45908.0,Maintenance,2025,12,December,Monday,0
2025-12-02,Rajasthan,0.0,0.0,0.0,0.0,2100.0,18724.0,20824.0,15581.0,13333.0,28914.0,49738.0,79502477,0.0,49738.0,Maintenance,2025,12,December,Tuesday,0
2025-12-03,Rajasthan,0.0,0.0,0.0,0.0,2552.0,20027.0,22579.0,10873.0,12352.0,23225.0,45804.0,79502477,0.0,45804.0,Maintenance,2025,12,December,Wednesday,0
2025-12-04,Rajasthan,0.0,0.0,0.0,0.0,2189.0,18235.0,20424.0,15032.0,15247.0,30279.0,50703.0,79502477,0.0,50703.0,Maintenance,2025,12,December,Thursday,0
2025-12-05,Rajasthan,0.0,0.0,0.0,0.0,1378.0,12624.0,14002.0,9840.0,10550.0,20390.0,34392.0,79502477,0.0,34392.0,Maintenance,2025,12,December,Friday,0
2025-12-06,Rajasthan,0.0,0.0,0.0,0.0,946.0,7447.0,8393.0,8327.0,8496.0,16823.0,25216.0,79502477,0.0,25216.0,Maintenance,2025,12,December,Saturday,1
2025-12-07,Rajasthan,0.0,0.0,0.0,0.0,830.0,4679.0,5509.0,5531.0,5923.0,11454.0,16963.0,79502477,0.0,16963.0,Maintenance,2025,12,December,Sunday,1
2025-12-08,Rajasthan,0.0,0.0,0.0,0.0,2948.0,21389.0,24337.0,10055.0,9688.0,19743.0,44080.0,79502477,0.0,44080.0,Maintenance,2025,12,December,Monday,0
2025-12-09,Rajasthan,0.0,0.0,0.0,0.0,1392.0,10756.0,12148.0,13102.0,12366.0,25468.0,37616.0,79502477,0.0,37616.0,Maintenance,2025,12,December,Tuesday,0
2025-12-10,Rajasthan,0.0,0.0,0.0,0.0,1156.0,9639.0,10795.0,11224.0,10302.0,21526.0,32321.0,79502477,0.0,32321.0,Maintenance,2025,12,December,Wednesday,0
2025-12-11,Rajasthan,0.0,0.0,0.0,0.0,2580.0,20266.0,22846.0,13661.0,12714.0,26375.0,49221.0,79502477,0.0,49221.0,Maintenance,2025,12,December,Thursday,0
2025-12-12,Rajasthan,0.0,0.0,0.0,0.0,3693.0,25315.0,29008.0,13857.0,12557.0,26414.0,55422.0,79502477,0.0,55422.0,Maintenance,2025,12,December,Friday,0
2025-12-13,Rajasthan,0.0,0.0,0.0,0.0,1057.0,6518.0,7575.0,17971.0,14171.0,32142.0,39717.0,79502477,0.0,39717.0,Maintenance,2025,12,December,Saturday,1
2025-12-14,Rajasthan,0.0,0.0,0.0,0.0,1209.0,5967.0,7176.0,2377.0,2475.0,4852.0,12028.0,79502477,0.0,12028.0,Maintenance,2025,12,December,Sunday,1
2025-12-15,Rajasthan,4894.0,3644.0,101.0,8639.0,1620.0,12916.0,14536.0,7422.0,5957.0,13379.0,36554.0,79502477,0.1087,3.23,Growth,2025,12,December,Monday,0
2025-12-16,Rajasthan,0.0,0.0,0.0,0.0,3506.0,24324.0,27830.0,18509.0,14019.0,32528.0,60358.0,79502477,0.0,60358.0,Maintenance,2025,12,December,Tuesday,0
2025-12-18,Rajasthan,0.0,0.0,0.0,0.0,216.0,1830.0,2046.0,906.0,759.0,1665.0,3711.0,79502477,0.0,3711.0,Maintenance,2025,12,December,Thursday,0
2025-12-19,Rajasthan,0.0,0.0,0.0,0.0,3024.0,22199.0,25223.0,17713.0,13810.0,31523.0,56746.0,79502477,0.0,56746.0,Maintenance,2025,12,December,Friday,0
2025-12-20,Rajasthan,0.0,0.0,0.0,0.0,2211.0,12603.0,14814.0,7236.0,6125.0,13361.0,28175.0,79502477,0.0,28175.0,Maintenance,2025,12,December,Saturday,1
2025-12-21,Rajasthan,1486.0,10.0,0.0,1496.0,1342.0,7449.0,8791.0,0.0,0.0,0.0,10287.0,79502477,0.0188,5.87,Maintenance,2025,12,December,Sunday,1
2025-12-22,Rajasthan,5388.0,37.0,0.0,5425.0,1316.0,12209.0,13525.0,3.0,0.0,3.0,18953.0,79502477,0.0682,2.49,Growth,2025,12,December,Monday,0
2025-12-23,Rajasthan,2277.0,18.0,0.0,2295.0,2957.0,19310.0,22267.0,19.0,6.0,25.0,24587.0,79502477,0.0289,9.71,Maintenance,2025,12,December,Tuesday,0
2025-12-24,Rajasthan,1557.0,918.0,62.0,2537.0,611.0,3485.0,4096.0,0.0,0.0,0.0,6633.0,79502477,0.0319,1.61,Growth,2025,12,December,Wednesday,0
2025-12-25,Rajasthan,1386.0,1822.0,36.0,3244.0,2164.0,13652.0,15816.0,14379.0,13588.0,27967.0,47027.0,79502477,0.0408,13.49,Maintenance,2025,12,December,Thursday,0
2025-12-26,Rajasthan,2516.0,898.0,18.0,3432.0,3715.0,22757.0,26472.0,18710.0,22088.0,40798.0,70702.0,79502477,0.0432,19.6,Maintenance,2025,12,December,Friday,0
2025-12-27,Rajasthan,2020.0,639.0,9.0,2668.0,2621.0,20333.0,22954.0,12223.0,11335.0,23558.0,49180.0,79502477,0.0336,17.43,Maintenance,2025,12,December,Saturday,1
2025-12-28,Rajasthan,3175.0,1181.0,18.0,4374.0,1789.0,10057.0,11846.0,6775.0,6971.0,13746.0,29966.0,79502477,0.055,5.85,Maintenance,2025,12,December,Sunday,1
2025-12-29,Rajasthan,2490.0,895.0,27.0,3412.0,1178.0,8982.0,10160.0,10346.0,8732.0,19078.0,32650.0,79502477,0.0429,8.57,Maintenance,2025,12,December,Monday,0
2025-12-31,Rajasthan,6094.0,7542.0,147.0,13783.0,0.0,0.0,0.0,0.0,0.0,0.0,13783.0,79502477,0.1734,0.0,Growth,2025,12,December,Wednesday,0
2025-03-01,Sikkim,0.0,0.0,0.0,0.0,372.0,5131.0,5503.0,2524.0,2030.0,4554.0,10057.0,682000,0.0,10057.0,Maintenance,2025,3,March,Saturday,1
2025-04-01,Sikkim,67.0,88.0,21.0,176.0,0.0,0.0,0.0,2428.0,2108.0,4536.0,4712.0,682000,0.2581,25.63,Maintenance,2025,4,April,Tuesday,0
2025-05-01,Sikkim,0.0,0.0,0.0,0.0,0.0,0.0,0.0,1544.0,1428.0,2972.0,2972.0,682000,0.0,2972.0,Maintenance,2025,5,May,Thursday,0
2025-06-01,Sikkim,0.0,0.0,0.0,0.0,0.0,0.0,0.0,823.0,1234.0,2057.0,2057.0,682000,0.0,2057.0,Maintenance,2025,6,June,Sunday,1
2025-07-01,Sikkim,148.0,255.0,28.0,431.0,0.0,0.0,0.0,1090.0,1360.0,2450.0,2881.0,682000,0.632,5.67,Maintenance,2025,7,July,Tuesday,0
2025-09-01,Sikkim,31.0,17.0,1.0,49.0,34.0,449.0,483.0,57.0,72.0,129.0,661.0,682000,0.0718,12.24,Maintenance,2025,9,September,Monday,0
2025-09-02,Sikkim,30.0,22.0,2.0,54.0,31.0,525.0,556.0,37.0,59.0,96.0,706.0,682000,0.0792,11.85,Maintenance,2025,9,September,Tuesday,0
2025-09-03,Sikkim,14.0,26.0,4.0,44.0,33.0,467.0,500.0,54.0,71.0,125.0,669.0,682000,0.0645,13.89,Maintenance,2025,9,September,Wednesday,0
2025-09-04,Sikkim,26.0,19.0,4.0,49.0,27.0,338.0,365.0,21.0,49.0,70.0,484.0,682000,0.0718,8.7,Maintenance,2025,9,September,Thursday,0
2025-09-05,Sikkim,8.0,13.0,3.0,24.0,27.0,452.0,479.0,45.0,37.0,82.0,585.0,682000,0.0352,22.44,Maintenance,2025,9,September,Friday,0
2025-09-06,Sikkim,4.0,1.0,0.0,5.0,3.0,79.0,82.0,13.0,8.0,21.0,108.0,682000,0.0073,17.17,Maintenance,2025,9,September,Saturday,1
2025-09-07,Sikkim,0.0,0.0,0.0,0.0,0.0,0.0,0.0,1.0,1.0,2.0,2.0,682000,0.0,2.0,Growth,2025,9,September,Sunday,1
2025-09-08,Sikkim,20.0,25.0,1.0,46.0,24.0,344.0,368.0,41.0,57.0,98.0,512.0,682000,0.0674,9.91,Maintenance,2025,9,September,Monday,0
2025-09-09,Sikkim,16.0,21.0,1.0,38.0,44.0,468.0,512.0,74.0,59.0,133.0,683.0,682000,0.0557,16.54,Maintenance,2025,9,September,Tuesday,0
2025-09-10,Sikkim,8.0,11.0,0.0,19.0,25.0,193.0,218.0,129.0,48.0,177.0,414.0,682000,0.0279,19.75,Maintenance,2025,9,September,Wednesday,0
2025-09-11,Sikkim,8.0,15.0,1.0,24.0,20.0,311.0,331.0,97.0,46.0,143.0,498.0,682000,0.0352,18.96,Maintenance,2025,9,September,Thursday,0
2025-09-12,Sikkim,21.0,15.0,1.0,37.0,20.0,255.0,275.0,133.0,73.0,206.0,518.0,682000,0.0543,12.66,Maintenance,2025,9,September,Friday,0
2025-09-13,Sikkim,28.0,14.0,2.0,44.0,29.0,226.0,255.0,67.0,36.0,103.0,402.0,682000,0.0645,7.96,Maintenance,2025,9,September,Saturday,1
2025-09-14,Sikkim,2.0,0.0,0.0,2.0,0.0,8.0,8.0,0.0,0.0,0.0,10.0,682000,0.0029,2.67,Growth,2025,9,September,Sunday,1
2025-09-15,Sikkim,9.0,15.0,0.0,24.0,24.0,157.0,181.0,41.0,62.0,103.0,308.0,682000,0.0352,11.36,Maintenance,2025,9,September,Monday,0
2025-09-16,Sikkim,16.0,20.0,0.0,36.0,17.0,152.0,169.0,32.0,31.0,63.0,268.0,682000,0.0528,6.27,Maintenance,2025,9,September,Tuesday,0
2025-09-17,Sikkim,6.0,10.0,0.0,16.0,7.0,127.0,134.0,21.0,26.0,47.0,197.0,682000,0.0235,10.65,Maintenance,2025,9,September,Wednesday,0
2025-09-18,Sikkim,18.0,18.0,0.0,36.0,23.0,301.0,324.0,33.0,50.0,83.0,443.0,682000,0.0528,11.0,Maintenance,2025,9,September,Thursday,0
2025-09-19,Sikkim,10.0,19.0,0.0,29.0,22.0,173.0,195.0,30.0,44.0,74.0,298.0,682000,0.0425,8.97,Maintenance,2025,9,September,Friday,0
2025-09-20,Sikkim,22.0,15.0,0.0,37.0,8.0,92.0,100.0,47.0,40.0,87.0,224.0,682000,0.0543,4.92,Growth,2025,9,September,Saturday,1
2025-09-22,Sikkim,12.0,19.0,0.0,31.0,0.0,0.0,0.0,0.0,0.0,0.0,31.0,682000,0.0455,0.0,Growth,2025,9,September,Monday,0
2025-09-23,Sikkim,11.0,14.0,0.0,25.0,0.0,0.0,0.0,0.0,0.0,0.0,25.0,682000,0.0367,0.0,Growth,2025,9,September,Tuesday,0
2025-09-24,Sikkim,15.0,12.0,0.0,27.0,0.0,0.0,0.0,0.0,0.0,0.0,27.0,682000,0.0396,0.0,Growth,2025,9,September,Wednesday,0
2025-09-25,Sikkim,8.0,13.0,0.0,21.0,0.0,0.0,0.0,0.0,0.0,0.0,21.0,682000,0.0308,0.0,Growth,2025,9,September,Thursday,0
2025-09-26,Sikkim,6.0,11.0,1.0,18.0,0.0,0.0,0.0,0.0,0.0,0.0,18.0,682000,0.0264,0.0,Growth,2025,9,September,Friday,0
2025-09-27,Sikkim,0.0,1.0,0.0,1.0,0.0,0.0,0.0,0.0,0.0,0.0,1.0,682000,0.0015,0.0,Growth,2025,9,September,Saturday,1
2025-09-29,Sikkim,0.0,1.0,0.0,1.0,0.0,0.0,0.0,0.0,0.0,0.0,1.0,682000,0.0015,0.0,Growth,2025,9,September,Monday,0
2025-10-13,Sikkim,17.0,22.0,0.0,39.0,20.0,159.0,179.0,0.0,0.0,0.0,218.0,682000,0.0572,4.47,Growth,2025,10,October,Monday,0
2025-10-15,Sikkim,20.0,11.0,1.0,32.0,22.0,263.0,285.0,73.0,21.0,94.0,411.0,682000,0.0469,11.48,Maintenance,2025,10,October,Wednesday,0
2025-10-16,Sikkim,12.0,10.0,0.0,22.0,27.0,238.0,265.0,81.0,29.0,110.0,397.0,682000,0.0323,16.3,Maintenance,2025,10,October,Thursday,0
2025-10-17,Sikkim,21.0,21.0,0.0,42.0,8.0,76.0,84.0,74.0,34.0,108.0,234.0,682000,0.0616,4.47,Growth,2025,10,October,Friday,0
2025-10-18,Sikkim,16.0,10.0,5.0,31.0,1.0,25.0,26.0,33.0,36.0,69.0,126.0,682000,0.0455,2.97,Growth,2025,10,October,Saturday,1
2025-10-19,Sikkim,15.0,7.0,0.0,22.0,13.0,76.0,89.0,87.0,43.0,130.0,241.0,682000,0.0323,9.52,Maintenance,2025,10,October,Sunday,1
2025-10-20,Sikkim,2.0,1.0,0.0,3.0,0.0,17.0,17.0,2.0,2.0,4.0,24.0,682000,0.0044,5.25,Maintenance,2025,10,October,Monday,0
2025-10-21,Sikkim,1.0,0.0,0.0,1.0,7.0,9.0,16.0,1.0,1.0,2.0,19.0,682000,0.0015,9.0,Maintenance,2025,10,October,Tuesday,0
2025-10-22,Sikkim,0.0,0.0,0.0,0.0,0.0,1.0,1.0,0.0,0.0,0.0,1.0,682000,0.0,1.0,Growth,2025,10,October,Wednesday,0
2025-10-23,Sikkim,0.0,0.0,0.0,0.0,0.0,13.0,13.0,1.0,0.0,1.0,14.0,682000,0.0,14.0,Maintenance,2025,10,October,Thursday,0
2025-10-24,Sikkim,3.0,5.0,6.0,14.0,11.0,65.0,76.0,31.0,15.0,46.0,136.0,682000,0.0205,8.13,Maintenance,2025,10,October,Friday,0
2025-10-25,Sikkim,10.0,12.0,0.0,22.0,7.0,54.0,61.0,79.0,41.0,120.0,203.0,682000,0.0323,7.87,Maintenance,2025,10,October,Saturday,1
2025-10-26,Sikkim,4.0,4.0,0.0,8.0,18.0,68.0,86.0,75.0,28.0,103.0,197.0,682000,0.0117,21.0,Maintenance,2025,10,October,Sunday,1
2025-10-27,Sikkim,2.0,0.0,2.0,4.0,4.0,36.0,40.0,19.0,10.0,29.0,73.0,682000,0.0059,13.8,Maintenance,2025,10,October,Monday,0
2025-10-28,Sikkim,6.0,2.0,0.0,8.0,12.0,123.0,135.0,17.0,16.0,33.0,176.0,682000,0.0117,18.67,Maintenance,2025,10,October,Tuesday,0
2025-10-29,Sikkim,0.0,2.0,0.0,2.0,26.0,139.0,165.0,19.0,21.0,40.0,207.0,682000,0.0029,68.33,Maintenance,2025,10,October,Wednesday,0
2025-10-30,Sikkim,31.0,24.0,0.0,55.0,7.0,84.0,91.0,82.0,73.0,155.0,301.0,682000,0.0806,4.39,Growth,2025,10,October,Thursday,0
2025-10-31,Sikkim,9.0,12.0,0.0,21.0,28.0,200.0,228.0,67.0,56.0,123.0,372.0,682000,0.0308,15.95,Maintenance,2025,10,October,Friday,0
2025-11-01,Sikkim,4.0,10.0,0.0,14.0,11.0,143.0,154.0,36.0,51.0,87.0,255.0,682000,0.0205,16.07,Maintenance,2025,11,November,Saturday,1
2025-11-02,Sikkim,13.0,12.0,0.0,25.0,2.0,55.0,57.0,21.0,27.0,48.0,130.0,682000,0.0367,4.04,Growth,2025,11,November,Sunday,1
2025-11-03,Sikkim,4.0,9.0,0.0,13.0,32.0,209.0,241.0,47.0,37.0,84.0,338.0,682000,0.0191,23.21,Maintenance,2025,11,November,Monday,0
2025-11-04,Sikkim,1.0,1.0,0.0,2.0,29.0,255.0,284.0,23.0,35.0,58.0,344.0,682000,0.0029,114.0,Maintenance,2025,11,November,Tuesday,0
2025-11-05,Sikkim,25.0,17.0,0.0,42.0,15.0,148.0,163.0,114.0,62.0,176.0,381.0,682000,0.0616,7.88,Maintenance,2025,11,November,Wednesday,0
2025-11-06,Sikkim,11.0,14.0,0.0,25.0,18.0,261.0,279.0,149.0,43.0,192.0,496.0,682000,0.0367,18.12,Maintenance,2025,11,November,Thursday,0
2025-11-07,Sikkim,12.0,8.0,0.0,20.0,20.0,188.0,208.0,169.0,64.0,233.0,461.0,682000,0.0293,21.0,Maintenance,2025,11,November,Friday,0
2025-11-08,Sikkim,13.0,7.0,0.0,20.0,8.0,65.0,73.0,40.0,30.0,70.0,163.0,682000,0.0293,6.81,Maintenance,2025,11,November,Saturday,1
2025-11-09,Sikkim,8.0,5.0,0.0,13.0,5.0,20.0,25.0,11.0,14.0,25.0,63.0,682000,0.0191,3.57,Growth,2025,11,November,Sunday,1
2025-11-10,Sikkim,13.0,5.0,1.0,19.0,30.0,321.0,351.0,47.0,46.0,93.0,463.0,682000,0.0279,22.2,Maintenance,2025,11,November,Monday,0
2025-11-11,Sikkim,8.0,7.0,0.0,15.0,8.0,64.0,72.0,47.0,31.0,78.0,165.0,682000,0.022,9.38,Maintenance,2025,11,November,Tuesday,0
2025-11-12,Sikkim,3.0,7.0,0.0,10.0,3.0,129.0,132.0,31.0,37.0,68.0,210.0,682000,0.0147,18.18,Maintenance,2025,11,November,Wednesday,0
2025-11-13,Sikkim,5.0,6.0,0.0,11.0,9.0,216.0,225.0,59.0,33.0,92.0,328.0,682000,0.0161,26.42,Maintenance,2025,11,November,Thursday,0
2025-11-14,Sikkim,12.0,1.0,3.0,16.0,12.0,184.0,196.0,57.0,56.0,113.0,325.0,682000,0.0235,18.18,Maintenance,2025,11,November,Friday,0
2025-11-15,Sikkim,32.0,19.0,0.0,51.0,26.0,185.0,211.0,36.0,36.0,72.0,334.0,682000,0.0748,5.44,Maintenance,2025,11,November,Saturday,1
2025-11-16,Sikkim,17.0,16.0,0.0,33.0,0.0,31.0,31.0,16.0,16.0,32.0,96.0,682000,0.0484,1.85,Growth,2025,11,November,Sunday,1
2025-11-17,Sikkim,3.0,1.0,1.0,5.0,3.0,81.0,84.0,15.0,16.0,31.0,120.0,682000,0.0073,19.17,Maintenance,2025,11,November,Monday,0
2025-11-18,Sikkim,15.0,6.0,0.0,21.0,2.0,108.0,110.0,29.0,35.0,64.0,195.0,682000,0.0308,7.91,Maintenance,2025,11,November,Tuesday,0
2025-11-19,Sikkim,36.0,15.0,0.0,51.0,4.0,169.0,173.0,40.0,29.0,69.0,293.0,682000,0.0748,4.65,Growth,2025,11,November,Wednesday,0
2025-11-25,Sikkim,15.0,2.0,0.0,17.0,2.0,17.0,19.0,76.0,51.0,127.0,163.0,682000,0.0249,8.11,Maintenance,2025,11,November,Tuesday,0
2025-11-26,Sikkim,0.0,0.0,0.0,0.0,6.0,63.0,69.0,0.0,0.0,0.0,69.0,682000,0.0,69.0,Maintenance,2025,11,November,Wednesday,0
2025-11-27,Sikkim,0.0,0.0,0.0,0.0,34.0,255.0,289.0,0.0,0.0,0.0,289.0,682000,0.0,289.0,Maintenance,2025,11,November,Thursday,0
2025-11-28,Sikkim,0.0,0.0,0.0,0.0,18.0,301.0,319.0,0.0,0.0,0.0,319.0,682000,0.0,319.0,Maintenance,2025,11,November,Friday,0
2025-11-29,Sikkim,0.0,0.0,0.0,0.0,10.0,82.0,92.0,0.0,0.0,0.0,92.0,682000,0.0,92.0,Maintenance,2025,11,November,Saturday,1
2025-12-01,Sikkim,0.0,0.0,0.0,0.0,14.0,268.0,282.0,38.0,49.0,87.0,369.0,682000,0.0,369.0,Maintenance,2025,12,December,Monday,0
2025-12-02,Sikkim,0.0,0.0,0.0,0.0,15.0,224.0,239.0,60.0,49.0,109.0,348.0,682000,0.0,348.0,Maintenance,2025,12,December,Tuesday,0
2025-12-03,Sikkim,0.0,0.0,0.0,0.0,24.0,249.0,273.0,34.0,49.0,83.0,356.0,682000,0.0,356.0,Maintenance,2025,12,December,Wednesday,0
2025-12-04,Sikkim,0.0,0.0,0.0,0.0,6.0,97.0,103.0,30.0,37.0,67.0,170.0,682000,0.0,170.0,Maintenance,2025,12,December,Thursday,0
2025-12-05,Sikkim,0.0,0.0,0.0,0.0,16.0,250.0,266.0,42.0,43.0,85.0,351.0,682000,0.0,351.0,Maintenance,2025,12,December,Friday,0
2025-12-06,Sikkim,0.0,0.0,0.0,0.0,0.0,35.0,35.0,40.0,34.0,74.0,109.0,682000,0.0,109.0,Maintenance,2025,12,December,Saturday,1
2025-12-07,Sikkim,0.0,0.0,0.0,0.0,5.0,37.0,42.0,6.0,3.0,9.0,51.0,682000,0.0,51.0,Maintenance,2025,12,December,Sunday,1
2025-12-08,Sikkim,0.0,0.0,0.0,0.0,22.0,322.0,344.0,49.0,34.0,83.0,427.0,682000,0.0,427.0,Maintenance,2025,12,December,Monday,0
2025-12-09,Sikkim,0.0,0.0,0.0,0.0,2.0,54.0,56.0,34.0,38.0,72.0,128.0,682000,0.0,128.0,Maintenance,2025,12,December,Tuesday,0
2025-12-10,Sikkim,0.0,0.0,0.0,0.0,10.0,130.0,140.0,56.0,39.0,95.0,235.0,682000,0.0,235.0,Maintenance,2025,12,December,Wednesday,0
2025-12-11,Sikkim,0.0,0.0,0.0,0.0,19.0,306.0,325.0,75.0,47.0,122.0,447.0,682000,0.0,447.0,Maintenance,2025,12,December,Thursday,0
2025-12-12,Sikkim,0.0,0.0,0.0,0.0,31.0,383.0,414.0,60.0,57.0,117.0,531.0,682000,0.0,531.0,Maintenance,2025,12,December,Friday,0
2025-12-13,Sikkim,0.0,0.0,0.0,0.0,15.0,85.0,100.0,56.0,38.0,94.0,194.0,682000,0.0,194.0,Maintenance,2025,12,December,Saturday,1
2025-12-14,Sikkim,0.0,0.0,0.0,0.0,3.0,37.0,40.0,13.0,7.0,20.0,60.0,682000,0.0,60.0,Maintenance,2025,12,December,Sunday,1
2025-12-15,Sikkim,28.0,14.0,0.0,42.0,5.0,59.0,64.0,14.0,16.0,30.0,136.0,682000,0.0616,2.19,Growth,2025,12,December,Monday,0
2025-12-16,Sikkim,0.0,0.0,0.0,0.0,15.0,234.0,249.0,69.0,50.0,119.0,368.0,682000,0.0,368.0,Maintenance,2025,12,December,Tuesday,0
2025-12-18,Sikkim,0.0,0.0,0.0,0.0,1.0,7.0,8.0,10.0,8.0,18.0,26.0,682000,0.0,26.0,Maintenance,2025,12,December,Thursday,0
2025-12-19,Sikkim,0.0,0.0,0.0,0.0,6.0,114.0,120.0,18.0,13.0,31.0,151.0,682000,0.0,151.0,Maintenance,2025,12,December,Friday,0
2025-12-20,Sikkim,0.0,0.0,0.0,0.0,10.0,27.0,37.0,2.0,4.0,6.0,43.0,682000,0.0,43.0,Maintenance,2025,12,December,Saturday,1
2025-12-21,Sikkim,1.0,0.0,0.0,1.0,0.0,17.0,17.0,0.0,0.0,0.0,18.0,682000,0.0015,8.5,Maintenance,2025,12,December,Sunday,1
2025-12-22,Sikkim,6.0,1.0,0.0,7.0,4.0,23.0,27.0,0.0,0.0,0.0,34.0,682000,0.0103,3.38,Growth,2025,12,December,Monday,0
2025-12-23,Sikkim,4.0,0.0,0.0,4.0,3.0,63.0,66.0,0.0,0.0,0.0,70.0,682000,0.0059,13.2,Maintenance,2025,12,December,Tuesday,0
2025-12-24,Sikkim,0.0,1.0,0.0,1.0,1.0,9.0,10.0,0.0,0.0,0.0,11.0,682000,0.0015,5.0,Growth,2025,12,December,Wednesday,0
2025-12-25,Sikkim,1.0,1.0,0.0,2.0,8.0,37.0,45.0,4.0,6.0,10.0,57.0,682000,0.0029,18.33,Maintenance,2025,12,December,Thursday,0
2025-12-26,Sikkim,11.0,0.0,0.0,11.0,6.0,90.0,96.0,6.0,23.0,29.0,136.0,682000,0.0161,10.42,Maintenance,2025,12,December,Friday,0
2025-12-27,Sikkim,0.0,1.0,0.0,1.0,2.0,56.0,58.0,4.0,9.0,13.0,72.0,682000,0.0015,35.5,Maintenance,2025,12,December,Saturday,1
2025-12-28,Sikkim,6.0,2.0,0.0,8.0,1.0,25.0,26.0,2.0,3.0,5.0,39.0,682000,0.0117,3.44,Growth,2025,12,December,Sunday,1
2025-12-29,Sikkim,9.0,0.0,15.0,24.0,3.0,103.0,106.0,24.0,28.0,52.0,182.0,682000,0.0352,6.32,Maintenance,2025,12,December,Monday,0
2025-12-31,Sikkim,5.0,6.0,2.0,13.0,0.0,0.0,0.0,0.0,0.0,0.0,13.0,682000,0.0191,0.0,Growth,2025,12,December,Wednesday,0
2025-03-01,Tamil Nadu,0.0,0.0,0.0,0.0,40573.0,473190.0,513763.0,343791.0,336884.0,680675.0,1194438.0,77841000,0.0,1194438.0,Maintenance,2025,3,March,Saturday,1
2025-03-20,Tamil Nadu,12.0,12.0,10.0,34.0,0.0,0.0,0.0,0.0,0.0,0.0,34.0,77841000,0.0004,0.0,Growth,2025,3,March,Thursday,0
2025-04-01,Tamil Nadu,358.0,95.0,46.0,499.0,4126.0,38564.0,42690.0,214780.0,276710.0,491490.0,534679.0,77841000,0.0064,1068.36,Maintenance,2025,4,April,Tuesday,0
2025-05-01,Tamil Nadu,322.0,64.0,34.0,420.0,3958.0,23511.0,27469.0,222396.0,269866.0,492262.0,520151.0,77841000,0.0054,1234.52,Maintenance,2025,5,May,Thursday,0
2025-06-01,Tamil Nadu,1355.0,393.0,183.0,1931.0,1420.0,9995.0,11415.0,193182.0,318575.0,511757.0,525103.0,77841000,0.0248,270.79,Maintenance,2025,6,June,Sunday,1
2025-07-01,Tamil Nadu,630.0,273.0,69.0,972.0,2973.0,19958.0,22931.0,166708.0,386070.0,552778.0,576681.0,77841000,0.0125,591.68,Maintenance,2025,7,July,Tuesday,0
2025-09-01,Tamil Nadu,3346.0,563.0,7.0,3916.0,2340.0,16959.0,19299.0,6519.0,12231.0,18750.0,41965.0,77841000,0.0503,9.71,Maintenance,2025,9,September,Monday,0
2025-09-02,Tamil Nadu,3216.0,539.0,11.0,3766.0,2707.0,18932.0,21639.0,6579.0,10668.0,17247.0,42652.0,77841000,0.0484,10.32,Maintenance,2025,9,September,Tuesday,0
2025-09-03,Tamil Nadu,3078.0,551.0,4.0,3633.0,2322.0,15021.0,17343.0,6044.0,9517.0,15561.0,36537.0,77841000,0.0467,9.05,Maintenance,2025,9,September,Wednesday,0
2025-09-04,Tamil Nadu,2303.0,445.0,2.0,2750.0,2782.0,14192.0,16974.0,3898.0,5804.0,9702.0,29426.0,77841000,0.0353,9.7,Maintenance,2025,9,September,Thursday,0
2025-09-05,Tamil Nadu,145.0,41.0,1.0,187.0,709.0,4075.0,4784.0,444.0,488.0,932.0,5903.0,77841000,0.0024,30.4,Maintenance,2025,9,September,Friday,0
2025-09-06,Tamil Nadu,2201.0,505.0,3.0,2709.0,3915.0,11409.0,15324.0,9342.0,7952.0,17294.0,35327.0,77841000,0.0348,12.04,Maintenance,2025,9,September,Saturday,1
2025-09-07,Tamil Nadu,223.0,55.0,2.0,280.0,354.0,1887.0,2241.0,555.0,520.0,1075.0,3596.0,77841000,0.0036,11.8,Maintenance,2025,9,September,Sunday,1
2025-09-08,Tamil Nadu,3281.0,623.0,7.0,3911.0,3503.0,19725.0,23228.0,8201.0,13614.0,21815.0,48954.0,77841000,0.0502,11.51,Maintenance,2025,9,September,Monday,0
2025-09-09,Tamil Nadu,3231.0,555.0,5.0,3791.0,3677.0,21058.0,24735.0,8670.0,12796.0,21466.0,49992.0,77841000,0.0487,12.18,Maintenance,2025,9,September,Tuesday,0
2025-09-10,Tamil Nadu,3244.0,551.0,1.0,3796.0,3185.0,17022.0,20207.0,8259.0,12379.0,20638.0,44641.0,77841000,0.0488,10.76,Maintenance,2025,9,September,Wednesday,0
2025-09-11,Tamil Nadu,2928.0,540.0,4.0,3472.0,3774.0,19590.0,23364.0,7549.0,12053.0,19602.0,46438.0,77841000,0.0446,12.37,Maintenance,2025,9,September,Thursday,0
2025-09-12,Tamil Nadu,3248.0,628.0,6.0,3882.0,4508.0,22088.0,26596.0,8135.0,12433.0,20568.0,51046.0,77841000,0.0499,12.15,Maintenance,2025,9,September,Friday,0
2025-09-13,Tamil Nadu,2726.0,567.0,3.0,3296.0,4713.0,14799.0,19512.0,9491.0,7956.0,17447.0,40255.0,77841000,0.0423,11.21,Maintenance,2025,9,September,Saturday,1
2025-09-14,Tamil Nadu,175.0,66.0,1.0,242.0,361.0,1756.0,2117.0,569.0,479.0,1048.0,3407.0,77841000,0.0031,13.02,Maintenance,2025,9,September,Sunday,1
2025-09-15,Tamil Nadu,2455.0,483.0,10.0,2948.0,2619.0,16357.0,18976.0,5927.0,13175.0,19102.0,41026.0,77841000,0.0379,12.91,Maintenance,2025,9,September,Monday,0
2025-09-16,Tamil Nadu,2899.0,543.0,3.0,3445.0,2847.0,16227.0,19074.0,7391.0,12916.0,20307.0,42826.0,77841000,0.0443,11.43,Maintenance,2025,9,September,Tuesday,0
2025-09-17,Tamil Nadu,2984.0,532.0,7.0,3523.0,3320.0,20709.0,24029.0,6712.0,13159.0,19871.0,47423.0,77841000,0.0453,12.46,Maintenance,2025,9,September,Wednesday,0
2025-09-18,Tamil Nadu,2972.0,541.0,1.0,3514.0,3157.0,17354.0,20511.0,7106.0,13325.0,20431.0,44456.0,77841000,0.0451,11.65,Maintenance,2025,9,September,Thursday,0
2025-09-19,Tamil Nadu,2884.0,481.0,20.0,3385.0,2552.0,15487.0,18039.0,7491.0,12778.0,20269.0,41693.0,77841000,0.0435,11.31,Maintenance,2025,9,September,Friday,0
2025-09-20,Tamil Nadu,2244.0,446.0,3.0,2693.0,6514.0,20378.0,26892.0,10524.0,9172.0,19696.0,49281.0,77841000,0.0346,17.29,Maintenance,2025,9,September,Saturday,1
2025-09-21,Tamil Nadu,75.0,33.0,0.0,108.0,0.0,0.0,0.0,0.0,0.0,0.0,108.0,77841000,0.0014,0.0,Growth,2025,9,September,Sunday,1
2025-09-22,Tamil Nadu,2612.0,399.0,1.0,3012.0,0.0,0.0,0.0,0.0,0.0,0.0,3012.0,77841000,0.0387,0.0,Growth,2025,9,September,Monday,0
2025-09-23,Tamil Nadu,2654.0,461.0,4.0,3119.0,0.0,0.0,0.0,0.0,0.0,0.0,3119.0,77841000,0.0401,0.0,Growth,2025,9,September,Tuesday,0
2025-09-24,Tamil Nadu,3025.0,379.0,1.0,3405.0,0.0,0.0,0.0,0.0,0.0,0.0,3405.0,77841000,0.0437,0.0,Growth,2025,9,September,Wednesday,0
2025-09-25,Tamil Nadu,2685.0,338.0,1.0,3024.0,0.0,0.0,0.0,0.0,0.0,0.0,3024.0,77841000,0.0388,0.0,Growth,2025,9,September,Thursday,0
2025-09-26,Tamil Nadu,2187.0,358.0,1.0,2546.0,0.0,0.0,0.0,0.0,0.0,0.0,2546.0,77841000,0.0327,0.0,Growth,2025,9,September,Friday,0
2025-09-27,Tamil Nadu,893.0,204.0,2.0,1099.0,0.0,0.0,0.0,0.0,0.0,0.0,1099.0,77841000,0.0141,0.0,Growth,2025,9,September,Saturday,1
2025-09-28,Tamil Nadu,37.0,19.0,0.0,56.0,0.0,0.0,0.0,0.0,0.0,0.0,56.0,77841000,0.0007,0.0,Growth,2025,9,September,Sunday,1
2025-09-29,Tamil Nadu,399.0,148.0,0.0,547.0,0.0,0.0,0.0,0.0,0.0,0.0,547.0,77841000,0.007,0.0,Growth,2025,9,September,Monday,0
2025-09-30,Tamil Nadu,82.0,71.0,0.0,153.0,0.0,0.0,0.0,0.0,0.0,0.0,153.0,77841000,0.002,0.0,Growth,2025,9,September,Tuesday,0
2025-10-13,Tamil Nadu,3873.0,839.0,9.0,4721.0,537.0,7554.0,8091.0,215.0,238.0,453.0,13265.0,77841000,0.0606,1.81,Growth,2025,10,October,Monday,0
2025-10-15,Tamil Nadu,1922.0,426.0,2.0,2350.0,4213.0,18528.0,22741.0,8445.0,10431.0,18876.0,43967.0,77841000,0.0302,17.7,Maintenance,2025,10,October,Wednesday,0
2025-10-16,Tamil Nadu,1251.0,321.0,25.0,1597.0,3669.0,18381.0,22050.0,7505.0,8819.0,16324.0,39971.0,77841000,0.0205,24.01,Maintenance,2025,10,October,Thursday,0
2025-10-17,Tamil Nadu,4079.0,822.0,1.0,4902.0,1684.0,8497.0,10181.0,13033.0,13454.0,26487.0,41570.0,77841000,0.063,7.48,Maintenance,2025,10,October,Friday,0
2025-10-18,Tamil Nadu,1854.0,390.0,3.0,2247.0,769.0,3407.0,4176.0,9060.0,8724.0,17784.0,24207.0,77841000,0.0289,9.77,Maintenance,2025,10,October,Saturday,1
2025-10-19,Tamil Nadu,1946.0,322.0,0.0,2268.0,2715.0,8715.0,11430.0,15778.0,13855.0,29633.0,43331.0,77841000,0.0291,18.1,Maintenance,2025,10,October,Sunday,1
2025-10-20,Tamil Nadu,690.0,107.0,1.0,798.0,2965.0,4960.0,7925.0,679.0,355.0,1034.0,9757.0,77841000,0.0103,11.21,Maintenance,2025,10,October,Monday,0
2025-10-21,Tamil Nadu,317.0,52.0,0.0,369.0,666.0,1730.0,2396.0,1026.0,745.0,1771.0,4536.0,77841000,0.0047,11.26,Maintenance,2025,10,October,Tuesday,0
2025-10-22,Tamil Nadu,8.0,0.0,0.0,8.0,140.0,313.0,453.0,37.0,42.0,79.0,540.0,77841000,0.0001,59.11,Maintenance,2025,10,October,Wednesday,0
2025-10-23,Tamil Nadu,11.0,0.0,6.0,17.0,484.0,1302.0,1786.0,48.0,20.0,68.0,1871.0,77841000,0.0002,103.0,Maintenance,2025,10,October,Thursday,0
2025-10-24,Tamil Nadu,1427.0,295.0,4.0,1726.0,3563.0,17239.0,20802.0,9935.0,7890.0,17825.0,40353.0,77841000,0.0222,22.37,Maintenance,2025,10,October,Friday,0
2025-10-25,Tamil Nadu,2689.0,560.0,8.0,3257.0,3357.0,19319.0,22676.0,28540.0,31394.0,59934.0,85867.0,77841000,0.0418,25.36,Maintenance,2025,10,October,Saturday,1
2025-10-26,Tamil Nadu,1262.0,322.0,6.0,1590.0,5270.0,23002.0,28272.0,15206.0,13770.0,28976.0,58838.0,77841000,0.0204,35.98,Maintenance,2025,10,October,Sunday,1
2025-10-27,Tamil Nadu,1807.0,400.0,5.0,2212.0,2177.0,8509.0,10686.0,15377.0,11485.0,26862.0,39760.0,77841000,0.0284,16.97,Maintenance,2025,10,October,Monday,0
2025-10-28,Tamil Nadu,1997.0,452.0,6.0,2455.0,3296.0,15126.0,18422.0,10570.0,7920.0,18490.0,39367.0,77841000,0.0315,15.03,Maintenance,2025,10,October,Tuesday,0
2025-10-29,Tamil Nadu,1031.0,251.0,6.0,1288.0,1125.0,8992.0,10117.0,19716.0,14229.0,33945.0,45350.0,77841000,0.0165,34.18,Maintenance,2025,10,October,Wednesday,0
2025-10-30,Tamil Nadu,5095.0,1273.0,3.0,6371.0,3795.0,12867.0,16662.0,24359.0,15923.0,40282.0,63315.0,77841000,0.0818,8.94,Maintenance,2025,10,October,Thursday,0
2025-10-31,Tamil Nadu,2743.0,656.0,1.0,3400.0,5846.0,24021.0,29867.0,21185.0,12443.0,33628.0,66895.0,77841000,0.0437,18.67,Maintenance,2025,10,October,Friday,0
2025-11-01,Tamil Nadu,1629.0,470.0,5.0,2104.0,4018.0,15844.0,19862.0,41199.0,22711.0,63910.0,85876.0,77841000,0.027,39.8,Maintenance,2025,11,November,Saturday,1
2025-11-02,Tamil Nadu,4895.0,1316.0,0.0,6211.0,3935.0,8715.0,12650.0,24023.0,11803.0,35826.0,54687.0,77841000,0.0798,7.8,Maintenance,2025,11,November,Sunday,1
2025-11-03,Tamil Nadu,3320.0,971.0,7.0,4298.0,5551.0,18862.0,24413.0,24427.0,13294.0,37721.0,66432.0,77841000,0.0552,14.45,Maintenance,2025,11,November,Monday,0
2025-11-04,Tamil Nadu,10.0,3.0,0.0,13.0,8831.0,27338.0,36169.0,28968.0,15148.0,44116.0,80298.0,77841000,0.0002,5734.64,Maintenance,2025,11,November,Tuesday,0
2025-11-05,Tamil Nadu,3091.0,824.0,3.0,3918.0,3811.0,12620.0,16431.0,22692.0,14604.0,37296.0,57645.0,77841000,0.0503,13.71,Maintenance,2025,11,November,Wednesday,0
2025-11-06,Tamil Nadu,1829.0,605.0,7.0,2441.0,5821.0,23651.0,29472.0,13224.0,9276.0,22500.0,54413.0,77841000,0.0314,21.28,Maintenance,2025,11,November,Thursday,0
2025-11-07,Tamil Nadu,2504.0,777.0,10.0,3291.0,3480.0,15966.0,19446.0,17778.0,12208.0,29986.0,52723.0,77841000,0.0423,15.02,Maintenance,2025,11,November,Friday,0
2025-11-08,Tamil Nadu,2008.0,453.0,1.0,2462.0,5763.0,21268.0,27031.0,22915.0,12667.0,35582.0,65075.0,77841000,0.0316,25.42,Maintenance,2025,11,November,Saturday,1
2025-11-09,Tamil Nadu,1938.0,344.0,0.0,2282.0,1654.0,4331.0,5985.0,3193.0,1614.0,4807.0,13074.0,77841000,0.0293,4.73,Growth,2025,11,November,Sunday,1
2025-11-10,Tamil Nadu,2580.0,592.0,3.0,3175.0,5672.0,23051.0,28723.0,25182.0,16450.0,41632.0,73530.0,77841000,0.0408,22.15,Maintenance,2025,11,November,Monday,0
2025-11-11,Tamil Nadu,1779.0,463.0,6.0,2248.0,3040.0,13572.0,16612.0,16737.0,13564.0,30301.0,49161.0,77841000,0.0289,20.86,Maintenance,2025,11,November,Tuesday,0
2025-11-12,Tamil Nadu,1849.0,467.0,0.0,2316.0,2441.0,14119.0,16560.0,19046.0,21039.0,40085.0,58961.0,77841000,0.0298,24.45,Maintenance,2025,11,November,Wednesday,0
2025-11-13,Tamil Nadu,1779.0,486.0,56.0,2321.0,3024.0,17644.0,20668.0,13947.0,15331.0,29278.0,52267.0,77841000,0.0298,21.51,Maintenance,2025,11,November,Thursday,0
2025-11-14,Tamil Nadu,1859.0,503.0,30.0,2392.0,3588.0,21103.0,24691.0,10175.0,10301.0,20476.0,47559.0,77841000,0.0307,18.87,Maintenance,2025,11,November,Friday,0
2025-11-15,Tamil Nadu,3547.0,675.0,37.0,4259.0,4154.0,19085.0,23239.0,16672.0,11686.0,28358.0,55856.0,77841000,0.0547,12.11,Maintenance,2025,11,November,Saturday,1
2025-11-16,Tamil Nadu,3061.0,654.0,0.0,3715.0,1788.0,5972.0,7760.0,5872.0,3266.0,9138.0,20613.0,77841000,0.0477,4.55,Growth,2025,11,November,Sunday,1
2025-11-17,Tamil Nadu,1872.0,423.0,2.0,2297.0,2570.0,12650.0,15220.0,8128.0,6436.0,14564.0,32081.0,77841000,0.0295,12.96,Maintenance,2025,11,November,Monday,0
2025-11-18,Tamil Nadu,3127.0,770.0,8.0,3905.0,2318.0,15320.0,17638.0,17688.0,19232.0,36920.0,58463.0,77841000,0.0502,13.97,Maintenance,2025,11,November,Tuesday,0
2025-11-19,Tamil Nadu,4338.0,1009.0,216.0,5563.0,2243.0,16557.0,18800.0,10305.0,10607.0,20912.0,45275.0,77841000,0.0715,7.14,Maintenance,2025,11,November,Wednesday,0
2025-11-25,Tamil Nadu,3222.0,719.0,20.0,3961.0,1437.0,6563.0,8000.0,16795.0,9798.0,26593.0,38554.0,77841000,0.0509,8.73,Maintenance,2025,11,November,Tuesday,0
2025-11-26,Tamil Nadu,0.0,0.0,0.0,0.0,2610.0,16774.0,19384.0,0.0,0.0,0.0,19384.0,77841000,0.0,19384.0,Maintenance,2025,11,November,Wednesday,0
2025-11-27,Tamil Nadu,0.0,0.0,0.0,0.0,4105.0,28698.0,32803.0,0.0,0.0,0.0,32803.0,77841000,0.0,32803.0,Maintenance,2025,11,November,Thursday,0
2025-11-28,Tamil Nadu,0.0,0.0,0.0,0.0,3858.0,23882.0,27740.0,0.0,0.0,0.0,27740.0,77841000,0.0,27740.0,Maintenance,2025,11,November,Friday,0
2025-11-29,Tamil Nadu,0.0,0.0,0.0,0.0,2484.0,9240.0,11724.0,0.0,0.0,0.0,11724.0,77841000,0.0,11724.0,Maintenance,2025,11,November,Saturday,1
2025-12-01,Tamil Nadu,0.0,0.0,0.0,0.0,2691.0,16233.0,18924.0,24409.0,10786.0,35195.0,54119.0,77841000,0.0,54119.0,Maintenance,2025,12,December,Monday,0
2025-12-02,Tamil Nadu,0.0,0.0,0.0,0.0,5664.0,27471.0,33135.0,28095.0,12506.0,40601.0,73736.0,77841000,0.0,73736.0,Maintenance,2025,12,December,Tuesday,0
2025-12-03,Tamil Nadu,0.0,0.0,0.0,0.0,3940.0,19999.0,23939.0,15121.0,9507.0,24628.0,48567.0,77841000,0.0,48567.0,Maintenance,2025,12,December,Wednesday,0
2025-12-04,Tamil Nadu,0.0,0.0,0.0,0.0,3364.0,20383.0,23747.0,19556.0,13004.0,32560.0,56307.0,77841000,0.0,56307.0,Maintenance,2025,12,December,Thursday,0
2025-12-05,Tamil Nadu,0.0,0.0,0.0,0.0,3355.0,19250.0,22605.0,16752.0,11123.0,27875.0,50480.0,77841000,0.0,50480.0,Maintenance,2025,12,December,Friday,0
2025-12-06,Tamil Nadu,0.0,0.0,0.0,0.0,873.0,3930.0,4803.0,24338.0,13758.0,38096.0,42899.0,77841000,0.0,42899.0,Maintenance,2025,12,December,Saturday,1
2025-12-07,Tamil Nadu,0.0,0.0,0.0,0.0,3569.0,12115.0,15684.0,5917.0,3271.0,9188.0,24872.0,77841000,0.0,24872.0,Maintenance,2025,12,December,Sunday,1
2025-12-08,Tamil Nadu,0.0,0.0,0.0,0.0,3062.0,22271.0,25333.0,17576.0,13781.0,31357.0,56690.0,77841000,0.0,56690.0,Maintenance,2025,12,December,Monday,0
2025-12-09,Tamil Nadu,0.0,0.0,0.0,0.0,1162.0,7648.0,8810.0,19123.0,14798.0,33921.0,42731.0,77841000,0.0,42731.0,Maintenance,2025,12,December,Tuesday,0
2025-12-10,Tamil Nadu,0.0,0.0,0.0,0.0,1512.0,10794.0,12306.0,17924.0,15208.0,33132.0,45438.0,77841000,0.0,45438.0,Maintenance,2025,12,December,Wednesday,0
2025-12-11,Tamil Nadu,0.0,0.0,0.0,0.0,3269.0,23212.0,26481.0,23583.0,16738.0,40321.0,66802.0,77841000,0.0,66802.0,Maintenance,2025,12,December,Thursday,0
2025-12-12,Tamil Nadu,0.0,0.0,0.0,0.0,3436.0,26337.0,29773.0,18711.0,14706.0,33417.0,63190.0,77841000,0.0,63190.0,Maintenance,2025,12,December,Friday,0
2025-12-13,Tamil Nadu,0.0,0.0,0.0,0.0,1430.0,8435.0,9865.0,18264.0,10186.0,28450.0,38315.0,77841000,0.0,38315.0,Maintenance,2025,12,December,Saturday,1
2025-12-14,Tamil Nadu,0.0,0.0,0.0,0.0,2684.0,11721.0,14405.0,3993.0,2263.0,6256.0,20661.0,77841000,0.0,20661.0,Maintenance,2025,12,December,Sunday,1
2025-12-15,Tamil Nadu,7264.0,1340.0,60.0,8664.0,1715.0,18180.0,19895.0,6839.0,8822.0,15661.0,44220.0,77841000,0.1113,4.1,Growth,2025,12,December,Monday,0
2025-12-16,Tamil Nadu,0.0,0.0,0.0,0.0,1971.0,19055.0,21026.0,15532.0,15269.0,30801.0,51827.0,77841000,0.0,51827.0,Maintenance,2025,12,December,Tuesday,0
2025-12-18,Tamil Nadu,0.0,0.0,0.0,0.0,110.0,1336.0,1446.0,4441.0,3375.0,7816.0,9262.0,77841000,0.0,9262.0,Maintenance,2025,12,December,Thursday,0
2025-12-19,Tamil Nadu,0.0,0.0,0.0,0.0,2045.0,18848.0,20893.0,19855.0,18063.0,37918.0,58811.0,77841000,0.0,58811.0,Maintenance,2025,12,December,Friday,0
2025-12-20,Tamil Nadu,0.0,0.0,0.0,0.0,1273.0,9781.0,11054.0,8123.0,5216.0,13339.0,24393.0,77841000,0.0,24393.0,Maintenance,2025,12,December,Saturday,1
2025-12-21,Tamil Nadu,1541.0,3.0,0.0,1544.0,1358.0,10620.0,11978.0,0.0,0.0,0.0,13522.0,77841000,0.0198,7.75,Maintenance,2025,12,December,Sunday,1
2025-12-22,Tamil Nadu,6109.0,12.0,1.0,6122.0,834.0,10695.0,11529.0,3.0,0.0,3.0,17654.0,77841000,0.0786,1.88,Growth,2025,12,December,Monday,0
2025-12-23,Tamil Nadu,3420.0,5.0,3.0,3428.0,2702.0,22805.0,25507.0,53.0,21.0,74.0,29009.0,77841000,0.044,7.46,Maintenance,2025,12,December,Tuesday,0
2025-12-24,Tamil Nadu,1539.0,270.0,145.0,1954.0,794.0,5546.0,6340.0,0.0,0.0,0.0,8294.0,77841000,0.0251,3.24,Growth,2025,12,December,Wednesday,0
2025-12-25,Tamil Nadu,1365.0,340.0,5.0,1710.0,2184.0,13551.0,15735.0,24695.0,16440.0,41135.0,58580.0,77841000,0.022,33.24,Maintenance,2025,12,December,Thursday,0
2025-12-26,Tamil Nadu,1116.0,234.0,11.0,1361.0,4085.0,21221.0,25306.0,17530.0,12654.0,30184.0,56851.0,77841000,0.0175,40.74,Maintenance,2025,12,December,Friday,0
2025-12-27,Tamil Nadu,1371.0,195.0,22.0,1588.0,3500.0,21500.0,25000.0,23019.0,12906.0,35925.0,62513.0,77841000,0.0204,38.34,Maintenance,2025,12,December,Saturday,1
2025-12-28,Tamil Nadu,1260.0,241.0,0.0,1501.0,3107.0,13368.0,16475.0,9194.0,5399.0,14593.0,32569.0,77841000,0.0193,20.68,Maintenance,2025,12,December,Sunday,1
2025-12-29,Tamil Nadu,2082.0,152.0,16.0,2250.0,2573.0,14755.0,17328.0,14663.0,6773.0,21436.0,41014.0,77841000,0.0289,17.22,Maintenance,2025,12,December,Monday,0
2025-12-31,Tamil Nadu,3898.0,1921.0,36.0,5855.0,0.0,0.0,0.0,0.0,0.0,0.0,5855.0,77841000,0.0752,0.0,Growth,2025,12,December,Wednesday,0
2025-12-27,Tamilnadu,0.0,0.0,0.0,0.0,0.0,0.0,0.0,1.0,0.0,1.0,1.0,24435828,0.0,1.0,Growth,2025,12,December,Saturday,1
2025-03-01,Telangana,0.0,0.0,0.0,0.0,53790.0,268665.0,322455.0,73930.0,95722.0,169652.0,492107.0,38705209,0.0,492107.0,Maintenance,2025,3,March,Saturday,1
2025-04-01,Telangana,487.0,82.0,65.0,634.0,3617.0,23417.0,27034.0,64734.0,77426.0,142160.0,169828.0,38705209,0.0164,266.45,Maintenance,2025,4,April,Tuesday,0
2025-05-01,Telangana,736.0,154.0,21.0,911.0,4641.0,22865.0,27506.0,95442.0,71619.0,167061.0,195478.0,38705209,0.0235,213.34,Maintenance,2025,5,May,Thursday,0
2025-06-01,Telangana,849.0,598.0,69.0,1516.0,8796.0,45745.0,54541.0,113794.0,91322.0,205116.0,261173.0,38705209,0.0392,171.16,Maintenance,2025,6,June,Sunday,1
2025-07-01,Telangana,6137.0,2168.0,276.0,8581.0,13880.0,87817.0,101697.0,100558.0,126061.0,226619.0,336897.0,38705209,0.2217,38.26,Maintenance,2025,7,July,Tuesday,0
2025-09-01,Telangana,1901.0,583.0,11.0,2495.0,1315.0,12646.0,13961.0,4210.0,6592.0,10802.0,27258.0,38705209,0.0645,9.92,Maintenance,2025,9,September,Monday,0
2025-09-02,Telangana,2016.0,510.0,7.0,2533.0,1659.0,16713.0,18372.0,4299.0,6411.0,10710.0,31615.0,38705209,0.0654,11.48,Maintenance,2025,9,September,Tuesday,0
2025-09-03,Telangana,2074.0,470.0,11.0,2555.0,880.0,8735.0,9615.0,3939.0,5456.0,9395.0,21565.0,38705209,0.066,7.44,Maintenance,2025,9,September,Wednesday,0
2025-09-04,Telangana,1848.0,518.0,6.0,2372.0,2021.0,18455.0,20476.0,2986.0,3594.0,6580.0,29428.0,38705209,0.0613,11.4,Maintenance,2025,9,September,Thursday,0
2025-09-05,Telangana,348.0,100.0,4.0,452.0,589.0,4889.0,5478.0,1237.0,1215.0,2452.0,8382.0,38705209,0.0117,17.51,Maintenance,2025,9,September,Friday,0
2025-09-06,Telangana,1419.0,304.0,9.0,1732.0,1327.0,9655.0,10982.0,4427.0,3920.0,8347.0,21061.0,38705209,0.0447,11.15,Maintenance,2025,9,September,Saturday,1
2025-09-07,Telangana,86.0,20.0,0.0,106.0,217.0,1886.0,2103.0,296.0,191.0,487.0,2696.0,38705209,0.0027,24.21,Maintenance,2025,9,September,Sunday,1
2025-09-08,Telangana,2369.0,489.0,3.0,2861.0,2067.0,19875.0,21942.0,4906.0,5202.0,10108.0,34911.0,38705209,0.0739,11.2,Maintenance,2025,9,September,Monday,0
2025-09-09,Telangana,2484.0,502.0,9.0,2995.0,2215.0,20628.0,22843.0,5204.0,5971.0,11175.0,37013.0,38705209,0.0774,11.35,Maintenance,2025,9,September,Tuesday,0
2025-09-10,Telangana,2304.0,492.0,5.0,2801.0,1461.0,14709.0,16170.0,6650.0,6888.0,13538.0,32509.0,38705209,0.0724,10.6,Maintenance,2025,9,September,Wednesday,0
2025-09-11,Telangana,1824.0,425.0,6.0,2255.0,942.0,9226.0,10168.0,5088.0,5355.0,10443.0,22866.0,38705209,0.0583,9.14,Maintenance,2025,9,September,Thursday,0
2025-09-12,Telangana,2079.0,490.0,11.0,2580.0,2456.0,23766.0,26222.0,5864.0,6001.0,11865.0,40667.0,38705209,0.0667,14.76,Maintenance,2025,9,September,Friday,0
2025-09-13,Telangana,1144.0,283.0,3.0,1430.0,1100.0,8183.0,9283.0,4711.0,2688.0,7399.0,18112.0,38705209,0.0369,11.66,Maintenance,2025,9,September,Saturday,1
2025-09-14,Telangana,70.0,23.0,0.0,93.0,225.0,1979.0,2204.0,251.0,133.0,384.0,2681.0,38705209,0.0024,27.53,Maintenance,2025,9,September,Sunday,1
2025-09-15,Telangana,1553.0,335.0,11.0,1899.0,1359.0,14355.0,15714.0,5876.0,6337.0,12213.0,29826.0,38705209,0.0491,14.7,Maintenance,2025,9,September,Monday,0
2025-09-16,Telangana,1766.0,340.0,9.0,2115.0,1664.0,16793.0,18457.0,5764.0,5650.0,11414.0,31986.0,38705209,0.0546,14.12,Maintenance,2025,9,September,Tuesday,0
2025-09-17,Telangana,1622.0,328.0,9.0,1959.0,1490.0,15023.0,16513.0,5625.0,5491.0,11116.0,29588.0,38705209,0.0506,14.1,Maintenance,2025,9,September,Wednesday,0
2025-09-18,Telangana,1173.0,231.0,4.0,1408.0,789.0,8594.0,9383.0,5467.0,5209.0,10676.0,21467.0,38705209,0.0364,14.24,Maintenance,2025,9,September,Thursday,0
2025-09-19,Telangana,1224.0,261.0,11.0,1496.0,1065.0,10994.0,12059.0,5549.0,5287.0,10836.0,24391.0,38705209,0.0387,15.29,Maintenance,2025,9,September,Friday,0
2025-09-20,Telangana,1267.0,226.0,3.0,1496.0,1904.0,16003.0,17907.0,5493.0,5273.0,10766.0,30169.0,38705209,0.0387,19.15,Maintenance,2025,9,September,Saturday,1
2025-09-21,Telangana,10.0,5.0,0.0,15.0,0.0,0.0,0.0,0.0,0.0,0.0,15.0,38705209,0.0004,0.0,Growth,2025,9,September,Sunday,1
2025-09-22,Telangana,863.0,231.0,2.0,1096.0,0.0,0.0,0.0,0.0,0.0,0.0,1096.0,38705209,0.0283,0.0,Growth,2025,9,September,Monday,0
2025-09-23,Telangana,903.0,264.0,6.0,1173.0,0.0,0.0,0.0,0.0,0.0,0.0,1173.0,38705209,0.0303,0.0,Growth,2025,9,September,Tuesday,0
2025-09-24,Telangana,1021.0,257.0,4.0,1282.0,0.0,0.0,0.0,0.0,0.0,0.0,1282.0,38705209,0.0331,0.0,Growth,2025,9,September,Wednesday,0
2025-09-25,Telangana,648.0,198.0,5.0,851.0,0.0,0.0,0.0,0.0,0.0,0.0,851.0,38705209,0.022,0.0,Growth,2025,9,September,Thursday,0
2025-09-26,Telangana,442.0,134.0,4.0,580.0,0.0,0.0,0.0,0.0,0.0,0.0,580.0,38705209,0.015,0.0,Growth,2025,9,September,Friday,0
2025-09-27,Telangana,180.0,56.0,0.0,236.0,0.0,0.0,0.0,0.0,0.0,0.0,236.0,38705209,0.0061,0.0,Growth,2025,9,September,Saturday,1
2025-09-28,Telangana,10.0,2.0,0.0,12.0,0.0,0.0,0.0,0.0,0.0,0.0,12.0,38705209,0.0003,0.0,Growth,2025,9,September,Sunday,1
2025-09-29,Telangana,102.0,34.0,0.0,136.0,0.0,0.0,0.0,0.0,0.0,0.0,136.0,38705209,0.0035,0.0,Growth,2025,9,September,Monday,0
2025-09-30,Telangana,48.0,20.0,0.0,68.0,0.0,0.0,0.0,0.0,0.0,0.0,68.0,38705209,0.0018,0.0,Growth,2025,9,September,Tuesday,0
2025-10-13,Telangana,1773.0,445.0,7.0,2225.0,337.0,3242.0,3579.0,141.0,57.0,198.0,6002.0,38705209,0.0575,1.7,Growth,2025,10,October,Monday,0
2025-10-15,Telangana,1204.0,283.0,17.0,1504.0,2395.0,12429.0,14824.0,4848.0,3168.0,8016.0,24344.0,38705209,0.0389,15.18,Maintenance,2025,10,October,Wednesday,0
2025-10-16,Telangana,896.0,236.0,12.0,1144.0,2377.0,11989.0,14366.0,5503.0,3607.0,9110.0,24620.0,38705209,0.0296,20.5,Maintenance,2025,10,October,Thursday,0
2025-10-17,Telangana,3530.0,776.0,5.0,4311.0,2758.0,13597.0,16355.0,9615.0,5479.0,15094.0,35760.0,38705209,0.1114,7.29,Maintenance,2025,10,October,Friday,0
2025-10-18,Telangana,1634.0,286.0,3.0,1923.0,1025.0,5036.0,6061.0,6946.0,3762.0,10708.0,18692.0,38705209,0.0497,8.72,Maintenance,2025,10,October,Saturday,1
2025-10-19,Telangana,2119.0,390.0,3.0,2512.0,2766.0,11542.0,14308.0,8539.0,4969.0,13508.0,30328.0,38705209,0.0649,11.07,Maintenance,2025,10,October,Sunday,1
2025-10-20,Telangana,283.0,72.0,3.0,358.0,1463.0,6360.0,7823.0,230.0,305.0,535.0,8716.0,38705209,0.0092,23.28,Maintenance,2025,10,October,Monday,0
2025-10-21,Telangana,130.0,19.0,3.0,152.0,128.0,797.0,925.0,757.0,456.0,1213.0,2290.0,38705209,0.0039,13.97,Maintenance,2025,10,October,Tuesday,0
2025-10-22,Telangana,6.0,0.0,0.0,6.0,61.0,219.0,280.0,20.0,18.0,38.0,324.0,38705209,0.0002,45.43,Maintenance,2025,10,October,Wednesday,0
2025-10-23,Telangana,5.0,1.0,5.0,11.0,206.0,789.0,995.0,78.0,21.0,99.0,1105.0,38705209,0.0003,91.17,Maintenance,2025,10,October,Thursday,0
2025-10-24,Telangana,1631.0,354.0,23.0,2008.0,3922.0,18483.0,22405.0,12302.0,6561.0,18863.0,43276.0,38705209,0.0519,20.54,Maintenance,2025,10,October,Friday,0
2025-10-25,Telangana,3152.0,695.0,8.0,3855.0,3841.0,18978.0,22819.0,19110.0,12084.0,31194.0,57868.0,38705209,0.0996,14.01,Maintenance,2025,10,October,Saturday,1
2025-10-26,Telangana,922.0,290.0,9.0,1221.0,4162.0,21660.0,25822.0,13032.0,9464.0,22496.0,49539.0,38705209,0.0315,39.54,Maintenance,2025,10,October,Sunday,1
2025-10-27,Telangana,1065.0,287.0,17.0,1369.0,1812.0,10157.0,11969.0,9333.0,6229.0,15562.0,28900.0,38705209,0.0354,20.1,Maintenance,2025,10,October,Monday,0
2025-10-28,Telangana,1031.0,226.0,2.0,1259.0,4328.0,23421.0,27749.0,5379.0,4855.0,10234.0,39242.0,38705209,0.0325,30.15,Maintenance,2025,10,October,Tuesday,0
2025-10-29,Telangana,990.0,212.0,11.0,1213.0,400.0,3543.0,3943.0,5044.0,3682.0,8726.0,13882.0,38705209,0.0313,10.44,Maintenance,2025,10,October,Wednesday,0
2025-10-30,Telangana,3123.0,729.0,3.0,3855.0,2891.0,14819.0,17710.0,11429.0,9021.0,20450.0,42015.0,38705209,0.0996,9.9,Maintenance,2025,10,October,Thursday,0
2025-10-31,Telangana,1462.0,345.0,5.0,1812.0,3586.0,18365.0,21951.0,8674.0,7047.0,15721.0,39484.0,38705209,0.0468,20.78,Maintenance,2025,10,October,Friday,0
2025-11-01,Telangana,761.0,169.0,3.0,933.0,3350.0,18257.0,21607.0,16858.0,11165.0,28023.0,50563.0,38705209,0.0241,53.14,Maintenance,2025,11,November,Saturday,1
2025-11-02,Telangana,2780.0,655.0,6.0,3441.0,3693.0,15213.0,18906.0,5436.0,3223.0,8659.0,31006.0,38705209,0.0889,8.01,Maintenance,2025,11,November,Sunday,1
2025-11-03,Telangana,863.0,196.0,25.0,1084.0,2737.0,11975.0,14712.0,7202.0,4791.0,11993.0,27789.0,38705209,0.028,24.61,Maintenance,2025,11,November,Monday,0
2025-11-04,Telangana,9.0,7.0,0.0,16.0,2733.0,8446.0,11179.0,13581.0,7789.0,21370.0,32565.0,38705209,0.0004,1914.65,Maintenance,2025,11,November,Tuesday,0
2025-11-05,Telangana,1012.0,307.0,8.0,1327.0,2533.0,9697.0,12230.0,3288.0,2115.0,5403.0,18960.0,38705209,0.0343,13.28,Maintenance,2025,11,November,Wednesday,0
2025-11-06,Telangana,825.0,202.0,31.0,1058.0,3686.0,16341.0,20027.0,5271.0,3098.0,8369.0,29454.0,38705209,0.0273,26.81,Maintenance,2025,11,November,Thursday,0
2025-11-07,Telangana,1253.0,267.0,23.0,1543.0,1738.0,7940.0,9678.0,6853.0,3887.0,10740.0,21961.0,38705209,0.0399,13.22,Maintenance,2025,11,November,Friday,0
2025-11-08,Telangana,947.0,204.0,2.0,1153.0,3823.0,15363.0,19186.0,8188.0,3740.0,11928.0,32267.0,38705209,0.0298,26.96,Maintenance,2025,11,November,Saturday,1
2025-11-09,Telangana,1180.0,203.0,3.0,1386.0,2004.0,7502.0,9506.0,803.0,696.0,1499.0,12391.0,38705209,0.0358,7.93,Maintenance,2025,11,November,Sunday,1
2025-11-10,Telangana,1732.0,357.0,11.0,2100.0,1933.0,8742.0,10675.0,6399.0,3170.0,9569.0,22344.0,38705209,0.0543,9.64,Maintenance,2025,11,November,Monday,0
2025-11-11,Telangana,876.0,180.0,11.0,1067.0,1691.0,6914.0,8605.0,8370.0,4305.0,12675.0,22347.0,38705209,0.0276,19.93,Maintenance,2025,11,November,Tuesday,0
2025-11-12,Telangana,1164.0,289.0,12.0,1465.0,2640.0,12934.0,15574.0,10583.0,6059.0,16642.0,33681.0,38705209,0.0379,21.98,Maintenance,2025,11,November,Wednesday,0
2025-11-13,Telangana,839.0,276.0,23.0,1138.0,2353.0,11885.0,14238.0,5408.0,3355.0,8763.0,24139.0,38705209,0.0294,20.19,Maintenance,2025,11,November,Thursday,0
2025-11-14,Telangana,1470.0,323.0,6.0,1799.0,2049.0,11186.0,13235.0,3897.0,2632.0,6529.0,21563.0,38705209,0.0465,10.98,Maintenance,2025,11,November,Friday,0
2025-11-15,Telangana,2189.0,445.0,24.0,2658.0,2314.0,12137.0,14451.0,6799.0,3322.0,10121.0,27230.0,38705209,0.0687,9.24,Maintenance,2025,11,November,Saturday,1
2025-11-16,Telangana,1152.0,218.0,5.0,1375.0,1314.0,5743.0,7057.0,1469.0,1070.0,2539.0,10971.0,38705209,0.0355,6.97,Maintenance,2025,11,November,Sunday,1
2025-11-17,Telangana,481.0,115.0,24.0,620.0,670.0,3718.0,4388.0,2820.0,1534.0,4354.0,9362.0,38705209,0.016,14.08,Maintenance,2025,11,November,Monday,0
2025-11-18,Telangana,1604.0,368.0,15.0,1987.0,929.0,5689.0,6618.0,7351.0,3746.0,11097.0,19702.0,38705209,0.0513,8.91,Maintenance,2025,11,November,Tuesday,0
2025-11-19,Telangana,1799.0,395.0,49.0,2243.0,1117.0,6854.0,7971.0,8443.0,4254.0,12697.0,22911.0,38705209,0.058,9.21,Maintenance,2025,11,November,Wednesday,0
2025-11-25,Telangana,1382.0,260.0,10.0,1652.0,986.0,5144.0,6130.0,10722.0,5133.0,15855.0,23637.0,38705209,0.0427,13.3,Maintenance,2025,11,November,Tuesday,0
2025-11-26,Telangana,0.0,0.0,0.0,0.0,1037.0,6270.0,7307.0,0.0,0.0,0.0,7307.0,38705209,0.0,7307.0,Maintenance,2025,11,November,Wednesday,0
2025-11-27,Telangana,0.0,0.0,0.0,0.0,2800.0,15651.0,18451.0,0.0,0.0,0.0,18451.0,38705209,0.0,18451.0,Maintenance,2025,11,November,Thursday,0
2025-11-28,Telangana,0.0,0.0,0.0,0.0,2326.0,13704.0,16030.0,0.0,0.0,0.0,16030.0,38705209,0.0,16030.0,Maintenance,2025,11,November,Friday,0
2025-11-29,Telangana,0.0,0.0,0.0,0.0,1686.0,9431.0,11117.0,0.0,0.0,0.0,11117.0,38705209,0.0,11117.0,Maintenance,2025,11,November,Saturday,1
2025-12-01,Telangana,0.0,0.0,0.0,0.0,1913.0,10949.0,12862.0,9715.0,3130.0,12845.0,25707.0,38705209,0.0,25707.0,Maintenance,2025,12,December,Monday,0
2025-12-02,Telangana,0.0,0.0,0.0,0.0,1295.0,7496.0,8791.0,10557.0,3240.0,13797.0,22588.0,38705209,0.0,22588.0,Maintenance,2025,12,December,Tuesday,0
2025-12-03,Telangana,0.0,0.0,0.0,0.0,1807.0,12057.0,13864.0,5603.0,2920.0,8523.0,22387.0,38705209,0.0,22387.0,Maintenance,2025,12,December,Wednesday,0
2025-12-04,Telangana,0.0,0.0,0.0,0.0,1271.0,8275.0,9546.0,9024.0,4562.0,13586.0,23132.0,38705209,0.0,23132.0,Maintenance,2025,12,December,Thursday,0
2025-12-05,Telangana,0.0,0.0,0.0,0.0,2294.0,13174.0,15468.0,5112.0,3164.0,8276.0,23744.0,38705209,0.0,23744.0,Maintenance,2025,12,December,Friday,0
2025-12-06,Telangana,0.0,0.0,0.0,0.0,821.0,4904.0,5725.0,8860.0,5105.0,13965.0,19690.0,38705209,0.0,19690.0,Maintenance,2025,12,December,Saturday,1
2025-12-07,Telangana,0.0,0.0,0.0,0.0,2304.0,12021.0,14325.0,1835.0,1421.0,3256.0,17581.0,38705209,0.0,17581.0,Maintenance,2025,12,December,Sunday,1
2025-12-08,Telangana,0.0,0.0,0.0,0.0,1743.0,10925.0,12668.0,4264.0,2630.0,6894.0,19562.0,38705209,0.0,19562.0,Maintenance,2025,12,December,Monday,0
2025-12-09,Telangana,0.0,0.0,0.0,0.0,623.0,4219.0,4842.0,8473.0,4792.0,13265.0,18107.0,38705209,0.0,18107.0,Maintenance,2025,12,December,Tuesday,0
2025-12-10,Telangana,0.0,0.0,0.0,0.0,530.0,3150.0,3680.0,8217.0,4622.0,12839.0,16519.0,38705209,0.0,16519.0,Maintenance,2025,12,December,Wednesday,0
2025-12-11,Telangana,0.0,0.0,0.0,0.0,1694.0,10395.0,12089.0,6420.0,3738.0,10158.0,22247.0,38705209,0.0,22247.0,Maintenance,2025,12,December,Thursday,0
2025-12-12,Telangana,0.0,0.0,0.0,0.0,2010.0,11820.0,13830.0,5364.0,3189.0,8553.0,22383.0,38705209,0.0,22383.0,Maintenance,2025,12,December,Friday,0
2025-12-13,Telangana,0.0,0.0,0.0,0.0,717.0,4129.0,4846.0,5074.0,2224.0,7298.0,12144.0,38705209,0.0,12144.0,Maintenance,2025,12,December,Saturday,1
2025-12-14,Telangana,0.0,0.0,0.0,0.0,1704.0,9484.0,11188.0,774.0,637.0,1411.0,12599.0,38705209,0.0,12599.0,Maintenance,2025,12,December,Sunday,1
2025-12-15,Telangana,2069.0,395.0,22.0,2486.0,1186.0,7582.0,8768.0,3829.0,2161.0,5990.0,17244.0,38705209,0.0642,5.93,Maintenance,2025,12,December,Monday,0
2025-12-16,Telangana,0.0,0.0,0.0,0.0,1397.0,8465.0,9862.0,8148.0,4243.0,12391.0,22253.0,38705209,0.0,22253.0,Maintenance,2025,12,December,Tuesday,0
2025-12-18,Telangana,0.0,0.0,0.0,0.0,37.0,431.0,468.0,2020.0,874.0,2894.0,3362.0,38705209,0.0,3362.0,Maintenance,2025,12,December,Thursday,0
2025-12-19,Telangana,0.0,0.0,0.0,0.0,1931.0,12219.0,14150.0,8466.0,4131.0,12597.0,26747.0,38705209,0.0,26747.0,Maintenance,2025,12,December,Friday,0
2025-12-20,Telangana,0.0,0.0,0.0,0.0,1076.0,6960.0,8036.0,4316.0,1871.0,6187.0,14223.0,38705209,0.0,14223.0,Maintenance,2025,12,December,Saturday,1
2025-12-21,Telangana,588.0,2.0,0.0,590.0,2170.0,13684.0,15854.0,0.0,0.0,0.0,16444.0,38705209,0.0152,26.83,Maintenance,2025,12,December,Sunday,1
2025-12-22,Telangana,3209.0,3.0,0.0,3212.0,1213.0,7350.0,8563.0,0.0,0.0,0.0,11775.0,38705209,0.083,2.67,Growth,2025,12,December,Monday,0
2025-12-23,Telangana,1521.0,3.0,0.0,1524.0,2088.0,13079.0,15167.0,8.0,1.0,9.0,16700.0,38705209,0.0394,9.95,Maintenance,2025,12,December,Tuesday,0
2025-12-24,Telangana,1142.0,196.0,52.0,1390.0,688.0,4178.0,4866.0,0.0,0.0,0.0,6256.0,38705209,0.0359,3.5,Growth,2025,12,December,Wednesday,0
2025-12-25,Telangana,524.0,315.0,10.0,849.0,1514.0,10135.0,11649.0,13273.0,6882.0,20155.0,32653.0,38705209,0.0219,37.42,Maintenance,2025,12,December,Thursday,0
2025-12-26,Telangana,609.0,134.0,5.0,748.0,1377.0,8163.0,9540.0,4295.0,3198.0,7493.0,17781.0,38705209,0.0193,22.74,Maintenance,2025,12,December,Friday,0
2025-12-27,Telangana,423.0,87.0,20.0,530.0,2271.0,13378.0,15649.0,9520.0,4165.0,13685.0,29864.0,38705209,0.0137,55.24,Maintenance,2025,12,December,Saturday,1
2025-12-28,Telangana,934.0,198.0,1.0,1133.0,1741.0,9462.0,11203.0,2847.0,1529.0,4376.0,16712.0,38705209,0.0293,13.74,Maintenance,2025,12,December,Sunday,1
2025-12-29,Telangana,860.0,117.0,13.0,990.0,775.0,5787.0,6562.0,3462.0,1845.0,5307.0,12859.0,38705209,0.0256,11.98,Maintenance,2025,12,December,Monday,0
2025-12-31,Telangana,1758.0,840.0,17.0,2615.0,0.0,0.0,0.0,0.0,0.0,0.0,2615.0,38705209,0.0676,0.0,Growth,2025,12,December,Wednesday,0
2025-03-01,Tripura,0.0,0.0,0.0,0.0,2652.0,37624.0,40276.0,33715.0,28124.0,61839.0,102115.0,4169794,0.0,102115.0,Maintenance,2025,3,March,Saturday,1
2025-04-01,Tripura,165.0,81.0,40.0,286.0,0.0,0.0,0.0,27603.0,20012.0,47615.0,47901.0,4169794,0.0686,165.91,Maintenance,2025,4,April,Tuesday,0
2025-05-01,Tripura,0.0,0.0,0.0,0.0,0.0,0.0,0.0,13829.0,16140.0,29969.0,29969.0,4169794,0.0,29969.0,Maintenance,2025,5,May,Thursday,0
2025-06-01,Tripura,60.0,87.0,20.0,167.0,0.0,0.0,0.0,15530.0,16963.0,32493.0,32660.0,4169794,0.04,193.41,Maintenance,2025,6,June,Sunday,1
2025-07-01,Tripura,359.0,264.0,42.0,665.0,0.0,0.0,0.0,12805.0,17862.0,30667.0,31332.0,4169794,0.1595,46.05,Maintenance,2025,7,July,Tuesday,0
2025-09-01,Tripura,161.0,87.0,2.0,250.0,146.0,1270.0,1416.0,444.0,823.0,1267.0,2933.0,4169794,0.06,10.69,Maintenance,2025,9,September,Monday,0
2025-09-02,Tripura,149.0,98.0,3.0,250.0,175.0,1453.0,1628.0,404.0,789.0,1193.0,3071.0,4169794,0.06,11.24,Maintenance,2025,9,September,Tuesday,0
2025-09-03,Tripura,133.0,83.0,1.0,217.0,89.0,805.0,894.0,419.0,721.0,1140.0,2251.0,4169794,0.052,9.33,Maintenance,2025,9,September,Wednesday,0
2025-09-04,Tripura,123.0,69.0,0.0,192.0,203.0,1783.0,1986.0,325.0,630.0,955.0,3133.0,4169794,0.046,15.24,Maintenance,2025,9,September,Thursday,0
2025-09-05,Tripura,14.0,5.0,0.0,19.0,27.0,400.0,427.0,32.0,107.0,139.0,585.0,4169794,0.0046,28.3,Maintenance,2025,9,September,Friday,0
2025-09-06,Tripura,86.0,43.0,1.0,130.0,132.0,1191.0,1323.0,329.0,600.0,929.0,2382.0,4169794,0.0312,17.19,Maintenance,2025,9,September,Saturday,1
2025-09-07,Tripura,8.0,4.0,1.0,13.0,8.0,114.0,122.0,25.0,80.0,105.0,240.0,4169794,0.0031,16.21,Maintenance,2025,9,September,Sunday,1
2025-09-08,Tripura,125.0,74.0,1.0,200.0,152.0,1817.0,1969.0,311.0,636.0,947.0,3116.0,4169794,0.048,14.51,Maintenance,2025,9,September,Monday,0
2025-09-09,Tripura,147.0,73.0,3.0,223.0,176.0,1777.0,1953.0,317.0,544.0,861.0,3037.0,4169794,0.0535,12.56,Maintenance,2025,9,September,Tuesday,0
2025-09-10,Tripura,110.0,44.0,6.0,160.0,102.0,1171.0,1273.0,410.0,804.0,1214.0,2647.0,4169794,0.0384,15.45,Maintenance,2025,9,September,Wednesday,0
2025-09-11,Tripura,106.0,75.0,2.0,183.0,63.0,656.0,719.0,360.0,636.0,996.0,1898.0,4169794,0.0439,9.32,Maintenance,2025,9,September,Thursday,0
2025-09-12,Tripura,118.0,55.0,0.0,173.0,181.0,1727.0,1908.0,416.0,638.0,1054.0,3135.0,4169794,0.0415,17.02,Maintenance,2025,9,September,Friday,0
2025-09-13,Tripura,23.0,4.0,0.0,27.0,16.0,280.0,296.0,30.0,85.0,115.0,438.0,4169794,0.0065,14.68,Maintenance,2025,9,September,Saturday,1
2025-09-14,Tripura,6.0,3.0,0.0,9.0,4.0,98.0,102.0,17.0,22.0,39.0,150.0,4169794,0.0022,14.1,Maintenance,2025,9,September,Sunday,1
2025-09-15,Tripura,106.0,45.0,0.0,151.0,116.0,1209.0,1325.0,364.0,735.0,1099.0,2575.0,4169794,0.0362,15.95,Maintenance,2025,9,September,Monday,0
2025-09-16,Tripura,101.0,40.0,1.0,142.0,118.0,1075.0,1193.0,486.0,574.0,1060.0,2395.0,4169794,0.0341,15.76,Maintenance,2025,9,September,Tuesday,0
2025-09-17,Tripura,14.0,7.0,0.0,21.0,12.0,163.0,175.0,54.0,99.0,153.0,349.0,4169794,0.005,14.91,Maintenance,2025,9,September,Wednesday,0
2025-09-18,Tripura,70.0,36.0,0.0,106.0,60.0,613.0,673.0,262.0,518.0,780.0,1559.0,4169794,0.0254,13.58,Maintenance,2025,9,September,Thursday,0
2025-09-19,Tripura,30.0,21.0,0.0,51.0,49.0,506.0,555.0,230.0,397.0,627.0,1233.0,4169794,0.0122,22.73,Maintenance,2025,9,September,Friday,0
2025-09-20,Tripura,61.0,22.0,0.0,83.0,62.0,828.0,890.0,296.0,455.0,751.0,1724.0,4169794,0.0199,19.54,Maintenance,2025,9,September,Saturday,1
2025-09-21,Tripura,8.0,2.0,0.0,10.0,0.0,0.0,0.0,0.0,0.0,0.0,10.0,4169794,0.0024,0.0,Growth,2025,9,September,Sunday,1
2025-09-22,Tripura,80.0,43.0,0.0,123.0,0.0,0.0,0.0,0.0,0.0,0.0,123.0,4169794,0.0295,0.0,Growth,2025,9,September,Monday,0
2025-09-23,Tripura,88.0,48.0,0.0,136.0,0.0,0.0,0.0,0.0,0.0,0.0,136.0,4169794,0.0326,0.0,Growth,2025,9,September,Tuesday,0
2025-09-24,Tripura,66.0,35.0,1.0,102.0,0.0,0.0,0.0,0.0,0.0,0.0,102.0,4169794,0.0245,0.0,Growth,2025,9,September,Wednesday,0
2025-09-25,Tripura,49.0,29.0,0.0,78.0,0.0,0.0,0.0,0.0,0.0,0.0,78.0,4169794,0.0187,0.0,Growth,2025,9,September,Thursday,0
2025-09-26,Tripura,40.0,24.0,0.0,64.0,0.0,0.0,0.0,0.0,0.0,0.0,64.0,4169794,0.0153,0.0,Growth,2025,9,September,Friday,0
2025-09-27,Tripura,2.0,1.0,0.0,3.0,0.0,0.0,0.0,0.0,0.0,0.0,3.0,4169794,0.0007,0.0,Growth,2025,9,September,Saturday,1
2025-09-28,Tripura,3.0,0.0,0.0,3.0,0.0,0.0,0.0,0.0,0.0,0.0,3.0,4169794,0.0007,0.0,Growth,2025,9,September,Sunday,1
2025-09-29,Tripura,0.0,1.0,0.0,1.0,0.0,0.0,0.0,0.0,0.0,0.0,1.0,4169794,0.0002,0.0,Growth,2025,9,September,Monday,0
2025-09-30,Tripura,0.0,1.0,0.0,1.0,0.0,0.0,0.0,0.0,0.0,0.0,1.0,4169794,0.0002,0.0,Growth,2025,9,September,Tuesday,0
2025-10-13,Tripura,43.0,16.0,1.0,60.0,49.0,879.0,928.0,2.0,7.0,9.0,997.0,4169794,0.0144,15.36,Maintenance,2025,10,October,Monday,0
2025-10-15,Tripura,64.0,31.0,3.0,98.0,92.0,1084.0,1176.0,327.0,424.0,751.0,2025.0,4169794,0.0235,19.46,Maintenance,2025,10,October,Wednesday,0
2025-10-16,Tripura,64.0,26.0,20.0,110.0,89.0,1101.0,1190.0,317.0,430.0,747.0,2047.0,4169794,0.0264,17.45,Maintenance,2025,10,October,Thursday,0
2025-10-17,Tripura,195.0,77.0,8.0,280.0,91.0,1012.0,1103.0,488.0,631.0,1119.0,2502.0,4169794,0.0671,7.91,Maintenance,2025,10,October,Friday,0
2025-10-18,Tripura,67.0,39.0,2.0,108.0,21.0,352.0,373.0,394.0,522.0,916.0,1397.0,4169794,0.0259,11.83,Maintenance,2025,10,October,Saturday,1
2025-10-19,Tripura,106.0,32.0,0.0,138.0,52.0,508.0,560.0,467.0,650.0,1117.0,1815.0,4169794,0.0331,12.06,Maintenance,2025,10,October,Sunday,1
2025-10-20,Tripura,27.0,9.0,0.0,36.0,12.0,201.0,213.0,5.0,17.0,22.0,271.0,4169794,0.0086,6.35,Maintenance,2025,10,October,Monday,0
2025-10-21,Tripura,3.0,3.0,1.0,7.0,6.0,56.0,62.0,9.0,24.0,33.0,102.0,4169794,0.0017,11.88,Maintenance,2025,10,October,Tuesday,0
2025-10-22,Tripura,1.0,0.0,0.0,1.0,5.0,18.0,23.0,0.0,5.0,5.0,29.0,4169794,0.0002,14.0,Maintenance,2025,10,October,Wednesday,0
2025-10-23,Tripura,1.0,0.0,5.0,6.0,6.0,51.0,57.0,9.0,4.0,13.0,76.0,4169794,0.0014,10.0,Maintenance,2025,10,October,Thursday,0
2025-10-24,Tripura,80.0,37.0,0.0,117.0,106.0,1268.0,1374.0,430.0,549.0,979.0,2470.0,4169794,0.0281,19.94,Maintenance,2025,10,October,Friday,0
2025-10-25,Tripura,75.0,51.0,0.0,126.0,93.0,1035.0,1128.0,972.0,1506.0,2478.0,3732.0,4169794,0.0302,28.39,Maintenance,2025,10,October,Saturday,1
2025-10-26,Tripura,26.0,18.0,0.0,44.0,122.0,1352.0,1474.0,590.0,919.0,1509.0,3027.0,4169794,0.0106,66.29,Maintenance,2025,10,October,Sunday,1
2025-10-27,Tripura,29.0,13.0,0.0,42.0,44.0,395.0,439.0,177.0,305.0,482.0,963.0,4169794,0.0101,21.42,Maintenance,2025,10,October,Monday,0
2025-10-28,Tripura,49.0,25.0,0.0,74.0,129.0,1173.0,1302.0,405.0,569.0,974.0,2350.0,4169794,0.0177,30.35,Maintenance,2025,10,October,Tuesday,0
2025-10-29,Tripura,20.0,10.0,0.0,30.0,78.0,650.0,728.0,400.0,489.0,889.0,1647.0,4169794,0.0072,52.16,Maintenance,2025,10,October,Wednesday,0
2025-10-30,Tripura,244.0,108.0,1.0,353.0,77.0,708.0,785.0,1311.0,1487.0,2798.0,3936.0,4169794,0.0847,10.12,Maintenance,2025,10,October,Thursday,0
2025-10-31,Tripura,146.0,91.0,9.0,246.0,208.0,1555.0,1763.0,897.0,1201.0,2098.0,4107.0,4169794,0.059,15.63,Maintenance,2025,10,October,Friday,0
2025-11-01,Tripura,25.0,20.0,2.0,47.0,149.0,1290.0,1439.0,1166.0,1233.0,2399.0,3885.0,4169794,0.0113,79.96,Maintenance,2025,11,November,Saturday,1
2025-11-02,Tripura,179.0,82.0,0.0,261.0,43.0,373.0,416.0,427.0,418.0,845.0,1522.0,4169794,0.0626,4.81,Growth,2025,11,November,Sunday,1
2025-11-03,Tripura,63.0,29.0,1.0,93.0,149.0,1273.0,1422.0,608.0,616.0,1224.0,2739.0,4169794,0.0223,28.15,Maintenance,2025,11,November,Monday,0
2025-11-04,Tripura,1.0,2.0,0.0,3.0,84.0,1174.0,1258.0,1074.0,1031.0,2105.0,3366.0,4169794,0.0007,840.75,Maintenance,2025,11,November,Tuesday,0
2025-11-05,Tripura,188.0,94.0,0.0,282.0,90.0,747.0,837.0,822.0,778.0,1600.0,2719.0,4169794,0.0676,8.61,Maintenance,2025,11,November,Wednesday,0
2025-11-06,Tripura,64.0,35.0,2.0,101.0,177.0,1354.0,1531.0,755.0,658.0,1413.0,3045.0,4169794,0.0242,28.86,Maintenance,2025,11,November,Thursday,0
2025-11-07,Tripura,76.0,38.0,2.0,116.0,89.0,832.0,921.0,674.0,614.0,1288.0,2325.0,4169794,0.0278,18.88,Maintenance,2025,11,November,Friday,0
2025-11-08,Tripura,70.0,32.0,0.0,102.0,84.0,779.0,863.0,370.0,342.0,712.0,1677.0,4169794,0.0245,15.29,Maintenance,2025,11,November,Saturday,1
2025-11-09,Tripura,62.0,21.0,0.0,83.0,34.0,232.0,266.0,154.0,100.0,254.0,603.0,4169794,0.0199,6.19,Maintenance,2025,11,November,Sunday,1
2025-11-10,Tripura,121.0,39.0,1.0,161.0,187.0,1475.0,1662.0,572.0,491.0,1063.0,2886.0,4169794,0.0386,16.82,Maintenance,2025,11,November,Monday,0
2025-11-11,Tripura,76.0,49.0,2.0,127.0,101.0,730.0,831.0,957.0,782.0,1739.0,2697.0,4169794,0.0305,20.08,Maintenance,2025,11,November,Tuesday,0
2025-11-12,Tripura,99.0,48.0,31.0,178.0,177.0,1654.0,1831.0,1109.0,939.0,2048.0,4057.0,4169794,0.0427,21.67,Maintenance,2025,11,November,Wednesday,0
2025-11-13,Tripura,53.0,31.0,3.0,87.0,95.0,841.0,936.0,617.0,533.0,1150.0,2173.0,4169794,0.0209,23.7,Maintenance,2025,11,November,Thursday,0
2025-11-14,Tripura,71.0,47.0,1.0,119.0,120.0,1126.0,1246.0,575.0,475.0,1050.0,2415.0,4169794,0.0285,19.13,Maintenance,2025,11,November,Friday,0
2025-11-15,Tripura,217.0,106.0,1.0,324.0,129.0,1202.0,1331.0,711.0,525.0,1236.0,2891.0,4169794,0.0777,7.9,Maintenance,2025,11,November,Saturday,1
2025-11-16,Tripura,120.0,65.0,1.0,186.0,16.0,231.0,247.0,381.0,307.0,688.0,1121.0,4169794,0.0446,5.0,Growth,2025,11,November,Sunday,1
2025-11-17,Tripura,51.0,22.0,1.0,74.0,92.0,947.0,1039.0,427.0,356.0,783.0,1896.0,4169794,0.0177,24.29,Maintenance,2025,11,November,Monday,0
2025-11-18,Tripura,133.0,66.0,8.0,207.0,64.0,717.0,781.0,1133.0,1008.0,2141.0,3129.0,4169794,0.0496,14.05,Maintenance,2025,11,November,Tuesday,0
2025-11-19,Tripura,156.0,92.0,6.0,254.0,98.0,860.0,958.0,778.0,710.0,1488.0,2700.0,4169794,0.0609,9.59,Maintenance,2025,11,November,Wednesday,0
2025-11-25,Tripura,116.0,62.0,1.0,179.0,24.0,282.0,306.0,2391.0,1450.0,3841.0,4326.0,4169794,0.0429,23.04,Maintenance,2025,11,November,Tuesday,0
2025-11-26,Tripura,0.0,0.0,0.0,0.0,60.0,728.0,788.0,0.0,0.0,0.0,788.0,4169794,0.0,788.0,Maintenance,2025,11,November,Wednesday,0
2025-11-27,Tripura,0.0,0.0,0.0,0.0,136.0,1303.0,1439.0,0.0,0.0,0.0,1439.0,4169794,0.0,1439.0,Maintenance,2025,11,November,Thursday,0
2025-11-28,Tripura,0.0,0.0,0.0,0.0,199.0,1859.0,2058.0,0.0,0.0,0.0,2058.0,4169794,0.0,2058.0,Maintenance,2025,11,November,Friday,0
2025-11-29,Tripura,0.0,0.0,0.0,0.0,42.0,534.0,576.0,0.0,0.0,0.0,576.0,4169794,0.0,576.0,Maintenance,2025,11,November,Saturday,1
2025-12-01,Tripura,0.0,0.0,0.0,0.0,116.0,1073.0,1189.0,1247.0,530.0,1777.0,2966.0,4169794,0.0,2966.0,Maintenance,2025,12,December,Monday,0
2025-12-02,Tripura,0.0,0.0,0.0,0.0,160.0,1466.0,1626.0,1346.0,562.0,1908.0,3534.0,4169794,0.0,3534.0,Maintenance,2025,12,December,Tuesday,0
2025-12-03,Tripura,0.0,0.0,0.0,0.0,134.0,1149.0,1283.0,1258.0,780.0,2038.0,3321.0,4169794,0.0,3321.0,Maintenance,2025,12,December,Wednesday,0
2025-12-04,Tripura,0.0,0.0,0.0,0.0,156.0,1346.0,1502.0,1173.0,737.0,1910.0,3412.0,4169794,0.0,3412.0,Maintenance,2025,12,December,Thursday,0
2025-12-05,Tripura,0.0,0.0,0.0,0.0,167.0,1514.0,1681.0,658.0,546.0,1204.0,2885.0,4169794,0.0,2885.0,Maintenance,2025,12,December,Friday,0
2025-12-06,Tripura,0.0,0.0,0.0,0.0,50.0,412.0,462.0,644.0,530.0,1174.0,1636.0,4169794,0.0,1636.0,Maintenance,2025,12,December,Saturday,1
2025-12-07,Tripura,0.0,0.0,0.0,0.0,67.0,431.0,498.0,306.0,225.0,531.0,1029.0,4169794,0.0,1029.0,Maintenance,2025,12,December,Sunday,1
2025-12-08,Tripura,0.0,0.0,0.0,0.0,279.0,2378.0,2657.0,548.0,476.0,1024.0,3681.0,4169794,0.0,3681.0,Maintenance,2025,12,December,Monday,0
2025-12-09,Tripura,0.0,0.0,0.0,0.0,72.0,812.0,884.0,924.0,740.0,1664.0,2548.0,4169794,0.0,2548.0,Maintenance,2025,12,December,Tuesday,0
2025-12-10,Tripura,0.0,0.0,0.0,0.0,65.0,694.0,759.0,1062.0,816.0,1878.0,2637.0,4169794,0.0,2637.0,Maintenance,2025,12,December,Wednesday,0
2025-12-11,Tripura,0.0,0.0,0.0,0.0,162.0,1655.0,1817.0,715.0,652.0,1367.0,3184.0,4169794,0.0,3184.0,Maintenance,2025,12,December,Thursday,0
2025-12-12,Tripura,0.0,0.0,0.0,0.0,227.0,2150.0,2377.0,911.0,797.0,1708.0,4085.0,4169794,0.0,4085.0,Maintenance,2025,12,December,Friday,0
2025-12-13,Tripura,0.0,0.0,0.0,0.0,24.0,230.0,254.0,238.0,212.0,450.0,704.0,4169794,0.0,704.0,Maintenance,2025,12,December,Saturday,1
2025-12-14,Tripura,0.0,0.0,0.0,0.0,44.0,471.0,515.0,130.0,116.0,246.0,761.0,4169794,0.0,761.0,Maintenance,2025,12,December,Sunday,1
2025-12-15,Tripura,229.0,109.0,0.0,338.0,230.0,2203.0,2433.0,558.0,570.0,1128.0,3899.0,4169794,0.0811,10.5,Maintenance,2025,12,December,Monday,0
2025-12-16,Tripura,0.0,0.0,0.0,0.0,193.0,1878.0,2071.0,875.0,867.0,1742.0,3813.0,4169794,0.0,3813.0,Maintenance,2025,12,December,Tuesday,0
2025-12-18,Tripura,0.0,0.0,0.0,0.0,25.0,178.0,203.0,131.0,129.0,260.0,463.0,4169794,0.0,463.0,Maintenance,2025,12,December,Thursday,0
2025-12-19,Tripura,0.0,0.0,0.0,0.0,189.0,1812.0,2001.0,866.0,863.0,1729.0,3730.0,4169794,0.0,3730.0,Maintenance,2025,12,December,Friday,0
2025-12-20,Tripura,0.0,0.0,0.0,0.0,119.0,1102.0,1221.0,215.0,230.0,445.0,1666.0,4169794,0.0,1666.0,Maintenance,2025,12,December,Saturday,1
2025-12-21,Tripura,84.0,0.0,0.0,84.0,42.0,487.0,529.0,0.0,0.0,0.0,613.0,4169794,0.0201,6.22,Maintenance,2025,12,December,Sunday,1
2025-12-22,Tripura,409.0,1.0,0.0,410.0,87.0,1166.0,1253.0,1.0,0.0,1.0,1664.0,4169794,0.0983,3.05,Growth,2025,12,December,Monday,0
2025-12-23,Tripura,175.0,1.0,0.0,176.0,330.0,2729.0,3059.0,0.0,1.0,1.0,3236.0,4169794,0.0422,17.29,Maintenance,2025,12,December,Tuesday,0
2025-12-24,Tripura,125.0,51.0,2.0,178.0,53.0,528.0,581.0,0.0,0.0,0.0,759.0,4169794,0.0427,3.25,Growth,2025,12,December,Wednesday,0
2025-12-25,Tripura,95.0,75.0,2.0,172.0,86.0,958.0,1044.0,742.0,722.0,1464.0,2680.0,4169794,0.0412,14.5,Maintenance,2025,12,December,Thursday,0
2025-12-26,Tripura,108.0,42.0,6.0,156.0,164.0,1682.0,1846.0,389.0,562.0,951.0,2953.0,4169794,0.0374,17.82,Maintenance,2025,12,December,Friday,0
2025-12-27,Tripura,39.0,31.0,0.0,70.0,97.0,1160.0,1257.0,205.0,304.0,509.0,1836.0,4169794,0.0168,24.87,Maintenance,2025,12,December,Saturday,1
2025-12-28,Tripura,113.0,47.0,0.0,160.0,33.0,473.0,506.0,76.0,91.0,167.0,833.0,4169794,0.0384,4.18,Growth,2025,12,December,Sunday,1
2025-12-29,Tripura,102.0,17.0,0.0,119.0,158.0,1584.0,1742.0,403.0,463.0,866.0,2727.0,4169794,0.0285,21.73,Maintenance,2025,12,December,Monday,0
2025-12-31,Tripura,105.0,210.0,8.0,323.0,0.0,0.0,0.0,0.0,0.0,0.0,323.0,4169794,0.0775,0.0,Growth,2025,12,December,Wednesday,0
2025-03-01,Uttar Pradesh,0.0,0.0,0.0,0.0,156908.0,2042817.0,2199725.0,746862.0,384642.0,1131504.0,3331229.0,231502578,0.0,3331229.0,Maintenance,2025,3,March,Saturday,1
2025-03-09,Uttar Pradesh,274.0,731.0,108.0,1113.0,0.0,0.0,0.0,0.0,0.0,0.0,1113.0,231502578,0.0048,0.0,Growth,2025,3,March,Sunday,1
2025-03-15,Uttar Pradesh,320.0,1067.0,217.0,1604.0,0.0,0.0,0.0,0.0,0.0,0.0,1604.0,231502578,0.0069,0.0,Growth,2025,3,March,Saturday,1
2025-03-20,Uttar Pradesh,466.0,933.0,153.0,1552.0,0.0,0.0,0.0,0.0,0.0,0.0,1552.0,231502578,0.0067,0.0,Growth,2025,3,March,Thursday,0
2025-03-23,Uttar Pradesh,40.0,140.0,24.0,204.0,0.0,0.0,0.0,0.0,0.0,0.0,204.0,231502578,0.0009,0.0,Growth,2025,3,March,Sunday,1
2025-03-27,Uttar Pradesh,293.0,455.0,172.0,920.0,0.0,0.0,0.0,0.0,0.0,0.0,920.0,231502578,0.004,0.0,Growth,2025,3,March,Thursday,0
2025-04-01,Uttar Pradesh,32513.0,23189.0,2201.0,57903.0,18441.0,162423.0,180864.0,859000.0,398448.0,1257448.0,1496215.0,231502578,0.2501,24.84,Maintenance,2025,4,April,Tuesday,0
2025-05-01,Uttar Pradesh,26928.0,21554.0,1379.0,49861.0,18003.0,165382.0,183385.0,703440.0,345438.0,1048878.0,1282124.0,231502578,0.2154,24.71,Maintenance,2025,5,May,Thursday,0
2025-06-01,Uttar Pradesh,21109.0,26080.0,1564.0,48753.0,10059.0,134845.0,144904.0,522937.0,333518.0,856455.0,1050112.0,231502578,0.2106,20.54,Maintenance,2025,6,June,Sunday,1
2025-07-01,Uttar Pradesh,73166.0,81078.0,3622.0,157866.0,31605.0,297462.0,329067.0,902096.0,523905.0,1426001.0,1912934.0,231502578,0.6819,11.12,Maintenance,2025,7,July,Tuesday,0
2025-09-01,Uttar Pradesh,5584.0,6742.0,110.0,12436.0,13740.0,65153.0,78893.0,26807.0,15260.0,42067.0,133396.0,231502578,0.0537,9.73,Maintenance,2025,9,September,Monday,0
2025-09-02,Uttar Pradesh,6659.0,7307.0,122.0,14088.0,12473.0,59262.0,71735.0,28112.0,15678.0,43790.0,129613.0,231502578,0.0609,8.2,Maintenance,2025,9,September,Tuesday,0
2025-09-03,Uttar Pradesh,6731.0,7563.0,144.0,14438.0,7900.0,39804.0,47704.0,28170.0,15864.0,44034.0,106176.0,231502578,0.0624,6.35,Maintenance,2025,9,September,Wednesday,0
2025-09-04,Uttar Pradesh,6018.0,6807.0,122.0,12947.0,14324.0,71443.0,85767.0,25618.0,15012.0,40630.0,139344.0,231502578,0.0559,9.76,Maintenance,2025,9,September,Thursday,0
2025-09-05,Uttar Pradesh,2445.0,1818.0,42.0,4305.0,8329.0,41804.0,50133.0,4652.0,4021.0,8673.0,63111.0,231502578,0.0186,13.66,Maintenance,2025,9,September,Friday,0
2025-09-06,Uttar Pradesh,5668.0,5486.0,107.0,11261.0,13341.0,62315.0,75656.0,27982.0,16372.0,44354.0,131271.0,231502578,0.0486,10.66,Maintenance,2025,9,September,Saturday,1
2025-09-07,Uttar Pradesh,2612.0,1622.0,26.0,4260.0,4403.0,22134.0,26537.0,4122.0,2915.0,7037.0,37834.0,231502578,0.0184,7.88,Maintenance,2025,9,September,Sunday,1
2025-09-08,Uttar Pradesh,6945.0,6967.0,139.0,14051.0,18593.0,94527.0,113120.0,28379.0,16605.0,44984.0,172155.0,231502578,0.0607,11.25,Maintenance,2025,9,September,Monday,0
2025-09-09,Uttar Pradesh,7809.0,8189.0,133.0,16131.0,15649.0,77923.0,93572.0,28887.0,17083.0,45970.0,155673.0,231502578,0.0697,8.65,Maintenance,2025,9,September,Tuesday,0
2025-09-10,Uttar Pradesh,6972.0,7548.0,140.0,14660.0,14195.0,70232.0,84427.0,32655.0,18056.0,50711.0,149798.0,231502578,0.0633,9.22,Maintenance,2025,9,September,Wednesday,0
2025-09-11,Uttar Pradesh,5531.0,6778.0,111.0,12420.0,9870.0,50121.0,59991.0,41583.0,16974.0,58557.0,130968.0,231502578,0.0536,9.54,Maintenance,2025,9,September,Thursday,0
2025-09-12,Uttar Pradesh,6748.0,7147.0,115.0,14010.0,16843.0,82013.0,98856.0,51714.0,17349.0,69063.0,181929.0,231502578,0.0605,11.98,Maintenance,2025,9,September,Friday,0
2025-09-13,Uttar Pradesh,5640.0,5060.0,78.0,10778.0,8335.0,47866.0,56201.0,37470.0,11946.0,49416.0,116395.0,231502578,0.0466,9.8,Maintenance,2025,9,September,Saturday,1
2025-09-14,Uttar Pradesh,3016.0,1677.0,23.0,4716.0,4083.0,23377.0,27460.0,8484.0,3361.0,11845.0,44021.0,231502578,0.0204,8.33,Maintenance,2025,9,September,Sunday,1
2025-09-15,Uttar Pradesh,4349.0,4086.0,63.0,8498.0,9594.0,55641.0,65235.0,59466.0,16554.0,76020.0,149753.0,231502578,0.0367,16.62,Maintenance,2025,9,September,Monday,0
2025-09-16,Uttar Pradesh,5467.0,5112.0,107.0,10686.0,9596.0,58012.0,67608.0,64949.0,17109.0,82058.0,160352.0,231502578,0.0462,14.0,Maintenance,2025,9,September,Tuesday,0
2025-09-17,Uttar Pradesh,5771.0,4909.0,89.0,10769.0,11021.0,68070.0,79091.0,53833.0,16254.0,70087.0,159947.0,231502578,0.0465,13.85,Maintenance,2025,9,September,Wednesday,0
2025-09-18,Uttar Pradesh,4988.0,4537.0,90.0,9615.0,10678.0,70112.0,80790.0,64537.0,17169.0,81706.0,172111.0,231502578,0.0415,16.9,Maintenance,2025,9,September,Thursday,0
2025-09-19,Uttar Pradesh,4627.0,4342.0,65.0,9034.0,9139.0,57709.0,66848.0,62608.0,16792.0,79400.0,155282.0,231502578,0.039,16.19,Maintenance,2025,9,September,Friday,0
2025-09-20,Uttar Pradesh,3808.0,4332.0,65.0,8205.0,9055.0,61546.0,70601.0,59348.0,16777.0,76125.0,154931.0,231502578,0.0354,17.88,Maintenance,2025,9,September,Saturday,1
2025-09-21,Uttar Pradesh,375.0,546.0,10.0,931.0,0.0,0.0,0.0,0.0,0.0,0.0,931.0,231502578,0.004,0.0,Growth,2025,9,September,Sunday,1
2025-09-22,Uttar Pradesh,2329.0,4002.0,67.0,6398.0,0.0,0.0,0.0,0.0,0.0,0.0,6398.0,231502578,0.0276,0.0,Growth,2025,9,September,Monday,0
2025-09-23,Uttar Pradesh,2997.0,4493.0,67.0,7557.0,0.0,0.0,0.0,0.0,0.0,0.0,7557.0,231502578,0.0326,0.0,Growth,2025,9,September,Tuesday,0
2025-09-24,Uttar Pradesh,3935.0,4452.0,67.0,8454.0,0.0,0.0,0.0,0.0,0.0,0.0,8454.0,231502578,0.0365,0.0,Growth,2025,9,September,Wednesday,0
2025-09-25,Uttar Pradesh,4107.0,4572.0,67.0,8746.0,0.0,0.0,0.0,0.0,0.0,0.0,8746.0,231502578,0.0378,0.0,Growth,2025,9,September,Thursday,0
2025-09-26,Uttar Pradesh,2979.0,3191.0,52.0,6222.0,0.0,0.0,0.0,0.0,0.0,0.0,6222.0,231502578,0.0269,0.0,Growth,2025,9,September,Friday,0
2025-09-27,Uttar Pradesh,1165.0,1485.0,33.0,2683.0,0.0,0.0,0.0,0.0,0.0,0.0,2683.0,231502578,0.0116,0.0,Growth,2025,9,September,Saturday,1
2025-09-28,Uttar Pradesh,365.0,375.0,15.0,755.0,0.0,0.0,0.0,0.0,0.0,0.0,755.0,231502578,0.0033,0.0,Growth,2025,9,September,Sunday,1
2025-09-29,Uttar Pradesh,452.0,992.0,46.0,1490.0,0.0,0.0,0.0,0.0,0.0,0.0,1490.0,231502578,0.0064,0.0,Growth,2025,9,September,Monday,0
2025-09-30,Uttar Pradesh,58.0,457.0,20.0,535.0,0.0,0.0,0.0,0.0,0.0,0.0,535.0,231502578,0.0023,0.0,Growth,2025,9,September,Tuesday,0
2025-10-13,Uttar Pradesh,5678.0,4929.0,111.0,10718.0,2632.0,32028.0,34660.0,87.0,52.0,139.0,45517.0,231502578,0.0463,3.25,Growth,2025,10,October,Monday,0
2025-10-15,Uttar Pradesh,3669.0,3622.0,123.0,7414.0,8554.0,64350.0,72904.0,32762.0,16905.0,49667.0,129985.0,231502578,0.032,16.53,Maintenance,2025,10,October,Wednesday,0
2025-10-16,Uttar Pradesh,3198.0,3380.0,218.0,6796.0,8042.0,59080.0,67122.0,29849.0,15194.0,45043.0,118961.0,231502578,0.0294,16.5,Maintenance,2025,10,October,Thursday,0
2025-10-17,Uttar Pradesh,11184.0,10720.0,113.0,22017.0,5216.0,49144.0,54360.0,27016.0,13440.0,40456.0,116833.0,231502578,0.0951,4.31,Growth,2025,10,October,Friday,0
2025-10-18,Uttar Pradesh,4999.0,4538.0,137.0,9674.0,2301.0,18684.0,20985.0,36993.0,17788.0,54781.0,85440.0,231502578,0.0418,7.83,Maintenance,2025,10,October,Saturday,1
2025-10-19,Uttar Pradesh,6950.0,4919.0,131.0,12000.0,4831.0,33023.0,37854.0,28746.0,15426.0,44172.0,94026.0,231502578,0.0518,6.83,Maintenance,2025,10,October,Sunday,1
2025-10-20,Uttar Pradesh,1128.0,1112.0,34.0,2274.0,1676.0,12359.0,14035.0,737.0,895.0,1632.0,17941.0,231502578,0.0098,6.89,Maintenance,2025,10,October,Monday,0
2025-10-21,Uttar Pradesh,397.0,501.0,35.0,933.0,1001.0,5215.0,6216.0,1208.0,1159.0,2367.0,9516.0,231502578,0.004,9.19,Maintenance,2025,10,October,Tuesday,0
2025-10-22,Uttar Pradesh,12.0,11.0,0.0,23.0,233.0,994.0,1227.0,134.0,83.0,217.0,1467.0,231502578,0.0001,60.17,Maintenance,2025,10,October,Wednesday,0
2025-10-23,Uttar Pradesh,19.0,10.0,2.0,31.0,562.0,2997.0,3559.0,1368.0,706.0,2074.0,5664.0,231502578,0.0001,176.03,Maintenance,2025,10,October,Thursday,0
2025-10-24,Uttar Pradesh,2627.0,2476.0,166.0,5269.0,6127.0,52178.0,58305.0,28585.0,16084.0,44669.0,108243.0,231502578,0.0228,19.54,Maintenance,2025,10,October,Friday,0
2025-10-25,Uttar Pradesh,4226.0,3653.0,93.0,7972.0,5794.0,57333.0,63127.0,17195.0,10743.0,27938.0,99037.0,231502578,0.0344,11.42,Maintenance,2025,10,October,Saturday,1
2025-10-26,Uttar Pradesh,2197.0,3014.0,150.0,5361.0,7125.0,77383.0,84508.0,44264.0,26568.0,70832.0,160701.0,231502578,0.0232,28.97,Maintenance,2025,10,October,Sunday,1
2025-10-27,Uttar Pradesh,2048.0,2209.0,182.0,4439.0,2183.0,21271.0,23454.0,23722.0,14480.0,38202.0,66095.0,231502578,0.0192,13.89,Maintenance,2025,10,October,Monday,0
2025-10-28,Uttar Pradesh,3073.0,2819.0,91.0,5983.0,2741.0,28401.0,31142.0,21450.0,13449.0,34899.0,72024.0,231502578,0.0258,11.04,Maintenance,2025,10,October,Tuesday,0
2025-10-29,Uttar Pradesh,2811.0,2348.0,215.0,5374.0,3777.0,41852.0,45629.0,25258.0,14627.0,39885.0,90888.0,231502578,0.0232,15.91,Maintenance,2025,10,October,Wednesday,0
2025-10-30,Uttar Pradesh,9361.0,7967.0,187.0,17515.0,4266.0,44038.0,48304.0,27497.0,17619.0,45116.0,110935.0,231502578,0.0757,5.33,Maintenance,2025,10,October,Thursday,0
2025-10-31,Uttar Pradesh,7061.0,7043.0,255.0,14359.0,5237.0,59131.0,64368.0,21600.0,13191.0,34791.0,113518.0,231502578,0.062,6.91,Maintenance,2025,10,October,Friday,0
2025-11-01,Uttar Pradesh,1388.0,1563.0,139.0,3090.0,7388.0,84570.0,91958.0,38889.0,24601.0,63490.0,158538.0,231502578,0.0133,50.29,Maintenance,2025,11,November,Saturday,1
2025-11-02,Uttar Pradesh,8793.0,7509.0,47.0,16349.0,3764.0,28228.0,31992.0,46111.0,24739.0,70850.0,119191.0,231502578,0.0706,6.29,Maintenance,2025,11,November,Sunday,1
2025-11-03,Uttar Pradesh,2230.0,2294.0,109.0,4633.0,5825.0,50677.0,56502.0,48354.0,28336.0,76690.0,137825.0,231502578,0.02,28.74,Maintenance,2025,11,November,Monday,0
2025-11-04,Uttar Pradesh,127.0,71.0,4.0,202.0,4932.0,60188.0,65120.0,4363.0,4759.0,9122.0,74444.0,231502578,0.0009,365.72,Maintenance,2025,11,November,Tuesday,0
2025-11-05,Uttar Pradesh,7676.0,5610.0,103.0,13389.0,4103.0,33213.0,37316.0,25580.0,15205.0,40785.0,91490.0,231502578,0.0578,5.83,Maintenance,2025,11,November,Wednesday,0
2025-11-06,Uttar Pradesh,4686.0,2934.0,197.0,7817.0,9287.0,77244.0,86531.0,53741.0,27675.0,81416.0,175764.0,231502578,0.0338,21.48,Maintenance,2025,11,November,Thursday,0
2025-11-07,Uttar Pradesh,3483.0,3097.0,141.0,6721.0,4672.0,44838.0,49510.0,21312.0,13240.0,34552.0,90783.0,231502578,0.029,12.51,Maintenance,2025,11,November,Friday,0
2025-11-08,Uttar Pradesh,4616.0,3943.0,74.0,8633.0,5448.0,64063.0,69511.0,17053.0,10320.0,27373.0,105517.0,231502578,0.0373,11.22,Maintenance,2025,11,November,Saturday,1
2025-11-09,Uttar Pradesh,4562.0,3293.0,53.0,7908.0,3307.0,25484.0,28791.0,28005.0,15701.0,43706.0,80405.0,231502578,0.0342,9.17,Maintenance,2025,11,November,Sunday,1
2025-11-10,Uttar Pradesh,7740.0,6514.0,174.0,14428.0,7877.0,85584.0,93461.0,30380.0,16408.0,46788.0,154677.0,231502578,0.0623,9.72,Maintenance,2025,11,November,Monday,0
2025-11-11,Uttar Pradesh,3303.0,2788.0,105.0,6196.0,4532.0,46810.0,51342.0,46351.0,27764.0,74115.0,131653.0,231502578,0.0268,20.24,Maintenance,2025,11,November,Tuesday,0
2025-11-12,Uttar Pradesh,3477.0,4140.0,201.0,7818.0,7960.0,106323.0,114283.0,33046.0,17631.0,50677.0,172778.0,231502578,0.0338,21.1,Maintenance,2025,11,November,Wednesday,0
2025-11-13,Uttar Pradesh,2809.0,2692.0,183.0,5684.0,4187.0,48539.0,52726.0,39945.0,21651.0,61596.0,120006.0,231502578,0.0246,20.11,Maintenance,2025,11,November,Thursday,0
2025-11-14,Uttar Pradesh,4254.0,3487.0,112.0,7853.0,7646.0,90741.0,98387.0,11442.0,7205.0,18647.0,124887.0,231502578,0.0339,14.9,Maintenance,2025,11,November,Friday,0
2025-11-15,Uttar Pradesh,9980.0,8133.0,122.0,18235.0,4189.0,59957.0,64146.0,22416.0,13016.0,35432.0,117813.0,231502578,0.0788,5.46,Maintenance,2025,11,November,Saturday,1
2025-11-16,Uttar Pradesh,4976.0,4391.0,92.0,9459.0,1520.0,15143.0,16663.0,52812.0,26964.0,79776.0,105898.0,231502578,0.0409,10.19,Maintenance,2025,11,November,Sunday,1
2025-11-17,Uttar Pradesh,2680.0,2254.0,59.0,4993.0,2812.0,41995.0,44807.0,49634.0,26059.0,75693.0,125493.0,231502578,0.0216,24.13,Maintenance,2025,11,November,Monday,0
2025-11-18,Uttar Pradesh,6852.0,5284.0,157.0,12293.0,4159.0,58245.0,62404.0,42654.0,25477.0,68131.0,142828.0,231502578,0.0531,10.62,Maintenance,2025,11,November,Tuesday,0
2025-11-19,Uttar Pradesh,12569.0,6419.0,342.0,19330.0,5074.0,70937.0,76011.0,21429.0,14805.0,36234.0,131575.0,231502578,0.0835,5.81,Maintenance,2025,11,November,Wednesday,0
2025-11-25,Uttar Pradesh,4383.0,3213.0,68.0,7664.0,1619.0,12829.0,14448.0,65879.0,36924.0,102803.0,124915.0,231502578,0.0331,15.3,Maintenance,2025,11,November,Tuesday,0
2025-11-26,Uttar Pradesh,0.0,0.0,0.0,0.0,2331.0,45333.0,47664.0,0.0,0.0,0.0,47664.0,231502578,0.0,47664.0,Maintenance,2025,11,November,Wednesday,0
2025-11-27,Uttar Pradesh,0.0,0.0,0.0,0.0,7403.0,138048.0,145451.0,0.0,0.0,0.0,145451.0,231502578,0.0,145451.0,Maintenance,2025,11,November,Thursday,0
2025-11-28,Uttar Pradesh,0.0,0.0,0.0,0.0,4843.0,76426.0,81269.0,0.0,0.0,0.0,81269.0,231502578,0.0,81269.0,Maintenance,2025,11,November,Friday,0
2025-11-29,Uttar Pradesh,0.0,0.0,0.0,0.0,2626.0,40771.0,43397.0,0.0,0.0,0.0,43397.0,231502578,0.0,43397.0,Maintenance,2025,11,November,Saturday,1
2025-12-01,Uttar Pradesh,0.0,0.0,0.0,0.0,4452.0,60592.0,65044.0,63988.0,29304.0,93292.0,158336.0,231502578,0.0,158336.0,Maintenance,2025,12,December,Monday,0
2025-12-02,Uttar Pradesh,0.0,0.0,0.0,0.0,4630.0,72456.0,77086.0,48587.0,28551.0,77138.0,154224.0,231502578,0.0,154224.0,Maintenance,2025,12,December,Tuesday,0
2025-12-03,Uttar Pradesh,0.0,0.0,0.0,0.0,5982.0,73411.0,79393.0,31605.0,24836.0,56441.0,135834.0,231502578,0.0,135834.0,Maintenance,2025,12,December,Wednesday,0
2025-12-04,Uttar Pradesh,0.0,0.0,0.0,0.0,4945.0,61065.0,66010.0,37108.0,28279.0,65387.0,131397.0,231502578,0.0,131397.0,Maintenance,2025,12,December,Thursday,0
2025-12-05,Uttar Pradesh,0.0,0.0,0.0,0.0,4336.0,56039.0,60375.0,17387.0,14875.0,32262.0,92637.0,231502578,0.0,92637.0,Maintenance,2025,12,December,Friday,0
2025-12-06,Uttar Pradesh,0.0,0.0,0.0,0.0,4202.0,55473.0,59675.0,17851.0,15110.0,32961.0,92636.0,231502578,0.0,92636.0,Maintenance,2025,12,December,Saturday,1
2025-12-07,Uttar Pradesh,0.0,0.0,0.0,0.0,4609.0,44914.0,49523.0,25428.0,20291.0,45719.0,95242.0,231502578,0.0,95242.0,Maintenance,2025,12,December,Sunday,1
2025-12-08,Uttar Pradesh,0.0,0.0,0.0,0.0,9366.0,117045.0,126411.0,19381.0,16430.0,35811.0,162222.0,231502578,0.0,162222.0,Maintenance,2025,12,December,Monday,0
2025-12-09,Uttar Pradesh,0.0,0.0,0.0,0.0,3619.0,44837.0,48456.0,35860.0,28859.0,64719.0,113175.0,231502578,0.0,113175.0,Maintenance,2025,12,December,Tuesday,0
2025-12-10,Uttar Pradesh,0.0,0.0,0.0,0.0,2663.0,37123.0,39786.0,27114.0,22790.0,49904.0,89690.0,231502578,0.0,89690.0,Maintenance,2025,12,December,Wednesday,0
2025-12-11,Uttar Pradesh,0.0,0.0,0.0,0.0,6571.0,84772.0,91343.0,30086.0,25480.0,55566.0,146909.0,231502578,0.0,146909.0,Maintenance,2025,12,December,Thursday,0
2025-12-12,Uttar Pradesh,0.0,0.0,0.0,0.0,6558.0,77748.0,84306.0,30546.0,25788.0,56334.0,140640.0,231502578,0.0,140640.0,Maintenance,2025,12,December,Friday,0
2025-12-13,Uttar Pradesh,0.0,0.0,0.0,0.0,3453.0,42506.0,45959.0,30908.0,23343.0,54251.0,100210.0,231502578,0.0,100210.0,Maintenance,2025,12,December,Saturday,1
2025-12-14,Uttar Pradesh,0.0,0.0,0.0,0.0,4211.0,38716.0,42927.0,4317.0,5287.0,9604.0,52531.0,231502578,0.0,52531.0,Maintenance,2025,12,December,Sunday,1
2025-12-15,Uttar Pradesh,10651.0,10078.0,69.0,20798.0,6906.0,95131.0,102037.0,31933.0,22774.0,54707.0,177542.0,231502578,0.0898,7.54,Maintenance,2025,12,December,Monday,0
2025-12-16,Uttar Pradesh,0.0,0.0,0.0,0.0,8446.0,96114.0,104560.0,47626.0,29419.0,77045.0,181605.0,231502578,0.0,181605.0,Maintenance,2025,12,December,Tuesday,0
2025-12-18,Uttar Pradesh,0.0,0.0,0.0,0.0,617.0,8116.0,8733.0,2385.0,1714.0,4099.0,12832.0,231502578,0.0,12832.0,Maintenance,2025,12,December,Thursday,0
2025-12-19,Uttar Pradesh,0.0,0.0,0.0,0.0,5562.0,58540.0,64102.0,38791.0,24015.0,62806.0,126908.0,231502578,0.0,126908.0,Maintenance,2025,12,December,Friday,0
2025-12-20,Uttar Pradesh,0.0,0.0,0.0,0.0,5046.0,45295.0,50341.0,10091.0,7502.0,17593.0,67934.0,231502578,0.0,67934.0,Maintenance,2025,12,December,Saturday,1
2025-12-21,Uttar Pradesh,2519.0,24.0,0.0,2543.0,4615.0,43985.0,48600.0,0.0,0.0,0.0,51143.0,231502578,0.011,19.1,Maintenance,2025,12,December,Sunday,1
2025-12-22,Uttar Pradesh,14202.0,143.0,0.0,14345.0,4467.0,62538.0,67005.0,12.0,1.0,13.0,81363.0,231502578,0.062,4.67,Growth,2025,12,December,Monday,0
2025-12-23,Uttar Pradesh,4814.0,42.0,11.0,4867.0,6598.0,72429.0,79027.0,21.0,10.0,31.0,83925.0,231502578,0.021,16.24,Maintenance,2025,12,December,Tuesday,0
2025-12-24,Uttar Pradesh,3781.0,2796.0,161.0,6738.0,4573.0,47228.0,51801.0,0.0,0.0,0.0,58539.0,231502578,0.0291,7.69,Maintenance,2025,12,December,Wednesday,0
2025-12-25,Uttar Pradesh,2815.0,5898.0,91.0,8804.0,5959.0,63186.0,69145.0,33656.0,24104.0,57760.0,135709.0,231502578,0.038,14.41,Maintenance,2025,12,December,Thursday,0
2025-12-26,Uttar Pradesh,6109.0,3540.0,284.0,9933.0,6903.0,66387.0,73290.0,24389.0,24664.0,49053.0,132276.0,231502578,0.0429,12.32,Maintenance,2025,12,December,Friday,0
2025-12-27,Uttar Pradesh,4377.0,2481.0,124.0,6982.0,6302.0,79486.0,85788.0,29001.0,24727.0,53728.0,146498.0,231502578,0.0302,19.98,Maintenance,2025,12,December,Saturday,1
2025-12-28,Uttar Pradesh,4829.0,3031.0,42.0,7902.0,3756.0,36834.0,40590.0,9810.0,9459.0,19269.0,67761.0,231502578,0.0341,7.57,Maintenance,2025,12,December,Sunday,1
2025-12-29,Uttar Pradesh,4568.0,2671.0,121.0,7360.0,4982.0,62414.0,67396.0,17646.0,13027.0,30673.0,105429.0,231502578,0.0318,13.32,Maintenance,2025,12,December,Monday,0
2025-12-31,Uttar Pradesh,9899.0,16257.0,499.0,26655.0,0.0,0.0,0.0,0.0,0.0,0.0,26655.0,231502578,0.1151,0.0,Growth,2025,12,December,Wednesday,0
2025-03-01,Uttarakhand,0.0,0.0,0.0,0.0,10108.0,89841.0,99949.0,24684.0,36610.0,61294.0,161243.0,11250858,0.0,161243.0,Maintenance,2025,3,March,Saturday,1
2025-03-15,Uttarakhand,17.0,15.0,28.0,60.0,0.0,0.0,0.0,0.0,0.0,0.0,60.0,11250858,0.0053,0.0,Growth,2025,3,March,Saturday,1
2025-03-20,Uttarakhand,169.0,61.0,21.0,251.0,0.0,0.0,0.0,0.0,0.0,0.0,251.0,11250858,0.0223,0.0,Growth,2025,3,March,Thursday,0
2025-04-01,Uttarakhand,998.0,204.0,74.0,1276.0,4526.0,30476.0,35002.0,33481.0,39991.0,73472.0,109750.0,11250858,0.1134,84.94,Maintenance,2025,4,April,Tuesday,0
2025-05-01,Uttarakhand,477.0,135.0,12.0,624.0,3101.0,23625.0,26726.0,26291.0,36631.0,62922.0,90272.0,11250858,0.0555,143.44,Maintenance,2025,5,May,Thursday,0
2025-06-01,Uttarakhand,160.0,80.0,54.0,294.0,2226.0,19712.0,21938.0,25178.0,34599.0,59777.0,82009.0,11250858,0.0261,277.0,Maintenance,2025,6,June,Sunday,1
2025-07-01,Uttarakhand,1863.0,479.0,21.0,2363.0,4545.0,33649.0,38194.0,35973.0,47034.0,83007.0,123564.0,11250858,0.21,51.27,Maintenance,2025,7,July,Tuesday,0
2025-09-01,Uttarakhand,246.0,44.0,3.0,293.0,238.0,1914.0,2152.0,1812.0,1071.0,2883.0,5328.0,11250858,0.026,17.13,Maintenance,2025,9,September,Monday,0
2025-09-02,Uttarakhand,211.0,44.0,0.0,255.0,208.0,1613.0,1821.0,1273.0,948.0,2221.0,4297.0,11250858,0.0227,15.79,Maintenance,2025,9,September,Tuesday,0
2025-09-03,Uttarakhand,427.0,68.0,0.0,495.0,188.0,1340.0,1528.0,1729.0,1485.0,3214.0,5237.0,11250858,0.044,9.56,Maintenance,2025,9,September,Wednesday,0
2025-09-04,Uttarakhand,393.0,73.0,1.0,467.0,309.0,2446.0,2755.0,1567.0,1479.0,3046.0,6268.0,11250858,0.0415,12.4,Maintenance,2025,9,September,Thursday,0
2025-09-05,Uttarakhand,135.0,34.0,0.0,169.0,243.0,1889.0,2132.0,539.0,398.0,937.0,3238.0,11250858,0.015,18.05,Maintenance,2025,9,September,Friday,0
2025-09-06,Uttarakhand,416.0,83.0,3.0,502.0,350.0,2289.0,2639.0,2696.0,1928.0,4624.0,7765.0,11250858,0.0446,14.44,Maintenance,2025,9,September,Saturday,1
2025-09-07,Uttarakhand,77.0,12.0,0.0,89.0,89.0,681.0,770.0,323.0,187.0,510.0,1369.0,11250858,0.0079,14.22,Maintenance,2025,9,September,Sunday,1
2025-09-08,Uttarakhand,610.0,82.0,3.0,695.0,402.0,3266.0,3668.0,2108.0,1899.0,4007.0,8370.0,11250858,0.0618,11.03,Maintenance,2025,9,September,Monday,0
2025-09-09,Uttarakhand,618.0,116.0,3.0,737.0,436.0,3297.0,3733.0,2413.0,1941.0,4354.0,8824.0,11250858,0.0655,10.96,Maintenance,2025,9,September,Tuesday,0
2025-09-10,Uttarakhand,598.0,111.0,2.0,711.0,349.0,2680.0,3029.0,2302.0,1948.0,4250.0,7990.0,11250858,0.0632,10.22,Maintenance,2025,9,September,Wednesday,0
2025-09-11,Uttarakhand,486.0,74.0,4.0,564.0,445.0,3316.0,3761.0,2333.0,1809.0,4142.0,8467.0,11250858,0.0501,13.99,Maintenance,2025,9,September,Thursday,0
2025-09-12,Uttarakhand,439.0,102.0,1.0,542.0,483.0,3286.0,3769.0,2386.0,1676.0,4062.0,8373.0,11250858,0.0482,14.42,Maintenance,2025,9,September,Friday,0
2025-09-13,Uttarakhand,319.0,52.0,0.0,371.0,265.0,2153.0,2418.0,1529.0,1062.0,2591.0,5380.0,11250858,0.033,13.47,Maintenance,2025,9,September,Saturday,1
2025-09-14,Uttarakhand,87.0,12.0,0.0,99.0,86.0,629.0,715.0,310.0,247.0,557.0,1371.0,11250858,0.0088,12.72,Maintenance,2025,9,September,Sunday,1
2025-09-15,Uttarakhand,349.0,73.0,3.0,425.0,335.0,2444.0,2779.0,2091.0,1589.0,3680.0,6884.0,11250858,0.0378,15.16,Maintenance,2025,9,September,Monday,0
2025-09-16,Uttarakhand,422.0,99.0,0.0,521.0,336.0,2134.0,2470.0,2586.0,1846.0,4432.0,7423.0,11250858,0.0463,13.22,Maintenance,2025,9,September,Tuesday,0
2025-09-17,Uttarakhand,308.0,66.0,1.0,375.0,373.0,2921.0,3294.0,1949.0,1308.0,3257.0,6926.0,11250858,0.0333,17.42,Maintenance,2025,9,September,Wednesday,0
2025-09-18,Uttarakhand,426.0,71.0,0.0,497.0,353.0,3214.0,3567.0,2264.0,1829.0,4093.0,8157.0,11250858,0.0442,15.38,Maintenance,2025,9,September,Thursday,0
2025-09-19,Uttarakhand,436.0,71.0,2.0,509.0,409.0,3459.0,3868.0,2158.0,1882.0,4040.0,8417.0,11250858,0.0452,15.51,Maintenance,2025,9,September,Friday,0
2025-09-20,Uttarakhand,361.0,55.0,1.0,417.0,388.0,3082.0,3470.0,2153.0,1734.0,3887.0,7774.0,11250858,0.0371,17.6,Maintenance,2025,9,September,Saturday,1
2025-09-21,Uttarakhand,26.0,4.0,0.0,30.0,0.0,0.0,0.0,0.0,0.0,0.0,30.0,11250858,0.0027,0.0,Growth,2025,9,September,Sunday,1
2025-09-22,Uttarakhand,260.0,47.0,0.0,307.0,0.0,0.0,0.0,0.0,0.0,0.0,307.0,11250858,0.0273,0.0,Growth,2025,9,September,Monday,0
2025-09-23,Uttarakhand,319.0,67.0,0.0,386.0,0.0,0.0,0.0,0.0,0.0,0.0,386.0,11250858,0.0343,0.0,Growth,2025,9,September,Tuesday,0
2025-09-24,Uttarakhand,374.0,71.0,0.0,445.0,0.0,0.0,0.0,0.0,0.0,0.0,445.0,11250858,0.0396,0.0,Growth,2025,9,September,Wednesday,0
2025-09-25,Uttarakhand,371.0,71.0,0.0,442.0,0.0,0.0,0.0,0.0,0.0,0.0,442.0,11250858,0.0393,0.0,Growth,2025,9,September,Thursday,0
2025-09-26,Uttarakhand,317.0,54.0,0.0,371.0,0.0,0.0,0.0,0.0,0.0,0.0,371.0,11250858,0.033,0.0,Growth,2025,9,September,Friday,0
2025-09-27,Uttarakhand,101.0,22.0,1.0,124.0,0.0,0.0,0.0,0.0,0.0,0.0,124.0,11250858,0.011,0.0,Growth,2025,9,September,Saturday,1
2025-09-28,Uttarakhand,27.0,8.0,0.0,35.0,0.0,0.0,0.0,0.0,0.0,0.0,35.0,11250858,0.0031,0.0,Growth,2025,9,September,Sunday,1
2025-09-29,Uttarakhand,54.0,12.0,1.0,67.0,0.0,0.0,0.0,0.0,0.0,0.0,67.0,11250858,0.006,0.0,Growth,2025,9,September,Monday,0
2025-09-30,Uttarakhand,10.0,6.0,0.0,16.0,0.0,0.0,0.0,0.0,0.0,0.0,16.0,11250858,0.0014,0.0,Growth,2025,9,September,Tuesday,0
2025-10-13,Uttarakhand,398.0,58.0,0.0,456.0,70.0,1412.0,1482.0,9.0,4.0,13.0,1951.0,11250858,0.0405,3.27,Growth,2025,10,October,Monday,0
2025-10-15,Uttarakhand,335.0,60.0,2.0,397.0,384.0,2889.0,3273.0,2083.0,1602.0,3685.0,7355.0,11250858,0.0353,17.48,Maintenance,2025,10,October,Wednesday,0
2025-10-16,Uttarakhand,248.0,58.0,1.0,307.0,471.0,2929.0,3400.0,1707.0,1292.0,2999.0,6706.0,11250858,0.0273,20.78,Maintenance,2025,10,October,Thursday,0
2025-10-17,Uttarakhand,950.0,189.0,5.0,1144.0,176.0,2355.0,2531.0,1437.0,1114.0,2551.0,6226.0,11250858,0.1017,4.44,Growth,2025,10,October,Friday,0
2025-10-18,Uttarakhand,411.0,68.0,5.0,484.0,135.0,1012.0,1147.0,2369.0,1748.0,4117.0,5748.0,11250858,0.043,10.85,Maintenance,2025,10,October,Saturday,1
2025-10-19,Uttarakhand,482.0,56.0,1.0,539.0,233.0,1047.0,1280.0,1531.0,1108.0,2639.0,4458.0,11250858,0.0479,7.26,Maintenance,2025,10,October,Sunday,1
2025-10-20,Uttarakhand,68.0,11.0,1.0,80.0,82.0,492.0,574.0,47.0,42.0,89.0,743.0,11250858,0.0071,8.19,Maintenance,2025,10,October,Monday,0
2025-10-21,Uttarakhand,16.0,3.0,2.0,21.0,64.0,282.0,346.0,79.0,76.0,155.0,522.0,11250858,0.0019,22.77,Maintenance,2025,10,October,Tuesday,0
2025-10-22,Uttarakhand,0.0,0.0,0.0,0.0,7.0,73.0,80.0,4.0,5.0,9.0,89.0,11250858,0.0,89.0,Maintenance,2025,10,October,Wednesday,0
2025-10-23,Uttarakhand,1.0,0.0,0.0,1.0,27.0,182.0,209.0,96.0,62.0,158.0,368.0,11250858,0.0001,183.5,Maintenance,2025,10,October,Thursday,0
2025-10-24,Uttarakhand,154.0,26.0,2.0,182.0,271.0,2053.0,2324.0,1801.0,1333.0,3134.0,5640.0,11250858,0.0162,29.83,Maintenance,2025,10,October,Friday,0
2025-10-25,Uttarakhand,332.0,48.0,0.0,380.0,223.0,2321.0,2544.0,938.0,845.0,1783.0,4707.0,11250858,0.0338,11.36,Maintenance,2025,10,October,Saturday,1
2025-10-26,Uttarakhand,182.0,40.0,0.0,222.0,145.0,2617.0,2762.0,2503.0,1967.0,4470.0,7454.0,11250858,0.0197,32.43,Maintenance,2025,10,October,Sunday,1
2025-10-27,Uttarakhand,146.0,13.0,1.0,160.0,106.0,1140.0,1246.0,1650.0,1203.0,2853.0,4259.0,11250858,0.0142,25.46,Maintenance,2025,10,October,Monday,0
2025-10-28,Uttarakhand,282.0,48.0,1.0,331.0,78.0,784.0,862.0,1642.0,1283.0,2925.0,4118.0,11250858,0.0294,11.41,Maintenance,2025,10,October,Tuesday,0
2025-10-29,Uttarakhand,235.0,41.0,2.0,278.0,172.0,2097.0,2269.0,2280.0,1541.0,3821.0,6368.0,11250858,0.0247,21.83,Maintenance,2025,10,October,Wednesday,0
2025-10-30,Uttarakhand,1126.0,173.0,6.0,1305.0,241.0,2290.0,2531.0,2284.0,1778.0,4062.0,7898.0,11250858,0.116,5.05,Maintenance,2025,10,October,Thursday,0
2025-10-31,Uttarakhand,721.0,130.0,0.0,851.0,280.0,3559.0,3839.0,1868.0,1395.0,3263.0,7953.0,11250858,0.0756,8.34,Maintenance,2025,10,October,Friday,0
2025-11-01,Uttarakhand,111.0,23.0,1.0,135.0,374.0,3634.0,4008.0,3180.0,2190.0,5370.0,9513.0,11250858,0.012,68.96,Maintenance,2025,11,November,Saturday,1
2025-11-02,Uttarakhand,549.0,86.0,0.0,635.0,242.0,1235.0,1477.0,3505.0,2382.0,5887.0,7999.0,11250858,0.0564,11.58,Maintenance,2025,11,November,Sunday,1
2025-11-03,Uttarakhand,325.0,52.0,4.0,381.0,284.0,1893.0,2177.0,3658.0,2346.0,6004.0,8562.0,11250858,0.0339,21.42,Maintenance,2025,11,November,Monday,0
2025-11-04,Uttarakhand,8.0,1.0,0.0,9.0,237.0,2653.0,2890.0,265.0,255.0,520.0,3419.0,11250858,0.0008,341.0,Maintenance,2025,11,November,Tuesday,0
2025-11-05,Uttarakhand,488.0,69.0,0.0,557.0,216.0,1496.0,1712.0,1718.0,1468.0,3186.0,5455.0,11250858,0.0495,8.78,Maintenance,2025,11,November,Wednesday,0
2025-11-06,Uttarakhand,280.0,41.0,1.0,322.0,494.0,3186.0,3680.0,3866.0,2594.0,6460.0,10462.0,11250858,0.0286,31.39,Maintenance,2025,11,November,Thursday,0
2025-11-07,Uttarakhand,291.0,42.0,1.0,334.0,301.0,2564.0,2865.0,1442.0,1265.0,2707.0,5906.0,11250858,0.0297,16.63,Maintenance,2025,11,November,Friday,0
2025-11-08,Uttarakhand,376.0,63.0,0.0,439.0,408.0,3756.0,4164.0,1511.0,1030.0,2541.0,7144.0,11250858,0.039,15.24,Maintenance,2025,11,November,Saturday,1
2025-11-09,Uttarakhand,347.0,37.0,1.0,385.0,355.0,1744.0,2099.0,2506.0,1522.0,4028.0,6512.0,11250858,0.0342,15.87,Maintenance,2025,11,November,Sunday,1
2025-11-10,Uttarakhand,470.0,72.0,1.0,543.0,417.0,3757.0,4174.0,2565.0,1457.0,4022.0,8739.0,11250858,0.0483,15.07,Maintenance,2025,11,November,Monday,0
2025-11-11,Uttarakhand,333.0,42.0,0.0,375.0,236.0,1649.0,1885.0,3879.0,2477.0,6356.0,8616.0,11250858,0.0333,21.92,Maintenance,2025,11,November,Tuesday,0
2025-11-12,Uttarakhand,231.0,43.0,2.0,276.0,324.0,3592.0,3916.0,3374.0,1836.0,5210.0,9402.0,11250858,0.0245,32.95,Maintenance,2025,11,November,Wednesday,0
2025-11-13,Uttarakhand,255.0,38.0,1.0,294.0,308.0,2723.0,3031.0,4348.0,2203.0,6551.0,9876.0,11250858,0.0261,32.48,Maintenance,2025,11,November,Thursday,0
2025-11-14,Uttarakhand,358.0,63.0,0.0,421.0,498.0,4402.0,4900.0,1499.0,860.0,2359.0,7680.0,11250858,0.0374,17.2,Maintenance,2025,11,November,Friday,0
2025-11-15,Uttarakhand,892.0,138.0,5.0,1035.0,163.0,1631.0,1794.0,2354.0,1230.0,3584.0,6413.0,11250858,0.092,5.19,Maintenance,2025,11,November,Saturday,1
2025-11-16,Uttarakhand,458.0,45.0,0.0,503.0,95.0,574.0,669.0,6393.0,2805.0,9198.0,10370.0,11250858,0.0447,19.58,Maintenance,2025,11,November,Sunday,1
2025-11-17,Uttarakhand,234.0,32.0,1.0,267.0,106.0,1026.0,1132.0,6212.0,2981.0,9193.0,10592.0,11250858,0.0237,38.53,Maintenance,2025,11,November,Monday,0
2025-11-18,Uttarakhand,472.0,77.0,2.0,551.0,276.0,2556.0,2832.0,5002.0,2424.0,7426.0,10809.0,11250858,0.049,18.58,Maintenance,2025,11,November,Tuesday,0
2025-11-19,Uttarakhand,668.0,97.0,9.0,774.0,383.0,3507.0,3890.0,2497.0,1288.0,3785.0,8449.0,11250858,0.0688,9.9,Maintenance,2025,11,November,Wednesday,0
2025-11-25,Uttarakhand,324.0,69.0,1.0,394.0,143.0,745.0,888.0,8529.0,3503.0,12032.0,13314.0,11250858,0.035,32.71,Maintenance,2025,11,November,Tuesday,0
2025-11-26,Uttarakhand,0.0,0.0,0.0,0.0,119.0,1383.0,1502.0,0.0,0.0,0.0,1502.0,11250858,0.0,1502.0,Maintenance,2025,11,November,Wednesday,0
2025-11-27,Uttarakhand,0.0,0.0,0.0,0.0,346.0,4496.0,4842.0,0.0,0.0,0.0,4842.0,11250858,0.0,4842.0,Maintenance,2025,11,November,Thursday,0
2025-11-28,Uttarakhand,0.0,0.0,0.0,0.0,293.0,2452.0,2745.0,0.0,0.0,0.0,2745.0,11250858,0.0,2745.0,Maintenance,2025,11,November,Friday,0
2025-11-29,Uttarakhand,0.0,0.0,0.0,0.0,178.0,1497.0,1675.0,0.0,0.0,0.0,1675.0,11250858,0.0,1675.0,Maintenance,2025,11,November,Saturday,1
2025-12-01,Uttarakhand,0.0,0.0,0.0,0.0,292.0,2386.0,2678.0,12775.0,3169.0,15944.0,18622.0,11250858,0.0,18622.0,Maintenance,2025,12,December,Monday,0
2025-12-02,Uttarakhand,0.0,0.0,0.0,0.0,482.0,4335.0,4817.0,12149.0,3726.0,15875.0,20692.0,11250858,0.0,20692.0,Maintenance,2025,12,December,Tuesday,0
2025-12-03,Uttarakhand,0.0,0.0,0.0,0.0,582.0,4433.0,5015.0,6725.0,2772.0,9497.0,14512.0,11250858,0.0,14512.0,Maintenance,2025,12,December,Wednesday,0
2025-12-04,Uttarakhand,0.0,0.0,0.0,0.0,315.0,2984.0,3299.0,7203.0,3226.0,10429.0,13728.0,11250858,0.0,13728.0,Maintenance,2025,12,December,Thursday,0
2025-12-05,Uttarakhand,0.0,0.0,0.0,0.0,274.0,2267.0,2541.0,4254.0,2096.0,6350.0,8891.0,11250858,0.0,8891.0,Maintenance,2025,12,December,Friday,0
2025-12-06,Uttarakhand,0.0,0.0,0.0,0.0,368.0,2880.0,3248.0,3450.0,1368.0,4818.0,8066.0,11250858,0.0,8066.0,Maintenance,2025,12,December,Saturday,1
2025-12-07,Uttarakhand,0.0,0.0,0.0,0.0,304.0,1794.0,2098.0,6433.0,2629.0,9062.0,11160.0,11250858,0.0,11160.0,Maintenance,2025,12,December,Sunday,1
2025-12-08,Uttarakhand,0.0,0.0,0.0,0.0,550.0,4580.0,5130.0,4804.0,2086.0,6890.0,12020.0,11250858,0.0,12020.0,Maintenance,2025,12,December,Monday,0
2025-12-09,Uttarakhand,0.0,0.0,0.0,0.0,315.0,2808.0,3123.0,7634.0,3368.0,11002.0,14125.0,11250858,0.0,14125.0,Maintenance,2025,12,December,Tuesday,0
2025-12-10,Uttarakhand,0.0,0.0,0.0,0.0,326.0,2953.0,3279.0,7011.0,2705.0,9716.0,12995.0,11250858,0.0,12995.0,Maintenance,2025,12,December,Wednesday,0
2025-12-11,Uttarakhand,0.0,0.0,0.0,0.0,442.0,4179.0,4621.0,7466.0,3030.0,10496.0,15117.0,11250858,0.0,15117.0,Maintenance,2025,12,December,Thursday,0
2025-12-12,Uttarakhand,0.0,0.0,0.0,0.0,429.0,3468.0,3897.0,7968.0,3207.0,11175.0,15072.0,11250858,0.0,15072.0,Maintenance,2025,12,December,Friday,0
2025-12-13,Uttarakhand,0.0,0.0,0.0,0.0,158.0,1273.0,1431.0,7941.0,2853.0,10794.0,12225.0,11250858,0.0,12225.0,Maintenance,2025,12,December,Saturday,1
2025-12-14,Uttarakhand,0.0,0.0,0.0,0.0,223.0,1334.0,1557.0,1567.0,498.0,2065.0,3622.0,11250858,0.0,3622.0,Maintenance,2025,12,December,Sunday,1
2025-12-15,Uttarakhand,842.0,118.0,6.0,966.0,429.0,4730.0,5159.0,6408.0,2435.0,8843.0,14968.0,11250858,0.0859,14.48,Maintenance,2025,12,December,Monday,0
2025-12-16,Uttarakhand,0.0,0.0,0.0,0.0,416.0,4015.0,4431.0,11476.0,4372.0,15848.0,20279.0,11250858,0.0,20279.0,Maintenance,2025,12,December,Tuesday,0
2025-12-18,Uttarakhand,0.0,0.0,0.0,0.0,33.0,360.0,393.0,409.0,174.0,583.0,976.0,11250858,0.0,976.0,Maintenance,2025,12,December,Thursday,0
2025-12-19,Uttarakhand,0.0,0.0,0.0,0.0,225.0,2392.0,2617.0,6500.0,3136.0,9636.0,12253.0,11250858,0.0,12253.0,Maintenance,2025,12,December,Friday,0
2025-12-20,Uttarakhand,0.0,0.0,0.0,0.0,214.0,2031.0,2245.0,1930.0,975.0,2905.0,5150.0,11250858,0.0,5150.0,Maintenance,2025,12,December,Saturday,1
2025-12-21,Uttarakhand,197.0,1.0,0.0,198.0,270.0,1815.0,2085.0,0.0,0.0,0.0,2283.0,11250858,0.0176,10.48,Maintenance,2025,12,December,Sunday,1
2025-12-22,Uttarakhand,1289.0,3.0,0.0,1292.0,175.0,2419.0,2594.0,2.0,0.0,2.0,3888.0,11250858,0.1148,2.01,Growth,2025,12,December,Monday,0
2025-12-23,Uttarakhand,427.0,1.0,0.0,428.0,363.0,3437.0,3800.0,3.0,1.0,4.0,4232.0,11250858,0.038,8.87,Maintenance,2025,12,December,Tuesday,0
2025-12-24,Uttarakhand,282.0,41.0,10.0,333.0,231.0,1886.0,2117.0,0.0,0.0,0.0,2450.0,11250858,0.0296,6.34,Maintenance,2025,12,December,Wednesday,0
2025-12-25,Uttarakhand,231.0,97.0,1.0,329.0,382.0,3033.0,3415.0,6709.0,3228.0,9937.0,13681.0,11250858,0.0292,40.46,Maintenance,2025,12,December,Thursday,0
2025-12-26,Uttarakhand,426.0,43.0,4.0,473.0,539.0,4683.0,5222.0,5743.0,3602.0,9345.0,15040.0,11250858,0.042,30.73,Maintenance,2025,12,December,Friday,0
2025-12-27,Uttarakhand,300.0,24.0,0.0,324.0,373.0,3530.0,3903.0,5948.0,2721.0,8669.0,12896.0,11250858,0.0288,38.68,Maintenance,2025,12,December,Saturday,1
2025-12-28,Uttarakhand,274.0,21.0,0.0,295.0,191.0,1353.0,1544.0,2616.0,1066.0,3682.0,5521.0,11250858,0.0262,17.66,Maintenance,2025,12,December,Sunday,1
2025-12-29,Uttarakhand,350.0,38.0,17.0,405.0,273.0,3317.0,3590.0,4558.0,2236.0,6794.0,10789.0,11250858,0.036,25.58,Maintenance,2025,12,December,Monday,0
2025-12-31,Uttarakhand,798.0,262.0,3.0,1063.0,0.0,0.0,0.0,0.0,0.0,0.0,1063.0,11250858,0.0945,0.0,Growth,2025,12,December,Wednesday,0
2025-03-01,West Bengal,0.0,0.0,0.0,0.0,35495.0,524973.0,560468.0,101673.0,167202.0,268875.0,829343.0,100896618,0.0,829343.0,Maintenance,2025,3,March,Saturday,1
2025-03-09,West Bengal,45.0,30.0,46.0,121.0,0.0,0.0,0.0,0.0,0.0,0.0,121.0,100896618,0.0012,0.0,Growth,2025,3,March,Sunday,1
2025-04-01,West Bengal,2873.0,1014.0,381.0,4268.0,2956.0,35380.0,38336.0,96513.0,153919.0,250432.0,293036.0,100896618,0.0423,67.64,Maintenance,2025,4,April,Tuesday,0
2025-05-01,West Bengal,5538.0,3500.0,544.0,9582.0,7157.0,68065.0,75222.0,127514.0,161746.0,289260.0,374064.0,100896618,0.095,38.03,Maintenance,2025,5,May,Thursday,0
2025-06-01,West Bengal,3194.0,3323.0,754.0,7271.0,8350.0,80141.0,88491.0,121164.0,166538.0,287702.0,383464.0,100896618,0.0721,51.73,Maintenance,2025,6,June,Sunday,1
2025-07-01,West Bengal,15274.0,11657.0,1613.0,28544.0,13801.0,134024.0,147825.0,190774.0,229187.0,419961.0,596330.0,100896618,0.2829,19.89,Maintenance,2025,7,July,Tuesday,0
2025-09-01,West Bengal,4243.0,1445.0,92.0,5780.0,4281.0,66912.0,71193.0,7414.0,9789.0,17203.0,94176.0,100896618,0.0573,15.29,Maintenance,2025,9,September,Monday,0
2025-09-02,West Bengal,4572.0,1417.0,62.0,6051.0,4412.0,66588.0,71000.0,8261.0,10671.0,18932.0,95983.0,100896618,0.06,14.86,Maintenance,2025,9,September,Tuesday,0
2025-09-03,West Bengal,4571.0,1551.0,60.0,6182.0,2020.0,28244.0,30264.0,7353.0,9768.0,17121.0,53567.0,100896618,0.0613,7.66,Maintenance,2025,9,September,Wednesday,0
2025-09-04,West Bengal,4374.0,1367.0,84.0,5825.0,3198.0,48985.0,52183.0,6827.0,9414.0,16241.0,74249.0,100896618,0.0577,11.74,Maintenance,2025,9,September,Thursday,0
2025-09-05,West Bengal,3313.0,766.0,36.0,4115.0,2762.0,42925.0,45687.0,3201.0,4841.0,8042.0,57844.0,100896618,0.0408,13.05,Maintenance,2025,9,September,Friday,0
2025-09-06,West Bengal,4706.0,1279.0,72.0,6057.0,2993.0,47122.0,50115.0,7716.0,9882.0,17598.0,73770.0,100896618,0.06,11.18,Maintenance,2025,9,September,Saturday,1
2025-09-07,West Bengal,2243.0,453.0,22.0,2718.0,886.0,13029.0,13915.0,1625.0,2148.0,3773.0,20406.0,100896618,0.0269,6.51,Maintenance,2025,9,September,Sunday,1
2025-09-08,West Bengal,4933.0,1422.0,61.0,6416.0,2806.0,49401.0,52207.0,6756.0,10037.0,16793.0,75416.0,100896618,0.0636,10.75,Maintenance,2025,9,September,Monday,0
2025-09-09,West Bengal,5035.0,1424.0,68.0,6527.0,2800.0,47097.0,49897.0,7924.0,10709.0,18633.0,75057.0,100896618,0.0647,10.5,Maintenance,2025,9,September,Tuesday,0
2025-09-10,West Bengal,4902.0,1406.0,46.0,6354.0,2453.0,40943.0,43396.0,7042.0,9935.0,16977.0,66727.0,100896618,0.063,9.5,Maintenance,2025,9,September,Wednesday,0
2025-09-11,West Bengal,4506.0,1400.0,80.0,5986.0,2879.0,45933.0,48812.0,7264.0,9577.0,16841.0,71639.0,100896618,0.0593,10.97,Maintenance,2025,9,September,Thursday,0
2025-09-12,West Bengal,4474.0,1377.0,51.0,5902.0,3949.0,58408.0,62357.0,7064.0,9447.0,16511.0,84770.0,100896618,0.0585,13.36,Maintenance,2025,9,September,Friday,0
2025-09-13,West Bengal,3270.0,878.0,48.0,4196.0,2175.0,35359.0,37534.0,3908.0,4730.0,8638.0,50368.0,100896618,0.0416,11.0,Maintenance,2025,9,September,Saturday,1
2025-09-14,West Bengal,1993.0,457.0,26.0,2476.0,613.0,9240.0,9853.0,1956.0,2406.0,4362.0,16691.0,100896618,0.0245,5.74,Maintenance,2025,9,September,Sunday,1
2025-09-15,West Bengal,2953.0,990.0,31.0,3974.0,2289.0,38083.0,40372.0,6407.0,8845.0,15252.0,59598.0,100896618,0.0394,13.99,Maintenance,2025,9,September,Monday,0
2025-09-16,West Bengal,3446.0,1027.0,66.0,4539.0,1997.0,28264.0,30261.0,6554.0,9098.0,15652.0,50452.0,100896618,0.045,10.11,Maintenance,2025,9,September,Tuesday,0
2025-09-17,West Bengal,2750.0,789.0,38.0,3577.0,1880.0,26165.0,28045.0,4398.0,6260.0,10658.0,42280.0,100896618,0.0355,10.82,Maintenance,2025,9,September,Wednesday,0
2025-09-18,West Bengal,3718.0,1052.0,50.0,4820.0,2433.0,35955.0,38388.0,6098.0,8781.0,14879.0,58087.0,100896618,0.0478,11.05,Maintenance,2025,9,September,Thursday,0
2025-09-19,West Bengal,3661.0,975.0,54.0,4690.0,2818.0,34300.0,37118.0,6661.0,8629.0,15290.0,57098.0,100896618,0.0465,11.17,Maintenance,2025,9,September,Friday,0
2025-09-20,West Bengal,3293.0,923.0,16.0,4232.0,2714.0,29186.0,31900.0,5972.0,7326.0,13298.0,49430.0,100896618,0.0419,10.68,Maintenance,2025,9,September,Saturday,1
2025-09-21,West Bengal,571.0,259.0,7.0,837.0,0.0,0.0,0.0,0.0,0.0,0.0,837.0,100896618,0.0083,0.0,Growth,2025,9,September,Sunday,1
2025-09-22,West Bengal,2193.0,935.0,12.0,3140.0,0.0,0.0,0.0,0.0,0.0,0.0,3140.0,100896618,0.0311,0.0,Growth,2025,9,September,Monday,0
2025-09-23,West Bengal,2342.0,926.0,7.0,3275.0,0.0,0.0,0.0,0.0,0.0,0.0,3275.0,100896618,0.0325,0.0,Growth,2025,9,September,Tuesday,0
2025-09-24,West Bengal,3134.0,1010.0,19.0,4163.0,0.0,0.0,0.0,0.0,0.0,0.0,4163.0,100896618,0.0413,0.0,Growth,2025,9,September,Wednesday,0
2025-09-25,West Bengal,3056.0,865.0,10.0,3931.0,0.0,0.0,0.0,0.0,0.0,0.0,3931.0,100896618,0.039,0.0,Growth,2025,9,September,Thursday,0
2025-09-26,West Bengal,2047.0,603.0,4.0,2654.0,0.0,0.0,0.0,0.0,0.0,0.0,2654.0,100896618,0.0263,0.0,Growth,2025,9,September,Friday,0
2025-09-27,West Bengal,594.0,178.0,7.0,779.0,0.0,0.0,0.0,0.0,0.0,0.0,779.0,100896618,0.0077,0.0,Growth,2025,9,September,Saturday,1
2025-09-28,West Bengal,233.0,86.0,2.0,321.0,0.0,0.0,0.0,0.0,0.0,0.0,321.0,100896618,0.0032,0.0,Growth,2025,9,September,Sunday,1
2025-09-29,West Bengal,69.0,52.0,3.0,124.0,0.0,0.0,0.0,0.0,0.0,0.0,124.0,100896618,0.0012,0.0,Growth,2025,9,September,Monday,0
2025-09-30,West Bengal,0.0,16.0,0.0,16.0,0.0,0.0,0.0,0.0,0.0,0.0,16.0,100896618,0.0002,0.0,Growth,2025,9,September,Tuesday,0
2025-10-13,West Bengal,4312.0,1251.0,21.0,5584.0,1086.0,15284.0,16370.0,71.0,123.0,194.0,22148.0,100896618,0.0553,2.97,Growth,2025,10,October,Monday,0
2025-10-15,West Bengal,3716.0,1029.0,10.0,4755.0,2115.0,27630.0,29745.0,4298.0,7036.0,11334.0,45834.0,100896618,0.0471,8.64,Maintenance,2025,10,October,Wednesday,0
2025-10-16,West Bengal,3036.0,934.0,19.0,3989.0,2835.0,38322.0,41157.0,3338.0,6098.0,9436.0,54582.0,100896618,0.0395,12.68,Maintenance,2025,10,October,Thursday,0
2025-10-17,West Bengal,10021.0,2638.0,15.0,12674.0,1353.0,23024.0,24377.0,5525.0,9123.0,14648.0,51699.0,100896618,0.1256,3.08,Growth,2025,10,October,Friday,0
2025-10-18,West Bengal,3977.0,1031.0,9.0,5017.0,1507.0,26168.0,27675.0,6789.0,11262.0,18051.0,50743.0,100896618,0.0497,9.11,Maintenance,2025,10,October,Saturday,1
2025-10-19,West Bengal,6256.0,1314.0,11.0,7581.0,1357.0,22613.0,23970.0,7526.0,12442.0,19968.0,51519.0,100896618,0.0751,5.8,Maintenance,2025,10,October,Sunday,1
2025-10-20,West Bengal,1771.0,437.0,9.0,2217.0,641.0,13078.0,13719.0,492.0,1068.0,1560.0,17496.0,100896618,0.022,6.89,Maintenance,2025,10,October,Monday,0
2025-10-21,West Bengal,743.0,238.0,4.0,985.0,461.0,8014.0,8475.0,491.0,991.0,1482.0,10942.0,100896618,0.0098,10.1,Maintenance,2025,10,October,Tuesday,0
2025-10-22,West Bengal,12.0,1.0,1.0,14.0,129.0,1431.0,1560.0,43.0,68.0,111.0,1685.0,100896618,0.0001,111.4,Maintenance,2025,10,October,Wednesday,0
2025-10-23,West Bengal,24.0,2.0,0.0,26.0,289.0,3577.0,3866.0,86.0,123.0,209.0,4101.0,100896618,0.0003,150.93,Maintenance,2025,10,October,Thursday,0
2025-10-24,West Bengal,3450.0,1055.0,14.0,4519.0,2578.0,49314.0,51892.0,4039.0,6781.0,10820.0,67231.0,100896618,0.0448,13.87,Maintenance,2025,10,October,Friday,0
2025-10-25,West Bengal,2939.0,1142.0,10.0,4091.0,1652.0,38379.0,40031.0,7913.0,14016.0,21929.0,66051.0,100896618,0.0405,15.14,Maintenance,2025,10,October,Saturday,1
2025-10-26,West Bengal,1221.0,640.0,12.0,1873.0,1504.0,33570.0,35074.0,6317.0,12113.0,18430.0,55377.0,100896618,0.0186,28.55,Maintenance,2025,10,October,Sunday,1
2025-10-27,West Bengal,1419.0,608.0,9.0,2036.0,1046.0,21640.0,22686.0,2685.0,4938.0,7623.0,32345.0,100896618,0.0202,14.88,Maintenance,2025,10,October,Monday,0
2025-10-28,West Bengal,1895.0,521.0,9.0,2425.0,442.0,10004.0,10446.0,1819.0,3855.0,5674.0,18545.0,100896618,0.024,6.64,Maintenance,2025,10,October,Tuesday,0
2025-10-29,West Bengal,1988.0,530.0,6.0,2524.0,1297.0,36630.0,37927.0,1761.0,3476.0,5237.0,45688.0,100896618,0.025,17.09,Maintenance,2025,10,October,Wednesday,0
2025-10-30,West Bengal,9233.0,2342.0,12.0,11587.0,1296.0,28768.0,30064.0,6615.0,13586.0,20201.0,61852.0,100896618,0.1148,4.34,Growth,2025,10,October,Thursday,0
2025-10-31,West Bengal,4410.0,1557.0,28.0,5995.0,4196.0,96646.0,100842.0,6796.0,13783.0,20579.0,127416.0,100896618,0.0594,20.25,Maintenance,2025,10,October,Friday,0
2025-11-01,West Bengal,474.0,400.0,13.0,887.0,4190.0,81058.0,85248.0,6151.0,12226.0,18377.0,104512.0,100896618,0.0088,116.69,Maintenance,2025,11,November,Saturday,1
2025-11-02,West Bengal,6884.0,1681.0,10.0,8575.0,1311.0,20948.0,22259.0,5039.0,9530.0,14569.0,45403.0,100896618,0.085,4.29,Growth,2025,11,November,Sunday,1
2025-11-03,West Bengal,2307.0,769.0,12.0,3088.0,1503.0,29157.0,30660.0,3516.0,7518.0,11034.0,44782.0,100896618,0.0306,13.5,Maintenance,2025,11,November,Monday,0
2025-11-04,West Bengal,82.0,24.0,0.0,106.0,2234.0,42885.0,45119.0,5943.0,11839.0,17782.0,63007.0,100896618,0.0011,587.86,Maintenance,2025,11,November,Tuesday,0
2025-11-05,West Bengal,5244.0,1416.0,14.0,6674.0,1032.0,13950.0,14982.0,3200.0,6980.0,10180.0,31836.0,100896618,0.0661,3.77,Growth,2025,11,November,Wednesday,0
2025-11-06,West Bengal,3131.0,723.0,11.0,3865.0,4540.0,72845.0,77385.0,4006.0,8131.0,12137.0,93387.0,100896618,0.0383,23.16,Maintenance,2025,11,November,Thursday,0
2025-11-07,West Bengal,2482.0,758.0,19.0,3259.0,2392.0,41359.0,43751.0,6600.0,12926.0,19526.0,66536.0,100896618,0.0323,19.41,Maintenance,2025,11,November,Friday,0
2025-11-08,West Bengal,2761.0,1021.0,15.0,3797.0,3095.0,56847.0,59942.0,4665.0,9169.0,13834.0,77573.0,100896618,0.0376,19.42,Maintenance,2025,11,November,Saturday,1
2025-11-09,West Bengal,3558.0,861.0,8.0,4427.0,1156.0,19383.0,20539.0,2256.0,4305.0,6561.0,31527.0,100896618,0.0439,6.12,Maintenance,2025,11,November,Sunday,1
2025-11-10,West Bengal,5110.0,1267.0,6.0,6383.0,2867.0,57005.0,59872.0,3939.0,8018.0,11957.0,78212.0,100896618,0.0633,11.25,Maintenance,2025,11,November,Monday,0
2025-11-11,West Bengal,2516.0,801.0,7.0,3324.0,1749.0,31181.0,32930.0,5800.0,12494.0,18294.0,54548.0,100896618,0.0329,15.41,Maintenance,2025,11,November,Tuesday,0
2025-11-12,West Bengal,1946.0,806.0,31.0,2783.0,3011.0,57243.0,60254.0,5935.0,12605.0,18540.0,81577.0,100896618,0.0276,28.3,Maintenance,2025,11,November,Wednesday,0
2025-11-13,West Bengal,1380.0,547.0,19.0,1946.0,2542.0,46901.0,49443.0,3855.0,8200.0,12055.0,63444.0,100896618,0.0193,31.59,Maintenance,2025,11,November,Thursday,0
2025-11-14,West Bengal,1955.0,685.0,13.0,2653.0,3019.0,50835.0,53854.0,5687.0,10092.0,15779.0,72286.0,100896618,0.0263,26.24,Maintenance,2025,11,November,Friday,0
2025-11-15,West Bengal,5278.0,1651.0,12.0,6941.0,1174.0,21652.0,22826.0,4192.0,6798.0,10990.0,40757.0,100896618,0.0688,4.87,Growth,2025,11,November,Saturday,1
2025-11-16,West Bengal,2768.0,995.0,19.0,3782.0,510.0,6469.0,6979.0,2721.0,5002.0,7723.0,18484.0,100896618,0.0375,3.89,Growth,2025,11,November,Sunday,1
2025-11-17,West Bengal,1676.0,432.0,5.0,2113.0,1178.0,23652.0,24830.0,2521.0,5343.0,7864.0,34807.0,100896618,0.0209,15.47,Maintenance,2025,11,November,Monday,0
2025-11-18,West Bengal,3847.0,1206.0,9.0,5062.0,1412.0,28850.0,30262.0,4924.0,9708.0,14632.0,49956.0,100896618,0.0502,8.87,Maintenance,2025,11,November,Tuesday,0
2025-11-19,West Bengal,4368.0,1142.0,5.0,5515.0,967.0,21241.0,22208.0,3342.0,6512.0,9854.0,37577.0,100896618,0.0547,5.81,Maintenance,2025,11,November,Wednesday,0
2025-11-25,West Bengal,3253.0,782.0,21.0,4056.0,458.0,6815.0,7273.0,8349.0,11264.0,19613.0,30942.0,100896618,0.0402,6.63,Maintenance,2025,11,November,Tuesday,0
2025-11-26,West Bengal,0.0,0.0,0.0,0.0,1532.0,28595.0,30127.0,0.0,0.0,0.0,30127.0,100896618,0.0,30127.0,Maintenance,2025,11,November,Wednesday,0
2025-11-27,West Bengal,0.0,0.0,0.0,0.0,2745.0,45987.0,48732.0,0.0,0.0,0.0,48732.0,100896618,0.0,48732.0,Maintenance,2025,11,November,Thursday,0
2025-11-28,West Bengal,0.0,0.0,0.0,0.0,1874.0,27329.0,29203.0,0.0,0.0,0.0,29203.0,100896618,0.0,29203.0,Maintenance,2025,11,November,Friday,0
2025-11-29,West Bengal,0.0,0.0,0.0,0.0,970.0,12329.0,13299.0,0.0,0.0,0.0,13299.0,100896618,0.0,13299.0,Maintenance,2025,11,November,Saturday,1
2025-12-01,West Bengal,0.0,0.0,0.0,0.0,1733.0,22174.0,23907.0,4683.0,5060.0,9743.0,33650.0,100896618,0.0,33650.0,Maintenance,2025,12,December,Monday,0
2025-12-02,West Bengal,0.0,0.0,0.0,0.0,2832.0,46376.0,49208.0,9248.0,10122.0,19370.0,68578.0,100896618,0.0,68578.0,Maintenance,2025,12,December,Tuesday,0
2025-12-03,West Bengal,0.0,0.0,0.0,0.0,2408.0,31698.0,34106.0,5438.0,8171.0,13609.0,47715.0,100896618,0.0,47715.0,Maintenance,2025,12,December,Wednesday,0
2025-12-04,West Bengal,0.0,0.0,0.0,0.0,2020.0,27179.0,29199.0,5853.0,8335.0,14188.0,43387.0,100896618,0.0,43387.0,Maintenance,2025,12,December,Thursday,0
2025-12-05,West Bengal,0.0,0.0,0.0,0.0,1792.0,22970.0,24762.0,4791.0,7501.0,12292.0,37054.0,100896618,0.0,37054.0,Maintenance,2025,12,December,Friday,0
2025-12-06,West Bengal,0.0,0.0,0.0,0.0,1943.0,25150.0,27093.0,2487.0,3522.0,6009.0,33102.0,100896618,0.0,33102.0,Maintenance,2025,12,December,Saturday,1
2025-12-07,West Bengal,0.0,0.0,0.0,0.0,1131.0,13459.0,14590.0,3240.0,4370.0,7610.0,22200.0,100896618,0.0,22200.0,Maintenance,2025,12,December,Sunday,1
2025-12-08,West Bengal,0.0,0.0,0.0,0.0,2825.0,40068.0,42893.0,4657.0,7889.0,12546.0,55439.0,100896618,0.0,55439.0,Maintenance,2025,12,December,Monday,0
2025-12-09,West Bengal,0.0,0.0,0.0,0.0,972.0,14710.0,15682.0,5267.0,7988.0,13255.0,28937.0,100896618,0.0,28937.0,Maintenance,2025,12,December,Tuesday,0
2025-12-10,West Bengal,0.0,0.0,0.0,0.0,2144.0,31813.0,33957.0,4978.0,6978.0,11956.0,45913.0,100896618,0.0,45913.0,Maintenance,2025,12,December,Wednesday,0
2025-12-11,West Bengal,0.0,0.0,0.0,0.0,2716.0,39364.0,42080.0,6066.0,7668.0,13734.0,55814.0,100896618,0.0,55814.0,Maintenance,2025,12,December,Thursday,0
2025-12-12,West Bengal,0.0,0.0,0.0,0.0,1703.0,24174.0,25877.0,6519.0,7331.0,13850.0,39727.0,100896618,0.0,39727.0,Maintenance,2025,12,December,Friday,0
2025-12-13,West Bengal,0.0,0.0,0.0,0.0,895.0,12297.0,13192.0,3409.0,3686.0,7095.0,20287.0,100896618,0.0,20287.0,Maintenance,2025,12,December,Saturday,1
2025-12-14,West Bengal,0.0,0.0,0.0,0.0,934.0,11556.0,12490.0,2410.0,2573.0,4983.0,17473.0,100896618,0.0,17473.0,Maintenance,2025,12,December,Sunday,1
2025-12-15,West Bengal,5076.0,1762.0,3140.0,9978.0,2748.0,35948.0,38696.0,3576.0,3938.0,7514.0,56188.0,100896618,0.0989,4.63,Growth,2025,12,December,Monday,0
2025-12-16,West Bengal,0.0,0.0,0.0,0.0,2088.0,28312.0,30400.0,9648.0,9215.0,18863.0,49263.0,100896618,0.0,49263.0,Maintenance,2025,12,December,Tuesday,0
2025-12-18,West Bengal,0.0,0.0,0.0,0.0,59.0,911.0,970.0,1768.0,1436.0,3204.0,4174.0,100896618,0.0,4174.0,Maintenance,2025,12,December,Thursday,0
2025-12-19,West Bengal,0.0,0.0,0.0,0.0,1712.0,21324.0,23036.0,8397.0,6991.0,15388.0,38424.0,100896618,0.0,38424.0,Maintenance,2025,12,December,Friday,0
2025-12-20,West Bengal,0.0,0.0,0.0,0.0,1519.0,18574.0,20093.0,2808.0,2503.0,5311.0,25404.0,100896618,0.0,25404.0,Maintenance,2025,12,December,Saturday,1
2025-12-21,West Bengal,1202.0,11.0,0.0,1213.0,1960.0,17954.0,19914.0,0.0,0.0,0.0,21127.0,100896618,0.012,16.4,Maintenance,2025,12,December,Sunday,1
2025-12-22,West Bengal,6570.0,32.0,1.0,6603.0,1965.0,25941.0,27906.0,0.0,0.0,0.0,34509.0,100896618,0.0654,4.23,Growth,2025,12,December,Monday,0
2025-12-23,West Bengal,1856.0,9.0,0.0,1865.0,1294.0,16180.0,17474.0,4.0,3.0,7.0,19346.0,100896618,0.0185,9.37,Maintenance,2025,12,December,Tuesday,0
2025-12-24,West Bengal,1406.0,654.0,93.0,2153.0,1049.0,13902.0,14951.0,0.0,0.0,0.0,17104.0,100896618,0.0213,6.94,Maintenance,2025,12,December,Wednesday,0
2025-12-25,West Bengal,1037.0,1255.0,44.0,2336.0,1862.0,19722.0,21584.0,6286.0,5820.0,12106.0,36026.0,100896618,0.0232,14.42,Maintenance,2025,12,December,Thursday,0
2025-12-26,West Bengal,2762.0,735.0,79.0,3576.0,2242.0,30354.0,32596.0,5920.0,7232.0,13152.0,49324.0,100896618,0.0354,12.79,Maintenance,2025,12,December,Friday,0
2025-12-27,West Bengal,1816.0,534.0,43.0,2393.0,1659.0,23889.0,25548.0,6714.0,6591.0,13305.0,41246.0,100896618,0.0237,16.23,Maintenance,2025,12,December,Saturday,1
2025-12-28,West Bengal,2317.0,376.0,41.0,2734.0,1347.0,14466.0,15813.0,3595.0,3618.0,7213.0,25760.0,100896618,0.0271,8.42,Maintenance,2025,12,December,Sunday,1
2025-12-29,West Bengal,8624.0,501.0,51.0,9176.0,1647.0,26378.0,28025.0,5466.0,5139.0,10605.0,47806.0,100896618,0.0909,4.21,Growth,2025,12,December,Monday,0
2025-12-31,West Bengal,3192.0,3452.0,98.0,6742.0,0.0,0.0,0.0,0.0,0.0,0.0,6742.0,100896618,0.0668,0.0,Growth,2025,12,December,Wednesday,0
2025-11-06,West Bengli,0.0,0.0,0.0,0.0,0.0,1.0,1.0,0.0,0.0,0.0,1.0,24435828,0.0,1.0,Growth,2025,11,November,Thursday,0
2025-12-02,West Bengli,0.0,0.0,0.0,0.0,0.0,2.0,2.0,0.0,0.0,0.0,2.0,24435828,0.0,2.0,Growth,2025,12,December,Tuesday,0
